dynasty,grid_lon,grid_lat,label,count,share
五代,105,30,"105-110E, 30-35N",24,0.25
五代,115,35,"115-120E, 35-40N",23,0.239583
五代,110,30,"110-115E, 30-35N",17,0.177083
五代,110,35,"110-115E, 35-40N",14,0.145833
五代,115,30,"115-120E, 30-35N",6,0.0625
五代,110,25,"110-115E, 25-30N",5,0.052083
五代,115,40,"115-120E, 40-45N",2,0.020833
五代,120,30,"120-125E, 30-35N",2,0.020833
五代,120,25,"120-125E, 25-30N",2,0.020833
五代,115,25,"115-120E, 25-30N",1,0.010417
元,115,25,"115-120E, 25-30N",4826,0.346995
元,120,30,"120-125E, 30-35N",2241,0.16113
元,120,25,"120-125E, 25-30N",1815,0.1305
元,110,35,"110-115E, 35-40N",1411,0.101452
元,115,35,"115-120E, 35-40N",970,0.069744
元,115,30,"115-120E, 30-35N",913,0.065646
元,110,25,"110-115E, 25-30N",640,0.046017
元,110,30,"110-115E, 30-35N",317,0.022793
元,105,30,"105-110E, 30-35N",306,0.022002
元,100,30,"100-105E, 30-35N",98,0.007046
元,100,20,"100-105E, 20-25N",97,0.006974
元,115,20,"115-120E, 20-25N",50,0.003595
元,105,25,"105-110E, 25-30N",36,0.002588
元,105,35,"105-110E, 35-40N",36,0.002588
元,120,40,"120-125E, 40-45N",35,0.002517
元,110,40,"110-115E, 40-45N",30,0.002157
元,110,20,"110-115E, 20-25N",24,0.001726
元,115,40,"115-120E, 40-45N",20,0.001438
元,100,35,"100-105E, 35-40N",19,0.001366
元,100,25,"100-105E, 25-30N",12,0.000863
元,105,20,"105-110E, 20-25N",5,0.00036
元,120,35,"120-125E, 35-40N",5,0.00036
元,85,40,"85-90E, 40-45N",2,0.000144
北宋,115,25,"115-120E, 25-30N",7680,0.235496
北宋,110,30,"110-115E, 30-35N",4623,0.141758
北宋,115,30,"115-120E, 30-35N",3980,0.122041
北宋,110,25,"110-115E, 25-30N",3717,0.113976
北宋,120,30,"120-125E, 30-35N",3387,0.103857
北宋,100,30,"100-105E, 30-35N",2985,0.091531
北宋,120,25,"120-125E, 25-30N",1895,0.058107
北宋,115,35,"115-120E, 35-40N",1506,0.046179
北宋,110,35,"110-115E, 35-40N",1347,0.041304
北宋,105,30,"105-110E, 30-35N",598,0.018337
北宋,115,20,"115-120E, 20-25N",425,0.013032
北宋,110,20,"110-115E, 20-25N",163,0.004998
北宋,100,25,"100-105E, 25-30N",156,0.004784
北宋,105,35,"105-110E, 35-40N",64,0.001962
北宋,105,25,"105-110E, 25-30N",42,0.001288
北宋,120,35,"120-125E, 35-40N",11,0.000337
北宋,110,40,"110-115E, 40-45N",11,0.000337
北宋,100,35,"100-105E, 35-40N",9,0.000276
北宋,115,40,"115-120E, 40-45N",6,0.000184
北宋,105,20,"105-110E, 20-25N",3,9.2e-05
北宋,100,20,"100-105E, 20-25N",1,3.1e-05
北宋,120,40,"120-125E, 40-45N",1,3.1e-05
北宋,110,15,"110-115E, 15-20N",1,3.1e-05
北宋,105,15,"105-110E, 15-20N",1,3.1e-05
南宋,115,25,"115-120E, 25-30N",9172,0.510747
南宋,120,25,"120-125E, 25-30N",3513,0.195623
南宋,100,30,"100-105E, 30-35N",1450,0.080744
南宋,120,30,"120-125E, 30-35N",1065,0.059305
南宋,115,30,"115-120E, 30-35N",948,0.05279
南宋,110,25,"110-115E, 25-30N",743,0.041374
南宋,110,30,"110-115E, 30-35N",244,0.013587
南宋,115,20,"115-120E, 20-25N",187,0.010413
南宋,115,35,"115-120E, 35-40N",149,0.008297
南宋,105,30,"105-110E, 30-35N",141,0.007852
南宋,110,20,"110-115E, 20-25N",114,0.006348
南宋,110,35,"110-115E, 35-40N",110,0.006125
南宋,100,25,"100-105E, 25-30N",84,0.004678
南宋,105,25,"105-110E, 25-30N",29,0.001615
南宋,105,35,"105-110E, 35-40N",6,0.000334
南宋,100,35,"100-105E, 35-40N",3,0.000167
唐,110,30,"110-115E, 30-35N",5524,0.272521
唐,105,30,"105-110E, 30-35N",3934,0.19408
唐,110,35,"110-115E, 35-40N",3108,0.15333
唐,115,30,"115-120E, 30-35N",2470,0.121855
唐,115,35,"115-120E, 35-40N",1966,0.096991
唐,120,30,"120-125E, 30-35N",1194,0.058905
唐,115,25,"115-120E, 25-30N",805,0.039714
唐,110,25,"110-115E, 25-30N",536,0.026443
唐,110,20,"110-115E, 20-25N",269,0.013271
唐,100,30,"100-105E, 30-35N",122,0.006019
唐,120,25,"120-125E, 25-30N",96,0.004736
唐,115,20,"115-120E, 20-25N",74,0.003651
唐,105,35,"105-110E, 35-40N",62,0.003059
唐,100,35,"100-105E, 35-40N",62,0.003059
唐,115,40,"115-120E, 40-45N",18,0.000888
唐,80,40,"80-85E, 40-45N",14,0.000691
唐,120,40,"120-125E, 40-45N",4,0.000197
唐,100,25,"100-105E, 25-30N",4,0.000197
唐,110,15,"110-115E, 15-20N",4,0.000197
唐,95,40,"95-100E, 40-45N",2,9.9e-05
唐,105,40,"105-110E, 40-45N",2,9.9e-05
明,120,30,"120-125E, 30-35N",18046,0.302826
明,115,25,"115-120E, 25-30N",11173,0.187492
明,115,30,"115-120E, 30-35N",5588,0.093771
明,115,35,"115-120E, 35-40N",4465,0.074926
明,120,25,"120-125E, 25-30N",4005,0.067207
明,110,30,"110-115E, 30-35N",3924,0.065848
明,110,25,"110-115E, 25-30N",3283,0.055091
明,110,35,"110-115E, 35-40N",2375,0.039854
明,115,20,"115-120E, 20-25N",2095,0.035156
明,105,30,"105-110E, 30-35N",1982,0.033259
明,110,20,"110-115E, 20-25N",1145,0.019214
明,105,25,"105-110E, 25-30N",701,0.011763
明,100,25,"100-105E, 25-30N",172,0.002886
明,105,35,"105-110E, 35-40N",158,0.002651
明,100,30,"100-105E, 30-35N",138,0.002316
明,120,35,"120-125E, 35-40N",92,0.001544
明,100,20,"100-105E, 20-25N",77,0.001292
明,100,35,"100-105E, 35-40N",36,0.000604
明,120,40,"120-125E, 40-45N",32,0.000537
明,105,20,"105-110E, 20-25N",29,0.000487
明,115,40,"115-120E, 40-45N",27,0.000453
明,110,40,"110-115E, 40-45N",23,0.000386
明,110,15,"110-115E, 15-20N",16,0.000268
明,95,25,"95-100E, 25-30N",8,0.000134
明,85,40,"85-90E, 40-45N",2,3.4e-05
