dynasty,addr_chn,count,avg_lat,median_lat
宋,開封,337,34.785477,34.785477
宋,吳縣,162,31.31271,31.31271
宋,洛陽,126,34.665276,34.665276
宋,錢塘,94,30.294125,30.294125
宋,鄞縣,61,29.866316,29.866316
宋,臨安府,52,30.294125,30.294125
宋,金華,52,29.104712,29.104712
宋,烏程,45,30.864964,30.864964
宋,臨海,43,28.843132,28.843132
宋,丹徒,37,32.206489563,32.206489563
宋,廬陵,37,27.103239,27.103239
宋,莆田,35,25.433954,25.433954
宋,常熟,33,31.646582,31.646582
宋,侯官,28,26.073953999999997,26.073954
宋,晉江,28,24.909641,24.909641
宋,臨川,28,27.984781,27.984781
宋,長洲,28,31.31271,31.31271
宋,閩縣,28,26.073953999999997,26.073954
宋,永嘉,27,28.018291,28.018291
宋,丹陽,26,31.995802,31.995802
宋,崑山,26,31.386108398,31.386108398
宋,會稽,26,30.004515,30.004515
宋,武進,25,31.782784000000003,31.782784
宋,江寧,25,32.052563,32.052563
宋,開封府,24,34.785477,34.785477
宋,嘉興,23,30.767469000000002,30.767469
宋,浦城,23,27.924686,27.924686
宋,福清,22,25.727917,25.727917
宋,須城,22,35.956072,35.956072
宋,山陰,21,30.004515,30.004515
宋,長安,21,34.246423,34.246423
宋,長樂,21,25.670168999999998,25.959837
宋,宜興,20,31.363638,31.363638
宋,安陽,18,36.098343,36.098343
宋,清江,18,28.015566,28.015566
宋,長社,18,34.031391,34.031391
宋,天台,17,29.138258,29.138258
宋,宛邱,16,33.73398,33.73398
宋,建安,16,27.038864,27.038864
宋,歸安,16,30.864964,30.864964
宋,陽曲,16,38.08202,38.08202
宋,餘姚,16,30.049067,30.049067
宋,餘杭,16,30.27177,30.27177
宋,宋城,15,34.447662,34.447662
宋,建陽,15,27.33988,27.33988
宋,汝陽,15,33.007538,33.007538
宋,江都,15,32.39127,32.39127
宋,華亭,15,31.009476,31.009476
宋,雍邱,15,34.49547,34.49547
宋,黃巖,15,28.642613,28.642613
宋,上虞,14,29.952654,29.952654
宋,仙遊,14,25.364557266,25.364557266
宋,奉化,14,29.651657,29.651657
宋,華陽,14,30.650385,30.650385
宋,鎮江府,14,32.20649,32.20649
宋,長溪,14,26.883463,26.883463
宋,上饒,13,28.450691,28.450691
宋,上黨,13,36.183537,36.183537
宋,平江府,13,31.31271,31.31271
宋,成都,13,30.650385000000004,30.650385
宋,樂清,13,28.130676,28.130676
宋,歙縣,13,29.86577,29.86577
宋,歷陽,13,31.714224,31.714224
宋,眉山,13,30.050497,30.050497
宋,紹興府,13,30.004515,30.004515
宋,邵武,13,27.337692,27.337692
宋,金壇,13,31.746978759999998,31.74697876
宋,鉅野,13,35.396209717,35.396209717
宋,懷安,12,26.093738556,26.093738556
宋,武義,12,28.895449,28.895449
宋,永福,12,25.867622,25.867622
宋,海鹽,12,30.517859,30.517859
宋,福州,12,26.073954,26.073954
宋,管城,12,34.758076,34.758076
宋,衢州,12,28.956821441999995,28.956821442
宋,吉水,11,27.214366999999996,27.214367
宋,吳江,11,31.167065,31.167065
宋,婺源,11,29.244728,29.244728
宋,崇安,11,27.756025,27.756025
宋,新淦,11,27.759735,27.759735
宋,東陽,11,29.260567,29.260567
宋,浦江,11,29.458708,29.458708
宋,海陵,11,32.495872,32.495872
宋,溧陽,11,31.430706,31.430706
宋,連江,11,26.198015,26.198015
宋,龍泉,11,28.082565,28.082565
宋,南豐,10,27.214306,27.214306
宋,宣城,10,30.946941,30.946941
宋,江陵,10,30.350445,30.350445
宋,湖州,10,30.864963531,30.864963531
宋,鉛山,10,28.208446,28.208446
宋,長沙,10,28.198198,28.198198
宋,長興,10,31.013893000000003,31.013893
宋,麗水,10,28.448732,28.448732
宋,仙居,9,29.210671555555557,28.852207
宋,台州,9,28.843132019000002,28.843132019
宋,崇德,9,30.530447,30.530447
宋,明州,9,29.866315842,29.866315842
宋,星子,9,29.453486000000005,29.453486
宋,楚丘,9,34.704596,34.704596
宋,樂平,9,28.964994000000004,28.964994
宋,歷城,9,36.650131226,36.650131226
宋,江山,9,28.735312000000004,28.735312
宋,蘭溪,9,29.204453,29.204453
宋,諸暨,9,29.713137,29.713137
宋,豐城,9,28.197754,28.197754
宋,休寧,8,29.781190872,29.781190872
宋,偃師,8,34.720623,34.720623
宋,南城,8,27.559717,27.559717
宋,建德,8,29.544481,29.544481
宋,弋陽,8,28.401876,28.401876
宋,德清,8,30.553133,30.553133
宋,新喻,8,27.804075,27.804075
宋,朐山,8,34.582213,34.582213
宋,衡山,8,27.245646,27.245646
宋,都昌,8,29.272564,29.272564
宋,青神,8,29.837276,29.837276
宋,下蔡,7,32.705585,32.705585
宋,元城,7,36.275528,36.275528
宋,南昌,7,28.674896,28.674896
宋,合肥,7,31.864456,31.864456
宋,宜春,7,27.791904,27.791904
宋,建康府,7,32.052563,32.052563
宋,新建,7,28.674896,28.674896
宋,新鄭,7,34.397324,34.397324
宋,永安,7,34.69323,34.69323
宋,河南府,7,34.665275574,34.665275574
宋,潤州,7,32.206489563,32.206489563
宋,無錫,7,31.574614,31.574614
宋,益都,7,36.69748,36.69748
宋,義烏,7,29.300087,29.300087
宋,臨安,7,30.318827,30.318827
宋,莘縣,7,36.236708,36.236708
宋,衡陽,7,26.901617000000005,26.901617
宋,西安,7,28.956821,28.956821
宋,陳留,7,34.673195,34.673195
宋,高安,7,28.425598,28.425598
宋,仁壽,6,30.004446,30.004446
宋,任城,6,35.410431,35.410431
宋,信州,6,28.450691222999996,28.450691223
宋,劍浦,6,26.642174,26.642174
宋,平陽,6,27.675718,27.675718
宋,徽州,6,29.86577,29.86577
宋,成紀,6,34.5853,34.5853
宋,揚州,6,32.39127,32.39127
宋,武康,6,30.550453,30.550453
宋,永康,6,28.897268,28.897268
宋,江州,6,29.722364426,29.722364426
宋,江陰,6,31.90877,31.90877
宋,洪州,6,28.67489624,28.67489624
宋,溫州,6,28.018291473,28.018291473
宋,綿竹,6,31.342484,31.342484
宋,華陰,6,34.56831,34.56831
宋,蒲江,6,30.214197,30.214197
宋,蕭山,6,30.161488000000002,30.161488
宋,蘇州,6,31.312709808000005,31.312709808
宋,貴池,6,30.654661,30.654661
宋,進賢,6,28.364485,28.364485
宋,鄄城,6,35.61019,35.61019
宋,青田,6,28.143874999999998,28.143875
宋,餘干,6,28.691545,28.691545
宋,[未詳],5,,
宋,北海,5,36.702705,36.702705
宋,嚴州,5,29.544481,29.544481
宋,婺州,5,29.104711533,29.104711533
宋,安吉,5,30.744599,30.744599
宋,安陸,5,31.263714,31.263714
宋,山陽,5,33.502789,33.502789
宋,常山,5,28.908663999999998,28.903732
宋,平棘,5,37.752926,37.752926
宋,慈溪,5,29.979194999999997,29.979195
宋,揚子,5,32.267544,32.267544
宋,昌國,5,30.01516,30.01516
宋,杭州,5,30.294124603,30.294124603
宋,東明,5,34.92438,34.92438
宋,松陽,5,28.450747999999997,28.450748
宋,永豐,5,27.545385800000002,27.322115
宋,江寧府,5,32.052563,32.052563
宋,河內,5,35.089302,35.089302
宋,泰州,5,32.495872,32.495872
宋,浚儀,5,34.785477,34.785477
宋,濟源,5,35.092437744,35.092437744
宋,濟陰,5,34.990951,34.990951
宋,瑞安,5,27.790512,27.790512
宋,甌寧,5,27.038864136,27.038864136
宋,真定,5,38.14011,38.14011
宋,祥符,5,34.785477,34.785477
宋,秀州,5,30.767469,30.767469
宋,處州,5,28.448732376,28.448732376
宋,襄陽,5,32.026524,32.026524
宋,郪縣,5,31.09462,31.09462
宋,鄱陽,5,28.994166999999997,28.994167
宋,陽翟,5,34.162491,34.162491
宋,饒州,5,28.994167327999996,28.994167328
宋,上元,4,32.052563,32.052563
宋,上蔡,4,33.264837,33.264837
宋,分寧,4,29.038708,29.038708
宋,南安,4,24.953764,24.953764
宋,博平,4,36.628897,36.628897
宋,古田,4,26.60171,26.60171
宋,吉州,4,27.103239059,27.103239059
宋,大名,4,36.24564,36.24564
宋,始興,4,30.18062225,24.945763
宋,安福,4,27.382462,27.382462
宋,將樂,4,26.720821,26.720821
宋,崞縣,4,38.88332,38.88332
宋,嵊縣,4,29.58749,29.58749
宋,德安,4,29.330564,29.330564
宋,德興,4,28.953411,28.953411
宋,懷寧,4,30.630346,30.630346
宋,成都府,4,30.650384903,30.650384903
宋,晉原,4,30.636564,30.636564
宋,東光,4,37.884556,37.884556
宋,桐城,4,31.05228,31.05228
宋,桐廬,4,29.802457809,29.802457809
宋,永興,4,28.906081,29.83013
宋,池州,4,30.654661179,30.654661179
宋,河陽,4,34.840869,34.840869
宋,泉州,4,24.909641266,24.909641266
宋,浮梁,4,29.382742,29.382742
宋,溧水,4,31.656557,31.656557
宋,玉山,4,28.679602,28.679602
宋,番禺,4,23.134624,23.134624
宋,眉州,4,30.05050087,30.05050087
宋,羅源,4,26.490908,26.490908
宋,膚施,4,36.591808,36.591808
宋,蘄春,4,30.30481,30.30481
宋,襄邑,4,34.430504,34.430504
宋,譙縣,4,33.879292,33.879292
宋,贛縣,4,25.847,25.847
宋,越州,4,30.004514694,30.004514694
宋,通川,4,31.226969,31.226969
宋,遂安,4,29.480773,29.480773
宋,郫縣,4,30.807074,30.807074
宋,鄭縣,4,34.519627,34.519627
宋,金谿,4,27.910084,27.910084
宋,雙流,4,30.579893,30.579893
宋,靈壽,4,38.30547,38.30547
宋,靜海,4,32.010471,32.010471
宋,順昌,4,26.797091,26.797091
宋,高郵,4,32.79071,32.79071
宋,龍溪,4,24.511744,24.511744
宋,井研,3,29.658509999999996,29.65851
宋,京山,3,31.024815,31.024815
宋,亳州,3,33.879291534,33.879291534
宋,信都,3,37.565983,37.565983
宋,共城,3,35.458675,35.458675
宋,南充,3,30.819111000000003,30.819111
宋,南劍州,3,26.642173767,26.642173767
宋,合州,3,30.00394,30.00394
宋,同安,3,24.736046,24.736046
宋,壽光,3,36.879799,36.879799
宋,夏縣,3,35.137451,35.137451
宋,大興,3,39.931427002,39.931427002
宋,太和,3,26.792103,26.792103
宋,太平,3,30.298552,30.298552
宋,奉新,3,28.70723,28.70723
宋,定陶,3,35.089468,35.089468
宋,密州,3,35.993354797,35.993354797
宋,峨眉,3,29.60173,29.60173
宋,崇仁,3,27.75564,27.75564
宋,常州,3,31.782783508000005,31.782783508
宋,建昌,3,29.087832000000002,29.087832
宋,建昌軍,3,27.559716999999996,27.559717
宋,彭城,3,34.269634,34.269634
宋,彭山,3,30.200752000000005,30.200752
宋,徐州,3,39.019436,39.019436
宋,惠州,3,23.089792,23.089792
宋,成武,3,34.962231,34.962231
宋,新州,3,22.702915191999995,22.702915192
宋,新昌,3,29.494654,29.494654
宋,析津,3,39.91423,39.91423
宋,永新,3,26.945564,26.945564
宋,汀州,3,25.833381653,25.833381653
宋,汝陰,3,32.903057,32.903057
宋,河中府,3,34.835129,34.835129
宋,泗州,3,33.023403168,33.023403168
宋,海州,3,34.582214355,34.582214355
宋,涇縣,3,30.68671,30.68671
宋,湖口,3,29.734993,29.734993
宋,漳州,3,24.511744000000004,24.511744
宋,潞州,3,36.183537,36.183537
宋,潭州,3,28.198198,28.198198
宋,熙州,3,35.379146576,35.379146576
宋,獲鹿,3,38.083111,38.083111
宋,當塗,3,31.555685,31.555685
宋,禹城,3,36.94436,36.94436
宋,筠州,3,28.425597999999997,28.425598
宋,聞喜,3,35.357723,35.357723
宋,臨清,3,36.858692,36.858692
宋,臨邛,3,30.41659,30.41659
宋,華北平原/中原,3,,
宋,葉縣,3,33.500148,33.500148
宋,虞城,3,34.510823,34.510823
宋,襄城,3,33.853691,33.853691
宋,貴溪,3,28.287901,28.287901
宋,贛州,3,25.846999999999998,25.847
宋,遂寧,3,30.194462,30.194462
宋,郿縣,3,34.478271,34.478271
宋,鄂州,3,30.573669434,30.573669434
宋,金鄉,3,35.068165,35.068165
宋,釜陽,3,36.359043,36.359043
宋,長垣,3,35.147162,35.147162
宋,長汀,3,25.833381653,25.833381653
宋,長葛,3,34.229904,34.229904
宋,閩清,3,26.213224,26.213224
宋,閬中,3,31.583160000000003,31.58316
宋,青州,3,36.69748,36.69748
宋,韋城,3,35.418397,35.418397
宋,魚陽,3,40.20562,40.20562
宋,鹽官,3,30.40628,30.40628
宋,黃岡,3,30.446986999999996,30.446987
宋,黃州,3,30.446989059,30.446989059
宋,三水,2,35.190163,35.190163
宋,中江,2,31.044277,31.044277
宋,仁和,2,30.294125,30.294125
宋,保昌,2,25.118843,25.118843
宋,修武,2,35.231197,35.231197
宋,南康軍,2,29.453486,29.453486
宋,南鄭,2,33.076485,33.076485
宋,南陽,2,33.001678,33.001678
宋,句容,2,31.946535,31.946535
宋,同谷,2,33.7434,33.7434
宋,名山,2,30.094233,30.094233
宋,和州,2,31.714223862,31.714223862
宋,咸平,2,34.475006,34.475006
宋,商河,2,37.308677673,37.308677673
宋,壽昌,2,29.369589,29.369589
宋,天興,2,34.522518,34.522518
宋,如皋,2,32.384022,32.384022
宋,安仁,2,28.40443,28.40443
宋,安岳,2,30.112699509,30.112699509
宋,安平,2,38.230526,38.230526
宋,安豐,2,32.334127,32.334127
宋,安邱,2,36.42905,36.42905
宋,定州,2,38.520061,38.520061
宋,定海,2,29.953701,29.953701
宋,宜賓,2,28.774831772,28.774831772
宋,宜黃,2,27.546391,27.546391
宋,宣化軍,2,,
宋,寧化,2,38.642059,38.642059
宋,寧國府,2,30.946941,30.946941
宋,寧浦,2,22.6792,22.6792
宋,寧海,2,29.283617,29.283617
宋,尉氏,2,34.413452148,34.413452148
宋,小溪,2,30.503918,30.503918
宋,岳州,2,29.371259689,29.371259689
宋,巴陵,2,29.37126,29.37126
宋,平江,2,28.709812,28.709812
宋,幽州,2,39.8768,39.8768
宋,廬江,2,31.253363,31.253363
宋,延州,2,36.591808319,36.591808319
宋,延陵,2,31.882374,31.882374
宋,建寧府,2,27.038864,27.038864
宋,德順軍,2,35.617,35.617
宋,懷安軍,2,30.722631454,30.722631454
宋,新平,2,35.039658,35.039658
宋,新鄉,2,35.309940338,35.309940338
宋,晉城,2,35.504318,35.504318
宋,東莞,2,22.545151,22.545151
宋,武昌,2,30.402718,30.402718
宋,武邑,2,37.805992,37.805992
宋,武陵,2,29.034807,29.034807
宋,永城,2,33.93945694,33.93945694
宋,永州,2,26.210338593,26.210338593
宋,永年,2,36.701031,36.701031
宋,江陰軍,2,31.90877,31.90877
宋,江陵府,2,30.350445,30.350445
宋,河南,2,34.665276,34.665276
宋,河東,2,34.835129,34.835129
宋,河清,2,34.934486,34.934486
宋,河間,2,38.435699,38.435699
宋,泌陽,2,32.697708,32.697708
宋,泗水,2,35.6597,35.6597
宋,洪雅,2,29.911529,29.911529
宋,洺州,2,36.701031,36.701031
宋,海門,2,31.842256,31.842256
宋,海陽,2,23.667706,23.667706
宋,淄川,2,36.635994,36.635994
宋,清海軍節度,2,,
宋,滁州,2,32.316993713,32.316993713
宋,漢陽,2,30.552242,30.552242
宋,潁州,2,32.903057,32.903057
宋,澤州,2,38.253089,38.253089
宋,濠州,2,32.901634216,32.901634216
宋,濮陽,2,35.650175,35.650175
宋,營道,2,25.531357,25.531357
宋,犍為,2,29.209244,29.209244
宋,狄道,2,35.379147,35.379147
宋,白石,2,32.118898,32.118898
宋,盂縣,2,38.090957642,38.090957642
宋,盧氏,2,34.052612,34.052612
宋,盱眙,2,33.023403168,33.023403168
宋,真寧,2,35.3521,35.3521
宋,真州,2,32.267544,32.267544
宋,石埭,2,30.374228,30.374228
宋,磐石,2,29.784748,29.784748
宋,祁門,2,29.854147,29.854147
宋,章丘,2,36.785534999999996,36.785534999999996
宋,縉雲,2,28.648392,28.648392
宋,膠水,2,36.788235,36.788235
宋,臨朐,2,36.510247,36.510247
宋,臨沂,2,35.07156,35.07156
宋,臨潁,2,33.85149,33.85149
宋,臨邑,2,36.927304,36.927304
宋,興道,2,33.221088,33.221088
宋,范陽,2,39.487221,39.487221
宋,萬泉,2,35.36078,35.36078
宋,蓬萊,2,37.804516,37.804516
宋,蕪湖,2,31.334949,31.334949
宋,薊州,2,40.043861389,40.043861389
宋,蘄州,2,30.062502,30.062502
宋,衛州,2,35.41038,35.41038
宋,襄州,2,32.026519775,32.026519775
宋,襄陽府,2,32.026521887499996,32.026521887499996
宋,豫章郡,2,,
宋,資州,2,29.784748077,29.784748077
宋,遂昌,2,28.587894,28.587894
宋,郢州,2,31.169830322,31.169830322
宋,鄭州,2,34.758075714,34.758075714
宋,長壽,2,31.169827,31.169827
宋,開化,2,29.14485,29.14485
宋,閬州,2,31.58316,31.58316
宋,陝西路,2,,
宋,陽安,2,30.403244,30.403244
宋,隨縣,2,31.715105,31.715105
宋,雷州,2,20.901958,20.901958
宋,青陽,2,30.636639,30.636639
宋,項城,2,33.397488,33.397488
宋,高苑,2,37.094288,37.094288
宋,鼎州,2,29.034807,29.034807
宋,齊州,2,36.6646,36.6646
宋,上高,1,28.241369,28.241369
宋,下邑,1,34.237991,34.237991
宋,中山,1,,
宋,中都,1,35.728807,35.728807
宋,丹稜,1,30.02619,30.02619
宋,乘氏,1,35.250252,35.250252
宋,乾封,1,36.107609,36.107609
宋,五國,1,45.87506,45.87506
宋,五臺,1,38.71900177,38.71900177
宋,京畿路,1,,
宋,仙源,1,35.597553,35.597553
宋,保平軍節度,1,,
宋,信豐,1,25.378399,25.378399
宋,光澤,1,27.539524,27.539524
宋,內黃,1,35.921836,35.921836
宋,全州,1,25.931814,25.931814
宋,全椒,1,32.098347,32.098347
宋,冀州,1,37.565983,37.565983
宋,冠氏,1,36.472101,36.472101
宋,分宜,1,27.767023,27.767023
宋,剡縣,1,29.58749,29.58749
宋,化城,1,31.8486,31.8486
宋,千乘,1,37.049801,37.049801
宋,南恩州,1,21.845419,21.845419
宋,南樂,1,36.077473,36.077473
宋,南海,1,23.134624,23.134624
宋,南頓,1,33.444226,33.444226
宋,博野,1,38.457569,38.457569
宋,原武,1,34.994549,34.994549
宋,咸寧,1,29.892479,29.892479
宋,善化,1,28.198198,28.198198
宋,單父,1,34.797901,34.797901
宋,嘉興府,1,30.767469,30.767469
宋,四會,1,23.348709,23.348709
宋,固始,1,32.18354,32.18354
宋,均州,1,32.668151855,32.668151855
宋,坊州,1,35.57102,35.57102
宋,堯山,1,37.339809,37.339809
宋,增城,1,23.35006,23.35006
宋,壽州,1,32.705585,32.705585
宋,夏津,1,36.949275,36.949275
宋,夔州,1,31.054750443,31.054750443
宋,夔州路,1,31.054750443,31.054750443
宋,大同,1,40.092838287,40.092838287
宋,天水,1,34.2496,34.2496
宋,太原府,1,37.873753,37.873753
宋,太平州,1,31.555685,31.555685
宋,太康,1,34.063873,34.063873
宋,太湖,1,30.420059,30.420059
宋,夷陵,1,30.704227,30.704227
宋,夾江,1,29.74136,29.74136
宋,奉化州,1,29.651657104,29.651657104
宋,奉符,1,36.182097,36.182097
宋,孝義,1,37.143234,37.143234
宋,安化,1,28.160977,28.160977
宋,安次,1,39.54152,39.54152
宋,定胡,1,37.551552,37.551552
宋,宜城,1,31.710701,31.710701
宋,宜州,1,24.49073,24.49073
宋,宣化,1,28.9612,28.9612
宋,富義,1,28.5,28.5
宋,富陽,1,30.053434,30.053434
宋,富順監,1,29.1883,29.1883
宋,寧國,1,30.619968,30.619968
宋,寧德,1,26.661217,26.661217
宋,寧都,1,26.466515,26.466515
宋,寧鄉,1,28.2593,28.2593
宋,寶塞,1,38.83195,38.83195
宋,寶雞,1,34.38187,34.38187
宋,封州,1,23.400047,23.400047
宋,將陵,1,37.450664,37.450664
宋,峽州,1,30.704227,30.704227
宋,崇安場,1,27.76633,27.76633
宋,崇寧,1,30.926973343,30.926973343
宋,崇陽,1,29.548801,29.548801
宋,巴州,1,31.849014282,31.849014282
宋,平南,1,23.54998,23.54998
宋,平原,1,37.156743,37.156743
宋,平山,1,38.252403,38.252403
宋,平陰,1,36.286934,36.286934
宋,并州,1,37.67847,37.67847
宋,廉州,1,21.670145,21.670145
宋,廣信軍,1,39.048157,39.048157
宋,廣南西路,1,25.28006,25.28006
宋,廣州,1,23.134624481,23.134624481
宋,廣德,1,30.894686,30.894686
宋,廣濟軍,1,35.1051,35.1051
宋,廣陵,1,32.39127,32.39127
宋,廬州,1,31.864456177,31.864456177
宋,延川,1,36.879646301,36.879646301
宋,建安軍,1,32.267544,32.267544
宋,循州,1,24.060003,24.060003
宋,德陽,1,31.132372,31.132372
宋,忻州,1,38.39855957,38.39855957
宋,惠安,1,25.022078,25.022078
宋,慈州,1,36.095631,36.095631
宋,應城,1,30.946003,30.946003
宋,應天府,1,34.447662354,34.447662354
宋,懷仁,1,34.89666,34.89666
宋,戎州,1,28.77483,28.77483
宋,扶溝,1,34.060081,34.060081
宋,承縣,1,34.770003,34.770003
宋,掖縣,1,37.17543,37.17543
宋,撫州,1,27.984781265,27.984781265
宋,敘州,1,28.774831772,28.774831772
宋,文安,1,38.864807,38.864807
宋,新化,1,28.009674,28.009674
宋,新吳,1,28.741196,28.741196
宋,新城,1,29.970999,29.970999
宋,新安,1,34.733059,34.733059
宋,新會,1,22.526581,22.526581
宋,新秦,1,38.8771,38.8771
宋,方義,1,30.503918,30.503918
宋,日南,1,,
宋,昌化軍,1,19.748701,19.748701
宋,昌州,1,29.71147,29.71147
宋,昭州,1,24.635727,24.635727
宋,晉寧軍,1,38.023292542,38.023292542
宋,晉陵,1,31.782784,31.782784
宋,普州,1,30.1123,30.1123
宋,曲江,1,24.810209,24.810209
宋,曲阜,1,35.597553,35.597553
宋,朝邑,1,34.789036,34.789036
宋,束鹿,1,37.84853363,37.84853363
宋,東阿,1,36.16054,36.16054
宋,松溪,1,27.528404,27.528404
宋,松滋,1,30.345695,30.345695
宋,果州,1,30.819111,30.819111
宋,桂陽,1,24.779701,24.779701
宋,桃源,1,28.901598,28.901598
宋,梓州路,1,31.09462,31.09462
宋,棗陽,1,32.132023,32.132023
宋,楚州,1,33.502788544,33.502788544
宋,榮陽,1,34.78683,34.78683
宋,樂陵,1,37.824689,37.824689
宋,樓煩,1,38.096657,38.096657
宋,橫州,1,22.692957,22.692957
宋,歙州,1,29.86577,29.86577
宋,正平,1,35.616409,35.616409
宋,武威軍節度,1,,
宋,武寧,1,29.277487,29.277487
宋,武岡,1,26.730705,26.730705
宋,武德,1,35.03095,35.03095
宋,武陟,1,35.056087494,35.056087494
宋,水洛城,1,,
宋,永春,1,25.32579,25.32579
宋,汜水,1,34.848579,34.848579
宋,汝州,1,34.161762238,34.161762238
宋,江南東路,1,,
宋,江南西路,1,,
宋,江津,1,29.27299,29.27299
宋,江華,1,25.113683,25.113683
宋,汲縣,1,35.410385,35.410385
宋,汾州,1,37.263401031,37.263401031
宋,汾西,1,36.650539,36.650539
宋,沅陵,1,28.458191,28.458191
宋,沙縣,1,26.39761,26.39761
宋,沭陽,1,34.134148,34.134148
宋,泰寧,1,26.898485,26.898485
宋,流江,1,30.844326,30.844326
宋,涇州,1,35.256145477,35.256145477
宋,涪陵,1,29.702776,29.702776
宋,淳安,1,29.612287,29.612287
宋,清河,1,37.067805,37.067805
宋,清流,1,32.316994,32.316994
宋,清湘,1,25.931814,25.931814
宋,清源,1,37.557182,37.557182
宋,渠江,1,30.47769,30.47769
宋,渤海,1,37.36813,37.36813
宋,渭南,1,34.502998,34.502998
宋,湘潭,1,27.704017,27.704017
宋,湘鄉,1,27.737248,27.737248
宋,湘陰,1,28.60332,28.60332
宋,湟州,1,36.4605,36.4605
宋,溫縣,1,34.938118,34.938118
宋,漢源,1,29.585054,29.585054
宋,漢陽軍,1,30.552242,30.552242
宋,潮陽,1,23.260954,23.260954
宋,澧州,1,29.640152,29.640152
宋,濟南府,1,36.650131226,36.650131226
宋,濟州,1,36.39659,36.39659
宋,瀏陽,1,28.149572,28.149572
宋,瀘川,1,28.884363,28.884363
宋,火井,1,30.398863,30.398863
宋,無極,1,38.176727,38.176727
宋,瓊山,1,19.762594,19.762594
宋,登州,1,32.684825897,32.684825897
宋,益州,1,44.86015,44.86015
宋,監利,1,29.815758,29.815758
宋,盧陽,1,27.447302,27.447302
宋,盩厔,1,34.171139,34.171139
宋,真定府,1,38.14011,38.14011
宋,真源,1,33.860767,33.860767
宋,睦州,1,29.544481277,29.544481277
宋,石照,1,30.003943,30.003943
宋,祁縣,1,37.353817,37.353817
宋,祁陽,1,26.579952,26.579952
宋,稷山,1,35.602161,35.602161
宋,穀城,1,32.26936,32.26936
宋,穎陽,1,34.417,34.417
宋,端州,1,23.056921005,23.056921005
宋,符離,1,33.642368,33.642368
宋,簡州,1,30.403244019,30.403244019
宋,絳州,1,35.616409,35.616409
宋,絳縣,1,35.489243,35.489243
宋,緱氏,1,34.616016,34.616016
宋,績溪,1,30.077772141,30.077772141
宋,翼城,1,35.738762,35.738762
宋,考城,1,34.681436,34.681436
宋,肥鄉,1,36.552029,36.552029
宋,胙城,1,35.24676,35.24676
宋,臨城,1,37.439831,37.439831
宋,臨桂,1,25.28006,25.28006
宋,臨江軍,1,28.015566,28.015566
宋,臨汾,1,36.078037,36.078037
宋,臨潼,1,34.368350983,34.368350983
宋,興元府,1,33.07648468,33.07648468
宋,興國,1,26.321701,26.321701
宋,興國軍,1,29.83013,29.83013
宋,舒州,1,30.630346298,30.630346298
宋,荊湖南路,1,,
宋,荊門軍,1,31.028728,31.028728
宋,萊州,1,37.175430298,37.175430298
宋,萍鄉,1,27.631424,27.631424
宋,萬年,1,34.317987,34.317987
宋,蒙城,1,33.268639,33.268639
宋,蔡州,1,33.00754,33.00754
宋,蕩陰,1,35.925518036,35.925518036
宋,藤州,1,23.373119,23.373119
宋,蘆山,1,30.15958,30.15958
宋,虔州,1,25.847000122,25.847000122
宋,虞鄉,1,34.859409,34.859409
宋,蜀州,1,30.63656,30.63656
宋,衛南,1,35.554739,35.554739
宋,衡州,1,26.90161705,26.90161705
宋,袁州,1,27.794266,27.794266
宋,西和州,1,34.020363,34.020363
宋,西城,1,32.693626,32.693626
宋,西夏,1,38.493122101,38.493122101
宋,西平,1,33.384105,33.384105
宋,觀城,1,35.944084,35.944084
宋,許州,1,34.031391144,34.031391144
宋,許田,1,34.165859,34.165859
宋,諸城,1,35.993355,35.993355
宋,豐縣,1,34.703617,34.703617
宋,象山,1,29.474428,29.474428
宋,象州,1,23.958056,23.958056
宋,貝州,1,37.067810059,37.067810059
宋,贊皇,1,37.662655,37.662655
宋,通城,1,29.261196,29.261196
宋,通泉,1,30.769575,30.769575
宋,道州,1,25.531356812,25.531356812
宋,邕州,1,22.806145,22.806145
宋,邛州,1,30.416589737,30.416589737
宋,邢州,1,37.066357,37.066357
宋,郃陽,1,35.242584,35.242584
宋,郴縣,1,25.802719,25.802719
宋,郾城,1,33.596268,33.596268
宋,鄆州,1,35.956073761,35.956073761
宋,鄜州,1,35.546348572,35.546348572
宋,鄧城,1,32.088126,32.088126
宋,鄰水,1,30.424871,30.424871
宋,醴陵,1,27.668518,27.668518
宋,金堂,1,30.857916,30.857916
宋,鉅鹿,1,37.212341,37.212341
宋,銅陵,1,30.953846,30.953846
宋,長山,1,36.882379,36.882379
宋,長清,1,36.525183,36.525183
宋,陝州,1,34.656059265,34.656059265
宋,陳州,1,33.73398,33.73398
宋,陵川,1,35.778126,35.778126
宋,陽武,1,35.051949,35.051949
宋,隆興府,1,28.674896,28.674896
宋,雅州,1,29.985559464,29.985559464
宋,雩都,1,25.954086,25.954086
宋,雲中,1,40.092838,40.092838
宋,雲安,1,30.966854,30.966854
宋,零陵,1,26.21349,26.21349
宋,霍丘,1,32.33855,32.33855
宋,青城,1,30.8309,30.8309
宋,靜江府,1,25.280059814,25.280059814
宋,韓城,1,35.465939,35.465939
宋,韓州,1,,
宋,韶州,1,24.810209274,24.810209274
宋,順化,1,36.08384,36.08384
宋,順天府,1,39.931430817,39.931430817
宋,須昌,1,35.956072,35.956072
宋,饒陽,1,38.245987,38.245987
宋,馮翊,1,34.7968,34.7968
宋,高郵軍,1,32.79071,32.79071
宋,魏州,1,36.418395,36.418395
宋,鳳翔府,1,34.522518158,34.522518158
宋,鴈門,1,39.09017,39.09017
宋,鹽城,1,33.385162,33.385162
宋,黃縣,1,37.659418,37.659418
宋,黔州,1,29.29206,29.29206
宋,黟縣,1,29.933117,29.933117
宋,龍巖,1,25.103722,25.103722
宋,龍興,1,33.871128,33.871128
宋,龍遊,1,29.034788,29.034788
宋,龍陽,1,28.911768,28.911768
元,杭州路,57,30.294124603,30.294124603
元,吳縣,47,31.312709999999996,31.31271
元,鎮江路,37,32.206489563,32.206489563
元,大都路,34,39.807792664,39.807792664
元,錢塘,30,30.294125,30.294125
元,崑山州,20,31.386108397999998,31.386108398
元,松江府,16,31.009475708,31.009475708
元,嘉興路,14,30.767469406,30.767469406
元,集慶路,13,32.052562714,32.052562714
元,義烏,11,29.300087000000005,29.300087
元,慶元路,10,29.866315842,29.866315842
元,吳江州,9,31.167064666999995,31.167064667
元,湖州路,9,30.864963531,30.864963531
元,鄞縣,9,29.866316,29.866316
元,大興,8,39.931427002,39.931427002
元,永康,8,28.897268,28.897268
元,溧陽州,8,31.430706024,31.430706024
元,餘姚州,8,30.049066544,30.049066544
元,揚州路,7,32.391269684,32.391269684
元,洛陽,7,34.665276,34.665276
元,上都路,6,42.3994,42.3994
元,華亭,6,31.009475999999996,31.009476
元,雲南行中書省,6,,
元,龍興路,6,28.67489624,28.67489624
元,代州,5,39.060390472,39.060390472
元,天台,5,29.138258,29.138258
元,無錫州,5,31.574613570999997,31.574613571
元,真定,5,38.14011,38.14011
元,紹興路,5,30.004514694,30.004514694
元,蘭溪州,5,29.204452515000003,29.204452515
元,金華,5,29.104712,29.104712
元,丹徒,4,32.206489563,32.206489563
元,平江路,4,31.312709808,31.312709808
元,廬陵,4,27.103239,27.103239
元,彰德路,4,36.0976,36.0976
元,海鹽州,4,30.517858505,30.517858505
元,澧州路,4,29.640151978,29.640151978
元,福州路,4,26.073953629,26.073953629
元,開元路,4,,
元,仙居,3,28.852207000000003,28.852207
元,大同路,3,40.092838287,40.092838287
元,大名路,3,36.309688568,36.309688568
元,奉化州,3,29.651657103999998,29.651657104
元,安陽,3,36.098343,36.098343
元,宣城,3,30.946941,30.946941
元,崇德州,3,30.530447006,30.530447006
元,慈溪,3,29.979195,29.979195
元,房山,3,39.710479736,39.710479736
元,東平路,3,35.910339355,35.910339355
元,武昌,3,30.402718000000004,30.402718
元,汴梁路,3,,
元,海寧州,3,30.406280518,30.406280518
元,漢陽府,3,30.552240372,30.552240372
元,烏程,3,30.864964,30.864964
元,臨川,3,27.984781,27.984781
元,西河,3,37.263405,37.263405
元,長洲,3,31.31271,31.31271
元,開封,3,34.785477,34.785477
元,亳州,2,33.879291534,33.879291534
元,保寧府,2,31.58313942,31.58313942
元,信州路,2,28.450691223,28.450691223
元,元氏,2,37.750031,37.750031
元,光山,2,32.009701,32.009701
元,南京,2,32.052562714,32.052562714
元,南昌,2,28.674896,28.674896
元,南陵,2,30.924437,30.924437
元,合肥,2,31.864456,31.864456
元,吉水州,2,27.214367,27.214367
元,和寧路,2,,
元,和州,2,31.714223862,31.714223862
元,太原路,2,37.873752594,37.873752594
元,安仁,2,28.40443,28.40443
元,安喜,2,38.520061,38.520061
元,安定,2,37.137657,37.137657
元,宜興州,2,31.363637924,31.363637924
元,寧夏府路,2,38.466972351,38.466972351
元,崇明州,2,31.606826782,31.606826782
元,常熟州,2,31.64658165,31.64658165
元,廣平路,2,36.701030731,36.701030731
元,廬州路,2,31.864456177,31.864456177
元,建康路,2,32.05256,32.05256
元,建陽,2,27.33988,27.33988
元,徐州,2,34.269634247,34.269634247
元,新城,2,28.633916,28.633916
元,會稽,2,30.004515,30.004515
元,桐廬,2,29.802457809,29.802457809
元,桓州,2,42.2588,42.2588
元,永嘉,2,28.018291,28.018291
元,江寧,2,32.052563,32.052563
元,江州,2,29.722364426,29.722364426
元,江都,2,32.39127,32.39127
元,汲縣,2,35.410385,35.410385
元,河南府路,2,34.665275574,34.665275574
元,浦江,2,29.458708,29.458708
元,海陵,2,32.495872,32.495872
元,清江,2,28.015566,28.015566
元,渭南,2,34.502998,34.502998
元,玉山,2,28.679602,28.679602
元,當陽,2,30.831511,30.831511
元,翼城,2,35.738762,35.738762
元,臨安,2,30.231056,30.231056
元,范陽,2,39.487221,39.487221
元,莆田,2,25.433954,25.433954
元,蘇州,2,28.9477,28.9477
元,蘇州府,2,31.312709808,31.312709808
元,袁州路,2,27.794265747,27.794265747
元,西涼州,2,37.9272,37.9272
元,許州,2,34.031391144,34.031391144
元,輝州,2,35.458675385,35.458675385
元,邵武,2,27.337692,27.337692
元,郟縣,2,33.972053,33.972053
元,鄒縣,2,35.402763,35.402763
元,鎮江府,2,32.20649,32.20649
元,長安,2,34.246423,34.246423
元,靜江路,2,25.2792,25.2792
元,高郵府,2,32.790710449,32.790710449
元,高麗,2,,
元,三原,1,34.619747,34.619747
元,京山,1,31.024815,31.024815
元,京師,1,39.931430817,39.931430817
元,什邡,1,31.13427,31.13427
元,仁和,1,30.294125,30.294125
元,仙游,1,25.364557,25.364557
元,任城,1,35.410431,35.410431
元,休寧,1,29.781190872,29.781190872
元,信陽州,1,32.131118774,32.131118774
元,兗州,1,35.556697845,35.556697845
元,內鄉,1,33.050232,33.050232
元,冠州,1,36.473129272,36.473129272
元,分宜,1,27.767023,27.767023
元,利涉,1,44.09935,44.09935
元,北庭,1,44.1865,44.1865
元,南城,1,27.559717,27.559717
元,台州路,1,28.843132019,28.843132019
元,和川,1,36.269451,36.269451
元,哈剌和林,1,,
元,嘉定,1,31.385845,31.385845
元,嘉定州,1,31.385845184,31.385845184
元,嘉定路,1,29.57068634,29.57068634
元,嘉興,1,30.767469,30.767469
元,四川行中書省,1,,
元,壽光,1,36.879799,36.879799
元,夏縣,1,35.137451,35.137451
元,大理路,1,25.6978302,25.6978302
元,天山,1,42.24194,42.24194
元,奉元路,1,34.317985535,34.317985535
元,奉天,1,34.5303,34.5303
元,婺州路,1,29.104711533,29.104711533
元,婺源州,1,29.244728088,29.244728088
元,安豐,1,32.334127,32.334127
元,安豐路,1,32.575748444,32.575748444
元,安邑,1,35.062,35.062
元,定海,1,29.953701,29.953701
元,定興,1,39.20395,39.20395
元,宛平,1,39.93143,39.93143
元,宜興,1,31.36364,31.36364
元,宜陽,1,34.512718,34.512718
元,寧津,1,37.649857,37.649857
元,寧海,1,29.283617,29.283617
元,山東東西道宣慰司,1,,
元,山陰,1,30.004515,30.004515
元,崇安,1,27.756025,27.756025
元,嵊縣,1,29.58749,29.58749
元,常州路,1,31.782783508,31.782783508
元,平定州,1,37.802036285,37.802036285
元,平晉,1,37.736397,37.736397
元,平棘,1,37.752926,37.752926
元,廣平,1,36.480518,36.480518
元,廣東道宣慰司,1,,
元,建州,1,,
元,建德路,1,29.544481277,29.544481277
元,建昌州,1,29.087831497,29.087831497
元,張掖,1,38.96341,38.96341
元,彰德府,1,36.098342896,36.098342896
元,德興,1,28.953411,28.953411
元,徽州路,1,29.86577034,29.86577034
元,忻州,1,38.39855957,38.39855957
元,恩州,1,37.213150024,37.213150024
元,慈利州,1,29.42634201,29.42634201
元,慶元,1,27.614202,27.614202
元,應天府,1,32.052562714,32.052562714
元,應山,1,31.61832,31.61832
元,成都,1,30.650385,30.650385
元,播州軍民安撫司,1,27.69562,27.69562
元,新喻州,1,27.80408,27.80408
元,新州,1,22.702915192,22.702915192
元,新平,1,35.039658,35.039658
元,新淦,1,27.759735,27.759735
元,新淦州,1,27.75974,27.75974
元,旌德,1,30.291025,30.291025
元,昌平,1,40.2221,40.2221
元,昌黎,1,39.706974,39.706974
元,明州,1,29.866315842,29.866315842
元,星子,1,29.453486,29.453486
元,晉寧州,1,24.703119278,24.703119278
元,晉江,1,24.909641,24.909641
元,曹州,1,35.25025177,35.25025177
元,朐山,1,34.582213,34.582213
元,杭州,1,30.294124603,30.294124603
元,杭州府,1,30.294124603,30.294124603
元,東安州,1,39.505809784,39.505809784
元,東陽,1,29.260567,29.260567
元,松滋,1,30.345695,30.345695
元,桐城,1,31.05228,31.05228
元,棲霞,1,37.302383,37.302383
元,樂清,1,28.130676,28.130676
元,欒城,1,37.884437,37.884437
元,永清,1,39.32571,39.32571
元,江夏,1,30.57367,30.57367
元,江山,1,28.735312,28.735312
元,江州路,1,29.722364426,29.722364426
元,江東,1,,
元,江東建康廉訪司道,1,,
元,江浙行中書省,1,,
元,江陰,1,31.90877,31.90877
元,江陰州,1,31.908769608,31.908769608
元,池州路,1,30.654661179,30.654661179
元,河內,1,35.089302,35.089302
元,河西,1,24.141741,24.141741
元,泉州路,1,24.909641266,24.909641266
元,泗州,1,33.023403168,33.023403168
元,泰安州,1,36.188999176,36.188999176
元,泰州,1,32.495872498,32.495872498
元,洪洞,1,36.259399,36.259399
元,浦城,1,27.924686,27.924686
元,海鹽,1,30.517859,30.517859
元,清溪,1,29.612287,29.612287
元,渤海,1,37.36813,37.36813
元,滁州,1,32.316993713,32.316993713
元,滕州,1,35.067378998,35.067378998
元,漁陽,1,40.043865,40.043865
元,漳州路,1,24.511743546,24.511743546
元,潞州,1,36.183537,36.183537
元,濟南路,1,36.6492,36.6492
元,濟陽,1,36.971943,36.971943
元,濬州,1,35.66838,35.66838
元,無錫,1,31.574614,31.574614
元,燕南河北道宣慰司,1,,
元,燕國,1,,
元,犍為,1,29.139262,29.139262
元,玉沙,1,30.189541,30.189541
元,瑞安州,1,27.790512085,27.790512085
元,瓊山,1,20.008165,20.008165
元,甌寧,1,27.038864136,27.038864136
元,甘州路,1,38.933113098,38.933113098
元,益都,1,36.69748,36.69748
元,益都路,1,36.687919617,36.687919617
元,盱眙,1,33.01474,33.01474
元,真州,1,32.267543793,32.267543793
元,磐石,1,29.784748,29.784748
元,祁縣,1,37.353817,37.353817
元,祥符,1,34.785477,34.785477
元,福寧州,1,26.883462906,26.883462906
元,福建行中書省,1,,
元,秦州,1,34.585472107,34.585472107
元,稷山,1,35.602161,35.602161
元,絳州,1,35.616409,35.616409
元,耒陽州,1,26.41506958,26.41506958
元,聞喜,1,35.357723,35.357723
元,膠水,1,36.788235,36.788235
元,臨安府,1,30.294125,30.294125
元,臨州,1,38.147018433,38.147018433
元,臨桂,1,25.28006,25.28006
元,臨汾,1,36.078037,36.078037
元,臨清,1,36.828105,36.828105
元,興元路,1,33.07648468,33.07648468
元,興平,1,34.298721,34.298721
元,蒲圻,1,29.708353,29.708353
元,蕭山,1,30.161488,30.161488
元,薊州,1,40.043861389,40.043861389
元,蘆山,1,30.15958,30.15958
元,處州路,1,28.448732376,28.448732376
元,行唐,1,38.43607,38.43607
元,衛輝路,1,35.410385132,35.410385132
元,衡山,1,27.245646,27.245646
元,衢州路,1,28.956821442,28.956821442
元,襄陽路,1,32.026519775,32.026519775
元,西域,1,,
元,西安,1,28.956821,28.956821
元,諸暨,1,29.713137,29.713137
元,諸暨州,1,29.713136673,29.713136673
元,象山,1,29.474428,29.474428
元,趙州,1,37.752926,37.752926
元,通許,1,34.475006,34.475006
元,連山,1,24.770006,24.770006
元,進賢,1,28.364485,28.364485
元,遂昌,1,28.587894,28.587894
元,邠州,1,35.039661407,35.039661407
元,鄂州路,1,30.573669434,30.573669434
元,鄄城,1,35.58325,35.58325
元,酃縣,1,26.49686,26.49686
元,金鄉,1,35.068165,35.068165
元,鉛山州,1,28.208446503,28.208446503
元,銅鞮,1,36.757431,36.757431
元,長林,1,31.028728,31.028728
元,長樂,1,25.959837,25.959837
元,長沙,1,28.198198,28.198198
元,長葛,1,34.229904,34.229904
元,開化,1,29.14485,29.14485
元,開平,1,42.3994,42.3994
元,閩縣,1,26.073954,26.073954
元,陽山,1,24.485014,24.485014
元,陽曲,1,37.873753,37.873753
元,陽武,1,35.051949,35.051949
元,隨州,1,31.715110779,31.715110779
元,雲內州,1,40.6098,40.6098
元,雲州,1,41.083,41.083
元,靈山,1,22.434591,22.434591
元,靈州,1,37.587566,37.587566
元,靖安,1,28.861025,28.861025
元,靜安,1,37.869494,37.869494
元,鞏昌府,1,35.007137299,35.007137299
元,順州,1,40.1268,40.1268
元,順德路,1,37.066360474,37.066360474
元,順聖,1,40.21011,40.21011
元,餘干州,1,28.691545486,28.691545486
元,餘杭,1,30.27177,30.27177
元,館陶,1,36.656869,36.656869
元,高唐,1,36.86162,36.86162
元,高安,1,28.425598,28.425598
元,高平,1,35.792057,35.792057
元,高郵,1,32.79071,32.79071
元,魯山,1,33.737118,33.737118
元,鳳翔府,1,34.522518158,34.522518158
元,麗水,1,28.448732,28.448732
元,黃巖州,1,28.642612457,28.642612457
元,黃州路,1,30.446989059,30.446989059
元,龍巖,1,25.103722,25.103722
明,莆田,420,25.433954,25.433954
明,晉江,321,24.909641,24.909641
明,錦衣衛,286,39.93143,39.93143
明,餘姚,254,30.049067,30.049067
明,華亭,218,31.048094036697247,31.009476
明,武進,213,31.782784,31.782784
明,鄞縣,205,29.866316,29.866316
明,閩縣,190,26.073954,26.073954
明,慈溪,187,29.979195,29.979195
明,南昌,185,28.674896,28.674896
明,安福,184,27.382462000000004,27.382462
明,無錫,171,31.574614,31.574614
明,山陰,155,39.014298587096775,39.440437
明,常熟,146,31.646581999999995,31.646582
明,崑山,144,31.386108398,31.386108398
明,豐城,142,28.197754,28.197754
明,南海,138,23.134624,23.134624
明,長洲,138,31.31271,31.31271
明,吳縣,128,31.31271,31.31271
明,上海,123,31.224427,31.224427
明,泰和,122,26.792102814,26.792102814
明,仁和,118,30.294125,30.294125
明,錢塘,118,30.294124993271186,30.294125
明,歙縣,114,29.86577,29.86577
明,會稽,111,30.004514997243245,30.004515
明,吉水,110,27.214367000000003,27.214367
明,宜興,105,31.363638,31.363638
明,京師,102,39.931430817,39.931430817
明,內江,102,29.580755,29.580755
明,漳浦,102,24.117096,24.117096
明,臨海,102,28.843132,28.843132
明,臨川,100,27.984781,27.984781
明,大興,98,39.931427002,39.931427002
明,祥符,94,34.785477,34.785477
明,吳江,89,31.167065,31.167065
明,富順,89,29.188720703,29.188720703
明,嘉興,86,30.767469,30.767469
明,太倉州,86,31.451000214,31.451000214
明,平湖,85,30.704219999999996,30.70422
明,麻城,85,31.180918,31.180918
明,烏程,81,30.864964,30.864964
明,巴縣,80,29.560045242,29.560045242
明,秀水,80,30.767469,30.767469
明,進賢,78,28.364485000000002,28.364485
明,長樂,77,25.935242363636366,25.959837
明,廬陵,76,27.103239000000002,27.103239
明,桐城,74,31.05228,31.05228
明,順德,73,22.84786,22.84786
明,龍溪,73,24.511744,24.511744
明,南充,72,30.798986,30.798986
明,同安,72,24.736046,24.736046
明,東莞,72,23.046623,23.046623
明,上元,71,32.052563,32.052563
明,海鹽,71,30.51785899302817,30.517859
明,婺源,70,29.244728,29.244728
明,番禺,70,23.134624,23.134624
明,上虞,69,29.952654000000003,29.952654
明,歸安,69,30.864963999999997,30.864964
明,金壇,69,31.746978759999998,31.74697876
明,南京,68,32.052562714,32.052562714
明,永豐,67,28.438469,28.438469
明,福清,66,25.727917,25.727917
明,嘉善,65,30.84382400595385,30.843824
明,新建,65,28.674896,28.674896
明,江陰,65,31.908769999999997,31.90877
明,侯官,64,26.073954,26.073954
明,洛陽,63,34.665276,34.665276
明,咸寧,61,34.317987,34.317987
明,固始,61,32.18354,32.18354
明,江寧,61,32.052562995311476,32.052563
明,江都,60,32.391269994733335,32.39127
明,海寧,59,30.40628,30.40628
明,貴溪,59,28.287901,28.287901
明,南安,58,24.953764,24.953764
明,嘉定,57,31.385845000000003,31.385845
明,歷城,57,36.650131226,36.650131226
明,益都,57,36.69748,36.69748
明,任邱,55,38.707668304,38.707668304
明,新城,55,38.945188563636364,39.245949
明,宣城,54,30.946941,30.946941
明,江陵,52,30.350445,30.350445
明,臨清,52,36.846214,36.846214
明,黃岡,52,30.446987,30.446987
明,宛平,51,39.931427002,39.931427002
明,永嘉,51,28.018291,28.018291
明,金谿,51,27.910083999999998,27.910084
明,安邑,49,35.062,35.062
明,浮梁,48,29.382741999999997,29.382742
明,蒲州,48,38.682151794,38.682151794
明,新昌,47,29.471221191489363,29.494654
明,江夏,47,30.573669999999996,30.57367
明,蘭溪,47,29.204453,29.204453
明,新喻,46,27.804075,27.804075
明,丹徒,45,32.20649,32.20649
明,掖縣,45,37.17543,37.17543
明,滿洲鑲黃旗,44,,
明,三原,43,34.619750977,34.619750977
明,新淦,43,27.759735000000003,27.759735
明,杞縣,43,34.553513,34.553513
明,海陽,43,23.667706,23.667706
明,惠安,42,25.022078000000004,25.022078
明,永年,42,36.701031,36.701031
明,永新,42,26.945564,26.945564
明,涇陽,42,34.533337,34.533337
明,濟寧州,42,35.410430908,35.410430908
明,萊陽,42,36.971165,36.971165
明,黃巖,42,28.642613,28.642613
明,南城,41,27.559716999999996,27.559717
明,蕭山,41,30.161487999999995,30.161488
明,通州,41,39.905921936,39.905921936
明,長垣,41,35.19836,35.19836
明,光山,40,32.009701,32.009701
明,休寧,39,29.781190872,29.781190872
明,山陽,39,33.502789,33.502789
明,瀘州,39,28.88435936,28.88435936
明,萬安,39,26.461771,26.461771
明,鄱陽,39,28.994167000000004,28.994167
明,光州,38,32.130298615,32.130298615
明,德清,38,30.553133,30.553133
明,新會,38,22.526581,22.526581
明,樂安,38,37.049801,37.049801
明,滿洲正黃旗,38,,
明,祁門,38,29.854147,29.854147
明,開州,38,35.754283905,35.754283905
明,太平,37,30.693406756756758,30.298552
明,淳安,37,29.612287,29.612287
明,當塗,37,31.555685000000004,31.555685
明,石首,37,29.72431,29.72431
明,陽城,37,35.490593,35.490593
明,丹陽,36,31.995802,31.995802
明,懷安,36,26.093738556,26.093738556
明,濱州,36,37.47833252,37.47833252
明,長興,36,31.013893000000003,31.013893
明,懷寧,35,30.512295,30.512295
明,汝陽,35,33.007538,33.007538
明,滿洲正白旗,35,,
明,涇縣,34,30.68671,30.68671
明,高安,34,28.425598,28.425598
明,商城,33,31.803518,31.803518
明,安陽,33,36.098343,36.098343
明,宜賓,33,28.774831772,28.774831772
明,東陽,33,29.260567,29.260567
明,渭南,33,34.502998,34.502998
明,蘄水,33,30.458691,30.458691
明,樂平,32,37.608364,37.608364
明,溧陽,32,31.430706,31.430706
明,澤州,32,35.504318237,35.504318237
明,長安,32,34.246423,34.246423
明,京山,31,31.024815,31.024815
明,太醫院,31,,
明,永康,31,28.897268,28.897268
明,清苑,31,38.855701,38.855701
明,滿洲鑲白旗,31,,
明,金華,31,29.104712,29.104712
明,陽曲,31,37.873753,37.873753
明,韓城,31,35.465939,35.465939
明,合州,30,30.00394249,30.00394249
明,曹州,30,35.25025177,35.25025177
明,東平州,30,35.910339355,35.910339355
明,河南衛,30,34.685133,34.685133
明,清江,30,28.015566,28.015566
明,滿洲鑲紅旗,30,,
明,睢州,30,34.430503845,34.430503845
明,章丘,30,36.75417,36.75417
明,銅梁,30,29.852438,29.852438
明,長泰,30,24.62048,24.62048
明,全州,29,25.931814194,25.931814194
明,合肥,29,31.864455999999997,31.864456
明,揭陽,29,23.542976,23.542976
明,朝邑,29,34.789036,34.789036
明,蘇州府,29,31.312709808,31.312709808
明,西安,29,28.956821,28.956821
明,上饒,28,28.450691,28.450691
明,奉化,28,29.651657,29.651657
明,建安,28,27.038864,27.038864
明,安邱,27,36.42905,36.42905
明,德興,27,28.953411,28.953411
明,漢陽,27,30.552242,30.552242
明,華容,27,29.518757,29.518757
明,蒲城,27,34.955936016,34.955936
明,霸州,27,39.101539470703706,39.101539612
明,代州,26,39.060390472,39.060390472
明,巴陵,26,29.37126,29.37126
明,泰州,26,32.495872498,32.495872498
明,洪洞,26,36.259399,36.259399
明,膠州,26,36.30002594,36.30002594
明,嘉定州,25,29.570690155,29.570690155
明,太和,25,32.8667356,33.16544
明,武功中衛,25,,
明,涪州,25,29.702775955000003,29.702775955
明,淄川,25,36.635994,36.635994
明,潮陽,25,23.260954,23.260954
明,縉雲,25,28.648392000000005,28.648392
明,蒲圻,25,29.708353,29.708353
明,開化,25,29.14485,29.14485
明,天台,24,29.138257999999997,29.138258
明,瓊山,24,20.008165,20.008165
明,羅山,24,32.202374,32.202374
明,餘干,24,28.691549999999996,28.69155
明,固安,23,39.435631,39.435631
明,振武衛,23,39.06039,39.06039
明,濮州,23,35.672870636,35.672870636
明,眉州,23,30.05050087,30.05050087
明,臨安衛,23,23.615228,23.615228
明,鎮海衛,23,30.508450304347825,31.44651
明,信陽,22,32.131119,32.131119
明,公安,22,30.057533,30.057533
明,句容,22,31.946534999999997,31.946535
明,壽光,22,36.879799,36.879799
明,孝感,22,30.926222,30.926222
明,平定州,22,37.802036285,37.802036285
明,建德,22,30.097835772727276,30.124186
明,德化,22,29.722364000000002,29.722364
明,應城,22,30.946003000000005,30.946003
明,曲沃,22,35.641285,35.641285
明,武陵,22,29.034807,29.034807
明,江津,22,29.281507,29.281507
明,潛江,22,30.420952,30.420952
明,潼川州,22,31.094619750999996,31.094619751
明,綿州,22,31.459007263,31.459007263
明,興化,22,32.934967,32.934967
明,諸城,22,35.993355,35.993355
明,諸暨,22,29.713137000000003,29.713137
明,長壽,22,31.169826507999996,31.169826508
明,商丘,21,34.44766,34.44766
明,定興,21,39.269592,39.269592
明,崇德,21,30.530447,30.530447
明,弋陽,21,28.401875999999998,28.401876
明,曲周,21,36.779305,36.779305
明,海澄,21,24.411411,24.411411
明,涿州,21,39.487220764,39.487220764
明,滿洲正紅旗,21,,
明,濰縣,21,36.702705,36.702705
明,無為州,21,31.29851532,31.29851532
明,猗氏,21,35.147945,35.147945
明,甌寧,21,27.038864136,27.038864136
明,臨桂,21,25.28006,25.28006
明,華州,21,34.519626617,34.519626617
明,蘄州,21,30.062501907000005,30.062501907
明,蘭陽,21,34.826515,34.826515
明,襄陽,21,32.026524,32.026524
明,長治,21,36.1829,36.1829
明,陽信,21,37.640835,37.640835
明,崇陽,20,29.548801000000005,29.548801
明,德州衛,20,37.45066,37.45066
明,武功,20,34.332054,34.332054
明,永城,20,33.93945694,33.93945694
明,汲縣,20,35.410385,35.410385
明,汾州,20,37.263401031,37.263401031
明,滄州,20,38.308998108,38.308998108
明,登州衛,20,37.80452,37.80452
明,義烏,20,29.300087,29.300087
明,興國州,20,29.830129622999998,29.830129623
明,遂寧,20,30.194461999999998,30.194462
明,青浦,20,31.144771576,31.144771576
明,南豐,19,27.214306,27.214306
明,定遠,19,32.530247,32.530247
明,寧州,19,37.741936503210525,38.490063
明,平原,19,37.156743,37.156743
明,樂清,19,28.130676,28.130676
明,湘潭,19,27.872698000000003,27.872698
明,滿洲正藍旗,19,,
明,真定,19,38.14011,38.14011
明,臨安,19,30.231055999999995,30.231056
明,華陽,19,30.650385,30.650385
明,薊州,19,40.043861389,40.043861389
明,衡陽,19,26.901617002631582,26.901617
明,遂昌,19,28.587894,28.587894
明,麗水,19,28.448731999999996,28.448732
明,仙居,18,28.852207000000003,28.852207
明,儀封,18,34.819366,34.819366
明,南鄭,18,33.076485,33.076485
明,嘉魚,18,29.975599000000003,29.975599
明,堂邑,18,36.487839,36.487839
明,崇仁,18,27.75564,27.75564
明,常山,18,28.903732000000005,28.903732
明,廣德州,18,30.894685744999997,30.894685745
明,德州,18,37.451641083,37.451641083
明,揚州府,18,32.391269684,32.391269684
明,杭州府,18,30.294124603,30.294124603
明,桐鄉,18,30.641678,30.641678
明,沔陽州,18,30.189540863000005,30.189540863
明,灤州,18,39.739654541,39.739654541
明,解州,18,34.911781311,34.911781311
明,靈寶,18,34.684616,34.684616
明,高平,18,35.792057,35.792057
明,鳳翔,18,34.522518,34.522518
明,乾州,17,34.53030014,34.53030014
明,仙遊,17,25.364557266,25.364557266
明,南宮,17,37.365629,37.365629
明,攸縣,17,27.004034,27.004034
明,榆次,17,37.678467,37.678467
明,沂州,17,35.197975159,35.197975159
明,滕縣,17,35.085022,35.085022
明,滿洲鑲藍旗,17,,
明,潁川衛,17,32.887656,32.887656
明,石州,17,37.510108948,37.510108948
明,遂安,17,29.480773,29.480773
明,鄢陵,17,34.107433,34.107433
明,高郵州,17,32.790710449,32.790710449
明,同州,16,34.79724,34.79724
明,太康,16,34.063873,34.063873
明,奉新,16,28.70723,28.70723
明,安仁,16,28.40443,28.40443
明,安肅,16,39.019436,39.019436
明,定海,16,29.953701,29.953701
明,廣昌,16,39.354015,39.354015
明,忻州,16,38.398563385,38.398563385
明,故城,16,37.380794,37.380794
明,景陵,16,30.65625,30.65625
明,曹縣,16,34.827587,34.827587
明,東明,16,35.298492,35.298492
明,東阿,16,36.211385,36.211385
明,武城,16,37.14809,37.14809
明,武昌,16,30.402718,30.402718
明,汶上,16,35.728807,35.728807
明,滑縣,16,35.564453,35.564453
明,睢陽衛,16,,
明,臨汾,16,36.078037,36.078037
明,襄城,16,33.853691,33.853691
明,貴池,16,30.654661,30.654661
明,遵化,16,40.184448,40.184448
明,鈞州,16,34.162490845,34.162490845
明,高陽,16,38.688908,38.688908
明,魏縣,16,36.357582,36.357582
明,黃梅,16,30.079201,30.079201
明,井研,15,29.65851,29.65851
明,元城,15,36.275528,36.275528
明,六安州,15,31.754594803,31.754594803
明,吉安府,15,27.103239059,27.103239059
明,夏邑,15,34.237991,34.237991
明,大同,15,40.092838,40.092838
明,宜春,15,27.794266,27.794266
明,寧夏衛,15,38.478739,38.478739
明,寧鄉,15,37.339596,37.339596
明,寶坻,15,39.725895,39.725895
明,廣安州,15,30.474428177,30.474428177
明,成都左護衛,15,,
明,文安,15,38.864807,38.864807
明,新安,15,38.64570713333333,38.925182
明,東安,15,26.332001,26.332001
明,滿洲,15,,
明,翼城,15,35.738762,35.738762
明,聞喜,15,35.357723,35.357723
明,蕪湖,15,31.334949,31.334949
明,蠡縣,15,38.490063,38.490063
明,連江,15,26.198015,26.198015
明,鍾祥,15,31.169826507999996,31.169826508
明,長清,15,36.551817,36.551817
明,順天府,15,39.93143056266667,39.931430817
明,黃縣,15,37.659418,37.659418
明,上蔡,14,33.267239,33.267239
明,南平,14,26.642174,26.642174
明,寧晉,14,37.621086121,37.621086121
明,寶應,14,33.235947,33.235947
明,建昌,14,29.087832,29.087832
明,彭澤,14,29.896095,29.896095
明,曲阜,14,35.597627949642856,35.597553
明,桂陽,14,25.55172,25.55172
明,永昌衛,14,38.24691385714285,38.246838
明,沁水,14,35.690399,35.690399
明,河內,14,35.089302,35.089302
明,河間,14,38.435699,38.435699
明,泰興,14,32.160381,32.160381
明,漢州,14,30.981309891,30.981309891
明,濟陽,14,36.971943,36.971943
明,績溪,14,30.077772141,30.077772141
明,耀州,14,34.913269043,34.913269043
明,聊城,14,36.446715,36.446715
明,臨朐,14,36.510247,36.510247
明,舒城,14,31.456448,31.456448
明,蒙陰,14,35.713753,35.713753
明,衡山,14,27.245646,27.245646
明,許州,14,34.031391144,34.031391144
明,青陽,14,30.636639,30.636639
明,項城,14,33.209309,33.209309
明,高密,14,36.385406,36.385406
明,南溪,13,28.847984313999998,28.847984314
明,博野,13,38.457569,38.457569
明,即墨,13,36.382107,36.382107
明,安化,13,35.40024723076923,36.00517
明,安陸,13,31.263714,31.263714
明,岐山,13,34.439636,34.439636
明,廣東布政司,13,,
明,恩縣,13,37.151123047,37.151123047
明,息縣,13,32.34243,32.34243
明,扶溝,13,34.060081,34.060081
明,景州,13,37.688007355,37.688007355
明,朝鮮,13,,
明,東光,13,37.884556,37.884556
明,海豐,13,37.740623,37.740623
明,湖口,13,29.734993,29.734993
明,獲嘉,13,35.268127,35.268127
明,獻縣,13,38.190697,38.190697
明,肥鄉,13,36.552029,36.552029
明,臨邑,13,37.190325,37.190325
明,襄陵,13,36.023994,36.023994
明,西充,13,31.010457999999996,31.010458
明,資縣,13,29.784748,29.784748
明,遷安,13,39.999717,39.999717
明,遼州,13,37.074279785,37.074279785
明,邯鄲,13,36.593475,36.593475
明,鉛山,13,28.208446,28.208446
明,霑化,13,37.68321991,37.68321991
明,馬平,13,24.309988,24.309988
明,高陵,13,34.533325,34.533325
明,黃陂,13,30.875669,30.875669
明,內鄉,12,33.050232,33.050232
明,冠縣,12,36.472101,36.472101
明,和州,12,31.714223862,31.714223862
明,大名,12,36.24564,36.24564
明,安平,12,38.230526,38.230526
明,延津,12,35.142761,35.142761
明,德州左衛,12,37.45164,37.45164
明,成安,12,36.441349,36.441349
明,昌平,12,40.2221,40.2221
明,易州,12,39.34903717,39.34903717
明,晉州,12,38.032493591,38.032493591
明,普安衛,12,25.793140000000005,25.79314
明,武驤左衛,12,,
明,永興,12,26.133934,26.133934
明,河津,12,35.587402,35.587402
明,浦城,12,27.924685999999998,27.924686
明,滁州,12,32.316993713,32.316993713
明,玉山,12,28.679602,28.679602
明,磁州,12,36.359039307,36.359039307
明,福建布政司,12,,
明,蘇州衛,12,31.305108,31.305108
明,西平,12,33.384105,33.384105
明,趙州,12,37.752929688,37.752929688
明,邵武,12,27.337692,27.337692
明,鄭州,12,34.758075714,34.758075714
明,阜城,12,37.868179,37.868179
明,陝西布政司,12,,
明,雄縣,12,38.97588,38.97588
明,雲南布政司,12,,
明,靈壽,12,38.30547,38.30547
明,交河,11,38.017044,38.017044
明,儀真,11,32.267544,32.267544
明,全椒,11,32.098347,32.098347
明,博羅,11,23.172247,23.172247
明,唐縣,11,38.192058,38.741493
明,城固,11,33.157131195,33.157131195
明,大理衛,11,25.69783,25.69783
明,孝義,11,37.143234,37.143234
明,寧德,11,26.661217,26.661217
明,寧海,11,29.283616999999996,29.283617
明,寧陵,11,34.445976,34.445976
明,嵩縣,11,34.147213,34.147213
明,平和,11,24.253103,24.253103
明,平陰,11,36.286934,36.286934
明,平陽,11,27.675718000000003,27.675718
明,徐州,11,34.269634247,34.269634247
明,忠州,11,30.298578262,30.298578262
明,成都,11,30.650384999999996,30.650385
明,成都後衛,11,30.663023,30.663023
明,新都,11,30.83139,30.83139
明,東鄉,11,28.232291999999998,28.232292
明,槁城,11,38.036713,38.036713
明,武定州,11,25.535848618,25.535848618
明,武鄉,11,36.826817,36.826817
明,歸善,11,23.091892,23.091892
明,歸德衛,11,34.38505,34.38505
明,留守前衛,11,,
明,肅寧,11,38.431767,38.431767
明,臨晉,11,35.097809,35.097809
明,臨清衛,11,36.83472,36.83472
明,蘭州,11,28.18229836363636,26.43458
明,零陵,11,26.210339,26.210339
明,饒平,11,23.982446395545455,23.982491
明,鶴慶軍民府,11,26.559419632,26.559419632
明,信陽衛,10,32.13112,32.13112
明,冀州,10,37.565982819,37.565982819
明,南陵,10,30.924437,30.924437
明,南陽,10,33.001678,33.001678
明,南靖,10,24.572994,24.572994
明,單縣,10,34.797901,34.797901
明,太湖,10,30.420059,30.420059
明,如皋,10,32.384022,32.384022
明,安定,10,35.575092,35.575092
明,安岳,10,30.112699509,30.112699509
明,安州,10,38.875370026,38.875370026
明,安溪,10,25.060591,25.060591
明,容城,10,39.051655,39.051655
明,寧都,10,26.466515000000005,26.466515
明,嵊縣,10,29.587489999999995,29.58749
明,平度州,10,36.788230896,36.788230896
明,慶陽衛,10,36.00517,36.00517
明,敘南衛,10,28.77483,28.77483
明,新蔡,10,32.751263,32.751263
明,昆明,10,25.045913696,25.045913696
明,昌邑,10,36.855667114,36.855667114
明,昌黎,10,39.706974,39.706974
明,朝城,10,36.055676,36.055676
明,杭州路,10,30.294124603,30.294124603
明,榮昌,10,29.412771,29.412771
明,武驤右衛,10,,
明,江山,10,28.735312,28.735312
明,江浦,10,32.064869,32.064869
明,泌陽,10,32.723171,32.723171
明,深州,10,38.011730194,38.011730194
明,湘陰,10,28.676210000000005,28.67621
明,湯陰,10,35.9248,35.9248
明,溫江,10,30.702269,30.702269
明,澧州,10,29.640151978,29.640151978
明,祁陽,10,26.591692000000002,26.591692
明,禹州,10,32.668151855,32.668151855
明,紹興府,10,30.004514694,30.004514694
明,絳州,10,35.616409302,35.616409302
明,繁昌,10,31.090562999999996,31.090563
明,肥城,10,36.189663,36.189663
明,臨潼,10,34.368350983,34.368350983
明,裕州,10,33.26007843,33.26007843
明,襄陽府,10,32.026519775,32.026519775
明,西華,10,33.793056,33.793056
明,邵陽,10,27.249315000000003,27.249315
明,陝州,10,34.7782272342,34.791801453
明,陳州,10,33.733982086,33.733982086
明,陳留,10,34.673195,34.673195
明,隨州,10,31.715110778999996,31.715110779
明,餘杭,10,30.271769999999997,30.27177
明,騰驤左衛,10,,
明,高唐州,10,36.861621857,36.861621857
明,高要,10,23.056921,23.056921
明,齊河,10,36.70007,36.70007
明,龍泉,10,27.5561604,28.082565
明,上杭,9,25.053339,25.053339
明,上高,9,28.241369,28.241369
明,仁壽,9,30.004446000000005,30.004446
明,兗州府,9,35.55670166,35.55670166
明,分宜,9,27.767023,27.767023
明,南昌府,9,28.674896239999995,28.67489624
明,南樂,9,36.077473,36.077473
明,四川布政司,9,,
明,太倉衛,9,31.446510000000004,31.44651
明,太原左衛,9,37.87375,37.87375
明,孟津,9,34.811684,34.811684
明,完縣,9,38.833225,38.833225
明,富平,9,34.754429,34.754429
明,寧陽,9,35.764396667,35.764396667
明,山東布政司,9,,
明,岳池,9,30.644079,30.644079
明,峽江,9,27.553688,27.553688
明,平山衛,9,36.44774,36.44774
明,平峪,9,39.66521,39.66521
明,府軍前衛,9,,
明,廣寧左衛,9,41.59517,41.59517
明,應天府,9,32.052562714,32.052562714
明,招遠,9,37.35215,37.35215
明,新鄉,9,35.309940338,35.309940338
明,桂林中衛,9,25.281529,25.281529
明,桃源,9,33.68589,33.68589
明,桐廬,9,29.802457809,29.802457809
明,武功左衛,9,,
明,武康,9,30.550452999999997,30.550453
明,武邑,9,37.805992,37.805992
明,永川,9,29.234774,29.234774
明,永平衛,9,39.87732,39.87732
明,永福,9,25.867622,25.867622
明,汝州,9,34.161758423,34.161758423
明,沂水,9,35.791027,35.791027
明,泗州,9,33.023403168,33.023403168
明,泰安州,9,36.188999176,36.188999176
明,淮安衛,9,33.507852,33.507852
明,清流,9,26.163521,26.163521
明,清澗,9,37.096619,37.096619
明,湖廣布政司,9,,
明,溧水,9,31.656557000000003,31.656557
明,滋陽,9,35.555646,35.555646
明,潛山,9,30.630346,30.630346
明,濬縣,9,35.66838,35.66838
明,監利,9,29.815758,29.815758
明,盧氏,9,34.052612,34.052612
明,祁縣,9,37.353817,37.353817
明,稷山,9,35.602161,35.602161
明,綏德州,9,37.500980377,37.500980377
明,萊蕪,9,36.204097,36.204097
明,葉縣,9,33.623302,33.623302
明,蒙古正黃旗,9,,
明,襄垣,9,36.534588,36.534588
明,西安右護衛,9,34.26661,34.26661
明,貴州衛,9,26.58078,26.58078
明,辰州衛,9,28.457679,28.457679
明,通許,9,34.475006,34.475006
明,郟縣,9,33.972053,33.972053
明,都昌,9,29.272564000000003,29.272564
明,鄆城,9,35.605061,35.605061
明,重慶衛,9,29.561700999999996,29.561701
明,金吾右衛,9,,
明,金鄉,9,35.068165,35.068165
明,陳州衛,9,33.731724,33.731724
明,香山,9,22.52581,22.52581
明,騰驤右衛,9,,
明,高淳,9,31.321630000000003,31.32163
明,鹽城,9,33.385162,33.385162
明,黟縣,9,29.933116980666664,29.933117
明,龍巖,9,25.103722,25.103722
明,龍游,9,29.034788,29.034788
明,三河,8,39.982788,39.982788
明,六合,8,32.348419,32.348419
明,利津,8,37.49131,37.49131
明,劍川州,8,26.483833313,26.483833313
明,吳橋,8,37.606762,37.606762
明,商河,8,37.308677673,37.308677673
明,大庾,8,25.399312,25.399312
明,大河衛,8,33.526625,33.526625
明,太原右衛,8,37.87375,37.87375
明,夷陵州,8,30.704229355,30.704229355
明,寧遠,8,34.720016,34.720016
明,寶雞,8,34.38187,34.38187
明,廣寧衛,8,41.59517,41.59517
明,廣濟,8,30.136482,30.136482
明,建寧,8,26.832491,26.832491
明,建陽,8,27.33988,27.33988
明,應山,8,31.74132,31.74132
明,文水,8,37.436981201,37.436981201
明,曲靖衛,8,25.494116,25.494116
明,束鹿,8,37.84853363,37.84853363
明,柏鄉,8,37.49469,37.49469
明,柳州衛,8,24.321073,24.321073
明,榮縣,8,29.463898,29.463898
明,武安,8,36.697582,36.697582
明,永寧衛,8,28.168324,28.168324
明,沅陵,8,28.458191,28.458191
明,海寧衛,8,30.515496,30.515496
明,海門,8,31.842256,31.842256
明,獲鹿,8,38.083111,38.083111
明,留守左衛,8,,
明,盂縣,8,38.090957642,38.090957642
明,真定衛,8,38.13938,38.13938
明,綏德衛,8,37.50098,37.50098
明,臨淮,8,33.023402,33.023402
明,臨穎,8,33.85149,33.85149
明,興州後屯衛,8,40.140696,40.140696
明,蒙化衛,8,25.229118,25.229118
明,蓬溪,8,30.776373,30.776373
明,蓬萊,8,37.804515839,37.804515839
明,蜀府儀衛司,8,,
明,象山,8,29.474428,29.474428
明,資陽,8,30.122671,30.122671
明,道州,8,25.531356812,25.531356812
明,遼東都指揮使司,8,,
明,長山,8,36.882379,36.882379
明,長汀,8,25.833382,25.833382
明,閬中,8,31.58316,31.58316
明,雲南前衛,8,25.002182,25.002182
明,雲南右衛,8,25.041749,25.041749
明,雲南左衛,8,25.041749,25.041749
明,青城,8,37.187836,37.187836
明,館陶,8,36.65789,36.65789
明,鹽山,8,38.055328,38.055328
明,交城,7,37.544411000000004,37.544411
明,交趾布政司,7,,
明,任縣,7,37.126076,37.126076
明,內黃,7,35.953903,35.953903
明,原武,7,34.994549,34.994549
明,合江,7,28.812002,28.812002
明,商州,7,33.86989,33.86989
明,四會,7,23.348709000000003,23.348709
明,墊江,7,30.323742,30.323742
明,壺關,7,36.113499,36.113499
明,壽張,7,36.014387,36.014387
明,夏縣,7,35.137451,35.137451
明,威縣,7,36.974178,36.974178
明,定州,7,38.520061493,38.520061493
明,尉氏,7,34.413452148,34.413452148
明,崇慶州,7,30.636564255,30.636564255
明,建平,7,31.134151,31.134151
明,彭縣,7,30.991879,30.991879
明,德平,7,37.463477,37.463477
明,應州,7,39.56017000000001,39.56017
明,懷慶衛,7,35.401783,35.401783
明,新鄭,7,34.397324,34.397324
明,新野,7,32.524872,32.524872
明,星子,7,29.453486,29.453486
明,桂林右衛,7,25.281529,25.281529
明,棗強,7,37.50264,37.50264
明,武昌府,7,30.573669434,30.573669434
明,歸德州,7,34.38505,34.38505
明,永寧,7,26.760475136285713,26.760475159
明,江西布政司,7,,
明,沔陽衛,7,30.197584,30.197584
明,河南布政司,7,,
明,浦江,7,29.458708,29.458708
明,涿鹿左衛,7,39.484999,39.484999
明,漷縣,7,39.90592193599999,39.905921936
明,潼關衛,7,34.59881,34.59881
明,澄海,7,23.463154,23.463154
明,營州中屯衛,7,40.906533,40.906533
明,留守後衛,7,,
明,登封,7,34.455818,34.455818
明,益陽,7,28.597809,28.597809
明,盧龍,7,39.877323,39.877323
明,確山,7,32.807674,32.807674
明,禹城,7,36.94436,36.94436
明,米脂,7,37.760258,37.760258
明,羽林前衛,7,,
明,耒陽,7,26.415069999999996,26.41507
明,舟山群島,7,,
明,芮城,7,34.697308,34.697308
明,茬平,7,36.586616516,36.586616516
明,華陰,7,34.56831,34.56831
明,蒼梧,7,23.486898,23.486898
明,蔚州,7,39.84054184,39.84054184
明,虞城,7,34.519341,34.519341
明,西安前衛,7,34.26661,34.26661
明,詔安,7,23.705355,23.705355
明,貴州布政司,7,,
明,邠州,7,35.039661407,35.039661407
明,邢臺,7,37.066357,37.066357
明,郃陽,7,35.242584,35.242584
明,郾城,7,33.596268,33.596268
明,鄰水,7,30.335321,30.335321
明,銅仁府,7,27.722480774,27.722480774
明,長沙衛,7,28.192469999999997,28.19247
明,隆慶州,7,32.033401489,32.033401489
明,隆昌,7,29.34938,29.34938
明,隴州,7,34.891407013,34.891407013
明,靈璧,7,33.545761,33.545761
明,青縣,7,38.580715,38.580715
明,靜海,7,38.934357,38.934357
明,魯山,7,33.737118,33.737118
明,黃安,7,31.287647,31.287647
明,龍陽,7,28.911768,28.911768
明,中牟,6,34.732094,34.732094
明,介休,6,37.026474,37.026474
明,來安,6,32.452389,32.452389
明,元氏,6,37.750031,37.750031
明,劍州,6,32.033401489,32.033401489
明,南京錦衣衛,6,32.05256,32.05256
明,南和,6,36.999573,36.999573
明,南部,6,31.359615,31.359615
明,南陽衛,6,32.996905,32.996905
明,博興,6,37.135395,37.135395
明,吉州,6,36.095630646,36.095630646
明,唐山,6,37.339809,37.339809
明,嘉祥,6,35.400688,35.400688
明,垣曲,6,35.096607,35.096607
明,壽陽,6,37.8867836,37.8867836
明,大城,6,38.695866,38.695866
明,大寧前衛,6,40.85008,40.85008
明,大竹,6,30.73688,30.73688
明,安居,6,30.3425,30.3425
明,安陸州,6,31.16983,31.16983
明,定襄,6,38.492691,38.492691
明,定遼中衛,6,41.267948,41.267948
明,宜都,6,30.392385,30.392385
明,宿遷,6,33.958302,33.958302
明,富陽,6,30.053434,30.053434
明,寧國,6,30.619968,30.619968
明,屯留,6,36.321949,36.321949
明,山海衛,6,40.008409,40.008409
明,巢縣,6,31.601736,31.601736
明,常德衛,6,29.032865,29.032865
明,廣平,6,36.480518,36.480518
明,廣西布政司,6,,
明,廬江,6,31.253362999999997,31.253363
明,建水州,6,23.624551772999997,23.624551773
明,從化,6,23.555426,23.555426
明,懷遠,6,32.965703,32.965703
明,成都前衛,6,30.663023,30.663023
明,成都右衛,6,30.663023,30.663023
明,文昌,6,19.620953,19.620953
明,新化,6,27.748904999999997,27.748905
明,旌德,6,30.291025,30.291025
明,昌平州,6,,
明,昌樂,6,36.703575,36.703575
明,杭州右衛,6,30.260103,30.260103
明,梁山,6,30.666655000000002,30.666655
明,棗陽,6,32.132023,32.132023
明,棲霞,6,37.302383,37.302383
明,永清,6,39.32571,39.32571
明,沭陽,6,34.134148,34.134148
明,泰寧,6,26.898485000000004,26.898485
明,洋縣,6,33.221088,33.221088
明,洪雅,6,29.912813,29.912813
明,浙江布政司,6,,
明,清平衛,6,26.65832,26.65832
明,清河,6,37.073032,37.073032
明,清豐,6,35.908768,35.908768
明,滿城,6,38.947723,38.947723
明,漢軍正白旗,6,,
明,盩厔,6,34.171139,34.171139
明,福寧州,6,26.883462905999995,26.883462906
明,福山,6,37.493282,37.493282
明,紹興衛,6,29.995239,29.995239
明,興化衛,6,25.434749,25.434749
明,興寧,6,25.969877,25.969877
明,范縣,6,35.935287476,35.935287476
明,莒州,6,35.581886292,35.581886292
明,蒙古正白旗,6,,
明,蒲州守禦千戶所,6,,
明,蘄州衛,6,30.060717,30.060717
明,襄陽衛,6,32.019468,32.019468
明,費縣,6,35.265209,35.265209
明,輝縣,6,35.458675,35.458675
明,達州,6,31.226970000000005,31.22697
明,鄒平,6,36.884702,36.884702
明,醴泉,6,34.489967,34.489967
明,金吾左衛,6,,
明,長寧,6,28.37926865,28.37926865
明,隴西,6,35.007137,35.007137
明,雙流,6,30.579893,30.579893
明,雲夢,6,31.025822,31.025822
明,靈川,6,25.463203000000004,25.463203
明,青神,6,29.837276,29.837276
明,靖安,6,28.861025,28.861025
明,鞏縣,6,34.785107,34.785107
明,順義,6,40.127552032,40.127552032
明,饒陽,6,38.245987,38.245987
明,高邑,6,37.604755,37.604755
明,魚臺,6,34.936798096,34.936798096
明,鳳陽,6,32.865348,32.865348
明,交趾,5,,
明,亳州,5,33.879291534,33.879291534
明,什邡,5,31.134270000000004,31.13427
明,保安州,5,40.376560211,40.376560211
明,保定中衛,5,38.8557,38.8557
明,信豐,5,25.378399,25.378399
明,修武,5,35.231197,35.231197
明,博平,5,36.586896,36.586896
明,咸陽,5,34.339054108,34.339054108
明,嘉興路,5,30.767469405999996,30.767469406
明,增城,5,23.292559,23.292559
明,壽州,5,32.5757483552,32.575748444
明,壽昌,5,29.369589,29.369589
明,大冶,5,30.093138,30.093138
明,天長,5,32.690521,32.690521
明,太原,5,37.873748779,37.873748779
明,安南國,5,,
明,定遼右衛,5,41.267948,41.267948
明,宜城,5,31.710701,31.710701
明,宣化,5,22.806145,22.806145
明,宿松,5,30.151212999999995,30.151213
明,寧羌衛,5,32.81963,32.81963
明,射洪,5,30.989159,30.989159
明,山西布政司,5,,
明,岷州衛,5,34.43646,34.43646
明,崞縣,5,38.88332,38.88332
明,平定州守禦千戶所,5,,
明,平樂,5,24.642347,24.642347
明,平鄉,5,36.980137,36.980137
明,平陸,5,34.802203,34.802203
明,府軍左衛,5,,
明,廣寧左屯衛,5,41.116136,41.116136
明,德安,5,29.3305640998,29.330564
明,扶風,5,34.361824036,34.361824036
明,承天衛,5,,
明,文登,5,37.193062,37.193062
明,新寧,5,26.433083,26.433083
明,新河,5,37.529594,37.529594
明,旗手衛,5,,
明,昌化,5,28.003693,30.171944
明,普定衛,5,26.243240000000004,26.24324
明,杭州前衛,5,30.260103000000004,30.260103
明,松溪,5,27.528404000000002,27.528404
明,松滋,5,30.345695,30.345695
明,榆林衛,5,38.29471,38.29471
明,榆社,5,37.070942,37.070942
明,榮陽,5,34.78806,34.78806
明,樂亭,5,39.424881,39.424881
明,欒城,5,37.88578,37.88578
明,武功右衛,5,,
明,武昌衛,5,30.542174999999997,30.542175
明,武清,5,39.510274,39.510274
明,永安,5,29.3485632,25.965034
明,永明,5,25.276974,25.276974
明,永春,5,25.32579,25.32579
明,池州府,5,30.654661179000005,30.654661179
明,沁州,5,36.75743103,36.75743103
明,河間衛,5,,
明,泉州衛,5,24.889639,24.889639
明,泗州衛,5,33.032899,33.032899
明,泰州守禦千戶所,5,,
明,海南衛,5,20.000941,20.000941
明,海州,5,34.570053101,34.570053101
明,渠縣,5,30.844326000000002,30.844326
明,漢川,5,30.648508,30.648508
明,漢軍正藍旗,5,,
明,漢軍正黃旗,5,,
明,潞州,5,36.183540344,36.183540344
明,澄城,5,35.190914,35.190914
明,濟南府,5,36.650131226,36.650131226
明,濟寧衛,5,35.412064,35.412064
明,瀋陽中屯衛,5,38.4357,38.4357
明,灌縣,5,31.01439476,31.01439476
明,營山,5,31.075796000000004,31.075796
明,牧馬千戶所,5,,
明,犍為,5,29.139261999999995,29.139262
明,盧溪,5,28.280029000000003,28.280029
明,盱眙,5,33.01474,33.01474
明,石埭,5,30.374228,30.374228
明,石屏州,5,23.719020844,23.719020844
明,石康,5,21.772965,21.772965
明,秦州,5,34.585472107,34.585472107
明,秦州衛,5,34.58547,34.58547
明,胙城,5,35.24676,35.24676
明,膚施,5,36.591808,36.591808
明,臨城,5,37.439831,37.439831
明,臨洮衛,5,35.37915,35.37915
明,興平,5,34.298721,34.298721
明,興濟,5,38.471256,38.471256
明,荊門州,5,31.028730392,31.028730392
明,莘縣,5,36.236708,36.236708
明,萬泉,5,35.36078,35.36078
明,萬載,5,28.111526000000005,28.111526
明,薊州衛,5,40.04387,40.04387
明,西安左衛,5,34.26661,34.26661
明,西安後衛,5,34.26661,34.26661
明,貴州宣慰使司,5,,
明,達縣,5,31.226969000000004,31.226969
明,邛州,5,30.416589999999996,30.41659
明,鄜州,5,35.546348572,35.546348572
明,鄠縣,5,34.11182,34.11182
明,鄧州,5,32.684825897,32.684825897
明,酆都,5,29.887396000000003,29.887396
明,金吾後衛,5,,
明,金堂,5,30.860479000000005,30.860479
明,鉅鹿,5,37.212341,37.212341
明,長沙,5,28.198198,28.198198
明,閿鄉,5,34.591431,34.591431
明,陵縣,5,37.331113,37.331113
明,陽穀,5,36.11476,36.11476
明,青田,5,28.143875,28.143875
明,香河,5,39.765232,39.765232
明,高明,5,22.889038,22.889038
明,鷹揚衛,5,,
明,[未詳],4,,
明,三水,4,23.17675,23.17675
明,五河,4,33.132603,33.132603
明,保寧守禦千戶所,4,,
明,保昌,4,25.118843,25.118843
明,偃師,4,34.720623,34.720623
明,光化,4,32.462707,32.462707
明,南京欽天監,4,,
明,南漳,4,31.781881,31.781881
明,南陽中護衛,4,32.994974,32.994974
明,台州府,4,28.843132019,28.843132019
明,和順,4,37.331421,37.331421
明,善化,4,28.198198,28.198198
明,均州,4,32.668151855,32.668151855
明,壽州衛,4,32.57974,32.57974
明,夏津,4,36.949275,36.949275
明,大埔,4,24.517746,24.517746
明,天津衛,4,39.145165,39.145165
明,太原府,4,37.873748779,37.873748779
明,夾江,4,29.74136,29.74136
明,威遠,4,29.524572,29.524572
明,孝豐,4,30.585386,30.585386
明,安東,4,33.766373,33.766373
明,安陸衛,4,31.168994,31.168994
明,定邊衛,4,40.16037,40.16037
明,宜山,4,24.49073,24.49073
明,宜陽,4,34.512718,34.512718
明,宣武衛,4,34.848007,34.848007
明,寧化守禦千戶所,4,,
明,寧山衛,4,35.548209,35.548209
明,封邱,4,35.039676666,35.039676666
明,嶧縣,4,34.770003,34.770003
明,巫山,4,31.081345,31.081345
明,常州府,4,31.782783508,31.782783508
明,平凉,4,35.535847,35.535847
明,廣南衛,4,24.052545,24.052545
明,延安衛,4,36.59181,36.59181
明,忠義後衛,4,,
明,思南府,4,27.940149307,27.940149307
明,成武,4,34.962231,34.962231
明,揚州衛,4,32.396494,32.396494
明,晉寧州,4,24.703119278,24.703119278
明,東勝衛,4,40.275991,40.275991
明,林縣,4,36.068802,36.068802
明,樂陵,4,37.737892,37.737892
明,武強,4,37.994431,37.994431
明,永壽,4,34.812748,34.812748
明,永定,4,24.720377,24.720377
明,永州衛,4,26.218205,26.218205
明,沂州衛,4,35.109175,35.109175
明,洵陽,4,32.831093,32.831093
明,涇州,4,35.32881,35.32881
明,涿鹿中衛,4,39.48722,39.48722
明,淳化,4,34.808723112500005,34.808723
明,清源,4,37.557182,37.557182
明,漢軍鑲黃旗,4,,
明,漳州府,4,24.511743546,24.511743546
明,漳平,4,25.289463,25.289463
明,潁上,4,32.63857,32.63857
明,濟南衛,4,36.665632,36.665632
明,燕山左衛,4,39.93143,39.93143
明,狄道,4,35.379147,35.379147
明,瑞安,4,27.790512,27.790512
明,神武右衛,4,38.13938,38.13938
明,福安,4,27.088657,27.088657
明,福州中衛,4,26.082595,26.082595
明,綦江,4,29.025259018,29.025259018
明,綿竹,4,31.342484,31.342484
明,義勇前衛,4,,
明,羽林右衛,4,,
明,考城,4,34.795628,34.795628
明,臨湘,4,29.588139,29.588139
明,臨漳,4,36.341301,36.341301
明,英德,4,24.172937,24.172937
明,茂名,4,21.919214,21.919214
明,荊州府,4,30.350439072,30.350439072
明,蒙古正藍旗,4,,
明,蒙古鑲白旗,4,,
明,蓋州衛,4,40.39957,40.39957
明,藍田,4,34.153698,34.153698
明,蘭州衛,4,36.04703,36.04703
明,蘭縣,4,36.047031,36.047031
明,融縣,4,25.065443,25.065443
明,衡州衛,4,26.9007,26.9007
明,衢州府,4,28.956821442,28.956821442
明,觀城,4,35.944084,35.944084
明,豐潤,4,39.827602,39.827602
明,貴州前衛,4,26.58078,26.58078
明,辰溪,4,28.018482,28.018482
明,連州,4,24.779701,24.779701
明,郯城,4,34.618133545,34.618133545
明,郴州,4,25.802719116,25.802719116
明,鄱陽湖,4,,
明,醴陵,4,27.668518,27.668518
明,金齒衛,4,38.2479,38.2479
明,鉅野,4,35.396209717,35.396209717
明,銅陵,4,30.953846,30.953846
明,鎮朔衛,4,40.00809,40.00809
明,長子,4,36.119934,36.119934
明,長葛,4,34.229904,34.229904
明,阿迷州,4,23.714904785,23.714904785
明,陽朔,4,24.777758,24.777758
明,陽武,4,35.051949,35.051949
明,陽江,4,21.845419,21.845419
明,雞澤,4,36.924026,36.924026
明,雲南中衛,4,25.041749,25.041749
明,雲南後衛,4,25.041749,25.041749
明,霍丘,4,32.33855,32.33855
明,青州左衛,4,36.687173,36.687173
明,饒州府,4,28.994167328,28.994167328
明,馬邑,4,39.353565,39.353565
明,鹿邑,4,33.860767,33.860767
明,黔陽,4,27.195129,27.195129
明,齊東,4,36.991348,36.991348
明,龍江左衛,4,,
明,中江,3,31.044277000000005,31.044277
明,中部,3,35.589474,35.589474
明,九江衛,3,29.723849,29.723849
明,井陘,3,38.03413,38.03413
明,保安,3,37.172073,37.172073
明,保定後衛,3,38.8557,38.8557
明,保德州,3,39.01240921,39.01240921
明,偏頭守禦千戶所,3,,
明,兗州護衛,3,35.55702,35.55702
明,南丹衛,3,23.24382,23.24382
明,南京府軍左衛,3,32.05256,32.05256
明,南寧,3,25.495843886999996,25.495843887
明,南皮,3,38.037567,38.037567
明,古田,3,26.60171,26.60171
明,呈貢,3,24.901342392,24.901342392
明,商水,3,33.537884,33.537884
明,大足,3,29.711468,29.711468
明,大邑,3,30.584782,30.584782
明,天津左衛,3,39.145165,39.145165
明,太原前衛,3,37.87375,37.87375
明,孟縣,3,34.903179,34.903179
明,安吉州,3,30.720935822,30.720935822
明,安寧州,3,24.918441772000005,24.918441772
明,安義,3,28.842564,28.842564
明,定安,3,19.70247,19.70247
明,定遼左衛,3,41.267948,41.267948
明,定陶,3,35.073986,35.073986
明,宜黃,3,27.546391,27.546391
明,宣平,3,28.626228,28.626228
明,容縣,3,22.863588000000004,22.863588
明,密雲,3,40.371482849,40.371482849
明,富川,3,24.824177000000002,24.824177
明,寧夏前衛,3,38.478739,38.478739
明,寧川衛,3,30.663023,30.663023
明,寧縣,3,29.038708,29.038708
明,寧遠衛,3,40.622539,40.622539
明,峨眉,3,29.60173,29.60173
明,崇明,3,31.689386,31.689386
明,平凉衛,3,35.53585,35.53585
明,平夷長官司,3,,
明,府軍右衛,3,,
明,廣宗,3,37.0681,37.0681
明,廣寧中屯衛,3,41.114985,41.114985
明,弘農衛,3,34.701043,34.701043
明,彭城衛,3,,
明,懷仁,3,39.820141,39.820141
明,成縣,3,33.743564606,33.743564606
明,成都府,3,30.650379181,30.650379181
明,房縣,3,32.058971,32.058971
明,新繁,3,30.876556000000004,30.876556
明,新興,3,22.702915,22.702915
明,於潛,3,30.192015,30.192015
明,日照,3,35.393181,35.393181
明,朔州,3,39.308067322,39.308067322
明,朔州衛,3,,
明,望江,3,30.123537,30.123537
明,東勝左衛,3,40.276638,40.276638
明,松江府,3,31.009475708,31.009475708
明,松陽,3,28.450748,28.450748
明,枝江,3,30.295969,30.295969
明,柘城,3,34.076611,34.076611
明,柳城,3,24.527336000000002,24.527336
明,桂平,3,23.394571,23.394571
明,梧州府,3,23.48690033,23.48690033
明,楚雄,3,25.033066,25.033066
明,樂昌,3,25.134874,25.134874
明,武岡州,3,26.730705261,26.730705261
明,武成中衛,3,,
明,武清衛,3,39.523971,39.523971
明,永寧州,3,37.510108948,37.510108948
明,永平,3,25.463171,25.463171
明,永昌府,3,25.112440000000003,25.11244
明,永清右衛,3,39.93143,39.93143
明,汀州府,3,25.833381653,25.833381653
明,汜水,3,34.848579,34.848579
明,沙縣,3,26.39761,26.39761
明,河州衛,3,35.60728,35.60728
明,河西,3,24.141741,24.141741
明,河陰,3,34.893752,34.893752
明,河陽,3,24.673196793,24.673196793
明,泉州府,3,24.909641266000005,24.909641266
明,泗水,3,35.6597,35.6597
明,洛南,3,34.095757,34.095757
明,洛川,3,35.867161,35.867161
明,洞庭湖,3,,
明,涉縣,3,36.697582,36.697582
明,淅川,3,32.982345,32.982345
明,淮安府,3,33.502788544,33.502788544
明,深澤,3,38.184902,38.184902
明,清平,3,36.75478,36.75478
明,清浦,3,,
明,湯溪,3,29.048875999999996,29.048876
明,滁州衛,3,32.315839,32.315839
明,漢軍鑲藍旗,3,,
明,潁州,3,32.90306,32.90306
明,潞城,3,36.335094,36.335094
明,潞州衛,3,36.18354,36.18354
明,潯州府,3,23.394569397,23.394569397
明,澠池,3,34.765198,34.765198
明,濟源,3,35.092437744,35.092437744
明,瀘州衛,3,28.888042,28.888042
明,燕山右衛,3,39.93143,39.93143
明,玉田,3,39.883671,39.883671
明,瓊州府,3,20.008165359,20.008165359
明,白水,3,35.181622,35.181622
明,盧龍衛,3,39.87732,39.87732
明,碭山,3,34.427879,34.427879
明,祁州,3,38.412338257,38.412338257
明,神武左衛,3,,
明,福州右衛,3,26.082595,26.082595
明,穀城,3,32.26936,32.26936
明,穎州,3,32.90306,32.90306
明,竹谿,3,32.333389,32.333389
明,簡縣,3,30.403244,30.403244
明,絳縣,3,35.489243,35.489243
明,羅田,3,30.790346,30.790346
明,羽林左衛,3,,
明,肅府儀衛司,3,,
明,臨武,3,25.281508,25.281508
明,興州中屯衛,3,40.140696,40.140696
明,興州右屯衛,3,40.140696,40.140696
明,興縣,3,38.472668,38.472668
明,舞陽,3,33.432571,33.432571
明,茂州,3,31.688930511,31.688930511
明,茶陵州,3,26.80197525,26.80197525
明,荊州右衛,3,30.347992,30.347992
明,莊浪,3,36.736995697,36.736995697
明,莊浪衛,3,36.732079,36.732079
明,萍鄉,3,27.631424,27.631424
明,萬縣,3,30.812864,30.812864
明,蒙城,3,33.268639,33.268639
明,蒼溪,3,31.743105,31.743105
明,藤縣,3,23.373119,23.373119
明,處州衛,3,28.466094,28.466094
明,褒城,3,33.189389,33.189389
明,襄陽護衛,3,,
明,賓州,3,23.243820189999997,23.24382019
明,赤水衛,3,27.723412,27.723412
明,通山,3,29.597151,29.597151
明,邱縣,3,36.713916779,36.713916779
明,郿縣,3,34.273563,34.273563
明,鄒縣,3,35.402763,35.402763
明,鄖縣,3,32.83374,32.83374
明,鄧川州,3,25.991230011,25.991230011
明,重慶府,3,29.561239243,29.561239243
明,金山衛,3,30.727729999999998,30.72773
明,金華府,3,29.104711533,29.104711533
明,閩清,3,26.213224,26.213224
明,陵川,3,35.778126,35.778126
明,雅州,3,29.985559464,29.985559464
明,雩都,3,25.954086,25.954086
明,霍山,3,31.40778,31.40778
明,霍州,3,36.5638237,36.5638237
明,靈石,3,36.842152,36.842152
明,青州府,3,36.687919617,36.687919617
明,高苑,3,37.094288,37.094288
明,高郵衛,3,32.79071,32.79071
明,鬱林州,3,22.632095000000003,22.632095
明,九溪衛,2,29.507066,29.507066
明,五臺,2,38.71900177,38.71900177
明,五開衛,2,26.22368,26.22368
明,保定,2,39.006218,39.006218
明,保定右衛,2,38.8557,38.8557
明,保定左衛,2,38.8557,38.8557
明,信宜,2,22.208302,22.208302
明,六安衛,2,31.753632,31.753632
明,分水,2,29.92337,29.92337
明,化州,2,21.654027939,21.654027939
明,南京京衛,2,32.05256,32.05256
明,南京廣洋衛,2,32.05256,32.05256
明,南康,2,25.658571,25.658571
明,南直隸,2,,
明,台州路,2,28.843132019,28.843132019
明,合水,2,36.018047333,36.018047333
明,合浦,2,21.670145,21.670145
明,名山,2,30.094233,30.094233
明,吳川,2,21.350586,21.350586
明,嘉興中左千戶所,2,,
明,嘉興府,2,30.767469406,30.767469406
明,嚴州府,2,29.544481277,29.544481277
明,固原衛,2,36.01409,36.01409
明,夔州府,2,31.054750443,31.054750443
明,大同左衛,2,40.00809,40.00809
明,大同府,2,40.092838287,40.092838287
明,大寧中衛,2,40.85008,40.85008
明,大寧衛,2,41.572697,41.572697
明,大田,2,25.692293,25.692293
明,大興左衛,2,39.93143,39.93143
明,大都路,2,39.807792664,39.807792664
明,太谷,2,37.425507,37.425507
明,奉節,2,31.054707,31.054707
明,威遠衛,2,39.94782,39.94782
明,安塞,2,36.903601,36.903601
明,定州衛,2,38.515389,38.515389
明,定遼後衛,2,41.267948,41.267948
明,宜章,2,25.401428,25.401428
明,宣府鎮,2,,
明,宿州,2,33.642368317,33.642368317
明,密雲後衛,2,,
明,寧夏左屯衛,2,38.552711487,38.552711487
明,寧波府,2,29.866315842,29.866315842
明,寧波衛,2,29.871007,29.871007
明,寧津,2,37.649857,37.649857
明,寧海州,2,37.376548767,37.376548767
明,寧海衛,2,37.37655,37.37655
明,山丹衛,2,38.7811,38.7811
明,崇安,2,27.756025,27.756025
明,崑山州,2,31.386108398,31.386108398
明,崖州,2,18.375463486,18.375463486
明,嵐縣,2,38.70397,38.70397
明,常德府,2,29.034807205,29.034807205
明,平南,2,23.54998,23.54998
明,平夷衛,2,25.672908,25.672908
明,平山,2,38.252403,38.252403
明,平江,2,28.709812,28.709812
明,平溪衛,2,,
明,平遙,2,37.20726,37.20726
明,平陽衛,2,36.070185,36.070185
明,府谷,2,39.03214,39.03214
明,廣寧右衛,2,41.59517,41.59517
明,廣寧後屯衛,2,41.533588,41.533588
明,廣州府,2,23.134624481,23.134624481
明,廣東省,2,23.134624481,23.134624481
明,廣西護衛,2,25.281529,25.281529
明,廬州衛,2,31.864612,31.864612
明,延慶衛,2,,
明,延綏鎮,2,40.2127,40.2127
明,彭山,2,30.200752,30.200752
明,復州衛,2,39.736738,39.736738
明,德陽,2,31.132372,31.132372
明,徽府儀衛司,2,,
明,慶都,2,38.705265,38.705265
明,慶陽府,2,36.0051651,36.0051651
明,應天衛,2,,
明,懷來衛,2,40.413603,40.413603
明,懷遠衛,2,32.875705,32.875705
明,成都中衛,2,30.663023,30.663023
明,房山,2,39.710479736,39.710479736
明,撫寧,2,39.88467,39.88467
明,撫州府,2,27.984781265,27.984781265
明,新泰,2,35.90966,35.90966
明,新津,2,30.423536,30.423536
明,普寧,2,23.442375,23.442375
明,景寧,2,27.974432,27.974432
明,曲陽,2,38.621449,38.621449
明,曹州府,2,35.25025177,35.25025177
明,會寧,2,35.694199,35.694199
明,東流,2,30.213217,30.213217
明,柳州府,2,24.309989929,24.309989929
明,桂林府,2,25.280059814,25.280059814
明,桂陽州,2,24.779701233,24.779701233
明,榮河,2,35.312033,35.312033
明,橫州,2,22.692960739,22.692960739
明,武定守禦千戶所,2,,
明,武平衛,2,33.842563,33.842563
明,武義,2,28.895449,28.895449
明,武陟,2,35.056087494,35.056087494
明,水德江長官司,2,27.940149307,27.940149307
明,永州府,2,26.210338593,26.210338593
明,汀州衛,2,25.833792,25.833792
明,汝寧衛,2,33.00754,33.00754
明,江寧府,2,32.052562714,32.052562714
明,江油,2,31.882812,31.882812
明,江浙行中書省,2,,
明,江陰衛,2,,
明,汾州衛,2,37.2634,37.2634
明,沙河,2,36.884628,36.884628
明,沛縣,2,34.737995,34.737995
明,河間府,2,38.435699463,38.435699463
明,浪穹,2,26.112703,26.112703
明,海康,2,20.901958,20.901958
明,涿鹿衛,2,39.48722,39.48722
明,淇縣,2,35.606449127,35.606449127
明,淮東道宣慰司,2,,
明,淶水,2,39.391743,39.391743
明,清遠,2,23.720728,23.720728
明,湖州府,2,30.864963531,30.864963531
明,湖廣群牧所,2,,
明,湖廣諸道,2,,
明,溫縣,2,34.938118,34.938118
明,漢中衛,2,33.07649,33.07649
明,漳州衛,2,24.511238,24.511238
明,瀋陽中衛,2,41.796033,41.796033
明,瀋陽衛,2,41.796033,41.796033
明,瀏陽,2,28.149572,28.149572
明,灌陽,2,25.488653,25.488653
明,烏撒衛,2,26.866033,26.866033
明,營州後屯衛,2,40.669278500000004,40.669278500000004
明,珙縣,2,28.645601,28.645601
明,琉球國,2,,
明,瑞昌,2,29.685339,29.685339
明,瑞金,2,25.872566,25.872566
明,甘泉,2,36.278626,36.278626
明,甘肅衛,2,38.932422,38.932422
明,留守中衛,2,,
明,留守右衛,2,,
明,真定府,2,38.140110016,38.140110016
明,石城,2,26.328182,26.328182
明,石阡府,2,27.521961212,27.521961212
明,神木,2,38.82196,38.82196
明,神武中衛,2,39.90592,39.90592
明,福州左衛,2,26.082595,26.082595
明,秦安,2,34.863220215,34.863220215
明,程鄉,2,24.315781,24.315781
明,筠連,2,28.163547516,28.163547516
明,緬甸,2,,
明,羅江,2,31.303993,31.303993
明,義勇後衛,2,,
明,義州衛,2,41.53398,41.53398
明,興州五衛,2,40.140696,40.140696
明,興州左屯衛,2,40.140696,40.140696
明,興武衛,2,,
明,茶陵,2,26.80197525,26.80197525
明,荊州衛,2,30.347992,30.347992
明,萊州衛,2,37.177053,37.177053
明,萬全右衛,2,40.86389,40.86389
明,葭州,2,38.023292542,38.023292542
明,蒙化府,2,25.23003006,25.23003006
明,蒙古正紅旗,2,,
明,蒙古鑲藍旗,2,,
明,蓬州,2,31.038309097,31.038309097
明,蔚州衛,2,39.84054,39.84054
明,衛輝守禦千戶所,2,,
明,衡州府,2,26.90161705,26.90161705
明,貞寧,2,35.43111,35.43111
明,貴竹長官司,2,26.580780029,26.580780029
明,贛榆,2,34.89666,34.89666
明,贛縣,2,25.847,25.847
明,趙城,2,36.390411,36.390411
明,辰州府,2,28.458190918,28.458190918
明,通江,2,31.925125,31.925125
明,通渭,2,35.694199,35.694199
明,遂平,2,33.147839,33.147839
明,遼東諸道,2,,
明,邛縣,2,,
明,邳州,2,34.119205475,34.119205475
明,都勻衛,2,26.26565,26.26565
明,鄉寧,2,35.973175,35.973175
明,鄭府儀衛司,2,,
明,金吾前衛,2,,
明,金州,2,32.70456,32.70456
明,鍾離,2,32.9023,32.9023
明,鎮原,2,35.683887482,35.683887482
明,鎮江衛,2,32.205769,32.205769
明,鎮西衛,2,38.70397,38.70397
明,鎮遠,2,27.054264069,27.054264069
明,鎮遠衛,2,,
明,長淮衛,2,,
明,開封府,2,34.785477,34.785477
明,開縣,2,31.187906,31.187906
明,隆平,2,37.35228,37.35228
明,隆德,2,35.617092133,35.617092133
明,雲南府,2,25.045913696,25.045913696
明,雲和,2,28.112402,28.112402
明,雲陽,2,30.966854,30.966854
明,電白,2,21.512405,21.512405
明,靈臺,2,35.071903229,35.071903229
明,靖江府儀衛司,2,,
明,靖虜衛,2,36.56527,36.56527
明,靜寧州,2,35.5241,35.5241
明,鞏昌府,2,35.007137299,35.007137299
明,韶州府,2,24.810209274,24.810209274
明,順昌,2,26.797091,26.797091
明,饒州守禦千戶所,2,,
明,馬邑守禦千戶所,2,,
明,麟遊,2,34.683944702,34.683944702
明,黃州府,2,30.446989059,30.446989059
明,黃州衛,2,30.43764,30.43764
明,黎城,2,36.504337,36.504337
明,龍州,2,22.351669312,22.351669312
明,龍門衛,2,40.786002,40.786002
明,三萬衛,1,42.61151,42.61151
明,上津,1,33.139763,33.139763
明,上湖南分守道,1,,
明,丹稜,1,30.02619,30.02619
明,九江府,1,29.722364426,29.722364426
明,任城衛,1,35.55702,35.55702
明,伊府儀衛司,1,,
明,保安衛,1,,
明,保定前衛,1,38.8557,38.8557
明,保定府,1,38.855701447,38.855701447
明,保寧府,1,31.58313942,31.58313942
明,保山,1,25.11244,25.11244
明,信陽州,1,32.131118774,32.131118774
明,儀徵,1,32.267543793,32.267543793
明,儀真衛,1,32.27196,32.27196
明,兩當,1,33.909629822,33.909629822
明,利州衛,1,32.39448,32.39448
明,北平行都指揮使司,1,,
明,北平都指揮使司,1,,
明,北流,1,22.714184,22.714184
明,南京水軍右衛,1,32.05256,32.05256
明,南京留守後衛,1,32.05256,32.05256
明,南寧府,1,22.8061409,22.8061409
明,南寧衛,1,22.801627,22.801627
明,南康府,1,29.453485489,29.453485489
明,南江,1,32.36176,32.36176
明,南陽府,1,33.001678467,33.001678467
明,南雄府,1,25.118843079,25.118843079
明,右軍都督府,1,,
明,吉安守禦千戶所,1,,
明,吉府儀衛司,1,,
明,同官,1,35.133014679,35.133014679
明,含山,1,31.720116,31.720116
明,吳江州,1,31.167064667,31.167064667
明,周府儀衛司,1,,
明,和陽衛,1,,
明,唐縣守禦右千戶所,1,,
明,商縣,1,33.869892,33.869892
明,壽府儀衛司,1,,
明,大同中屯衛,1,,
明,大同右衛,1,40.16037,40.16037
明,大同鎮,1,,
明,大名府,1,36.309688568,36.309688568
明,大寧,1,31.406133652,31.406133652
明,大寧都指揮使司,1,,
明,大嵩衛,1,36.70051,36.70051
明,大理府,1,25.6978302,25.6978302
明,天城衛,1,40.41579,40.41579
明,天津右衛,1,39.145165,39.145165
明,太原都衛,1,,
明,奉議州,1,23.722789764,23.722789764
明,奠靖守禦千戶所,1,,
明,始興,1,24.945763,24.945763
明,姚安中屯千戶所,1,25.656377792,25.656377792
明,婺源州,1,29.244728088,29.244728088
明,守禦通海前前千戶所,1,,
明,守禦通海右右千戶所,1,,
明,安吉,1,30.720936,30.720936
明,安寧守禦千戶所,1,,
明,安平分守道,1,,
明,安慶府,1,30.512294769,30.512294769
明,安慶衛,1,30.514037,30.514037
明,安東中屯衛,1,,
明,安東中護衛,1,35.53585,35.53585
明,安福守禦千戶所,1,,
明,安縣,1,31.649504,31.649504
明,定海衛,1,29.949247,29.949247
明,定遼前衛,1,41.267948,41.267948
明,宜川,1,36.045174,36.045174
明,宜興州,1,31.363637924,31.363637924
明,宣大總督,1,,
明,宣府前衛,1,40.614296,40.614296
明,宣府左衛,1,40.614296,40.614296
明,宿州衛,1,33.638893,33.638893
明,密縣,1,34.51463,34.51463
明,密雲衛,1,40.370869,40.370869
明,富峪衛,1,41.01377,41.01377
明,寧化,1,26.266445,26.266445
明,寧夏中屯衛,1,,
明,寧夏後衛,1,37.7813,37.7813
明,寧都直隸州直轄地方,1,26.466514587,26.466514587
明,寶山州,1,26.804689407,26.804689407
明,寶豐,1,33.871128,33.871128
明,將樂,1,26.720821,26.720821
明,居庸關守禦千戶所,1,,
明,屏山,1,28.657144547,28.657144547
明,山西聚落驛,1,,
明,山西都指揮使司,1,,
明,山陰守禦千戶所,1,,
明,岢嵐州,1,38.703971863,38.703971863
明,岳州衛,1,29.380683,29.380683
明,崇善,1,22.420197,22.420197
明,崇寧,1,30.926973343,30.926973343
明,崇府儀衛司,1,,
明,嵩明州,1,25.341337204,25.341337204
明,常熟州,1,31.64658165,31.64658165
明,平海衛,1,25.184362,25.184362
明,平越衛,1,26.70121,26.70121
明,平遠,1,24.811316,24.811316
明,平陽州,1,27.675718307,27.675718307
明,府軍衛,1,,
明,廉州府,1,21.670145035,21.670145035
明,廣安守禦千戶所,1,,
明,廣寧中衛,1,41.59517,41.59517
明,廣寧前屯衛,1,40.188493,40.188493
明,廣州右衛,1,23.122147,23.122147
明,廣州後衛,1,23.122147,23.122147
明,廣德路,1,30.894685745,30.894685745
明,廣武衛,1,,
明,廣西府,1,24.53193,24.53193
明,廣靈,1,39.763554,39.763554
明,廬州府,1,31.864456177,31.864456177
明,廬州路,1,31.864456177,31.864456177
明,延安府,1,36.591808319,36.591808319
明,延慶州,1,40.45969,40.45969
明,延綏道,1,,
明,建寧左衛,1,27.036675,27.036675
明,建陽衛,1,31.55845,31.55845
明,彌勒州,1,24.409358978,24.409358978
明,彰德衛,1,36.098363,36.098363
明,徐州衛,1,34.25862,34.25862
明,徐溝,1,37.557182,37.557182
明,徐聞,1,20.282872,20.282872
明,德慶州,1,23.146791458,23.146791458
明,徽州,1,33.777549744,33.777549744
明,忠義中衛,1,40.18445,40.18445
明,忠義前衛,1,,
明,思州府,1,27.216140747,27.216140747
明,惠州府,1,23.09031105,23.09031105
明,惠州衛,1,23.087031,23.087031
明,慶元路,1,29.866315842,29.866315842
明,慶府儀衛司,1,,
明,慶遠衛,1,24.493991,24.493991
明,慶雲,1,37.851643,37.851643
明,懷安衛,1,40.276638,40.276638
明,懷柔,1,40.312084198,40.312084198
明,懷集,1,23.912186,23.912186
明,成都路,1,30.650379181,30.650379181
明,撫寧衛,1,39.88467,39.88467
明,敘州府,1,28.774831772,28.774831772
明,敘浦,1,27.915644,27.915644
明,文州,1,,
明,新樂,1,38.395042,38.395042
明,新興州,1,24.355510712,24.355510712
明,新興所,1,,
明,昌國衛,1,29.25453,29.25453
明,明州府,1,29.866315842,29.866315842
明,普安州,1,25.794799805,25.794799805
明,普定路,1,26.243240356,26.243240356
明,曲江,1,24.810209,24.810209
明,曲靖軍民府,1,,
明,東勝右衛,1,40.276638,40.276638
明,東寧衛,1,40.453338,40.453338
明,東昌府,1,36.447738647,36.447738647
明,松潘兵備道,1,,
明,松潘衛,1,32.641169,32.641169
明,桐柏,1,32.370747,32.370747
明,梧州守禦千戶所,1,,
明,楊林,1,,
明,楚雄衛,1,25.035064,25.035064
明,榆林兵備道,1,,
明,榮澤,1,34.78683,34.78683
明,樂至,1,30.286827087,30.286827087
明,欽州,1,21.951425552,21.951425552
明,正藍旗,1,,
明,武寧,1,29.277487,29.277487
明,武平,1,25.091484,25.091484
明,武昌左衛,1,30.542175,30.542175
明,永寧宣撫司,1,,
明,永從,1,26.038626,26.038626
明,永清左衛,1,39.93143,39.93143
明,汝寧府,1,33.007541656,33.007541656
明,江南,1,,
明,江安,1,28.726171,28.726171
明,江華,1,25.189919,25.189919
明,汴梁路,1,,
明,汾州府,1,37.2634,37.2634
明,汾西,1,36.650539,36.650539
明,汾陽,1,,
明,沁州守禦千戶所,1,,
明,沅江,1,28.837835,28.837835
明,沈丘,1,33.178883,33.178883
明,河東,1,34.835129,34.835129
明,河源,1,23.736834,23.736834
明,洧川,1,34.288132,34.288132
明,洱海衛,1,25.427367,25.427367
明,浙江監察道,1,,
明,浮山,1,35.967442,35.967442
明,海州守禦千戶所,1,,
明,海州衛,1,40.849856,40.849856
明,海鹽州,1,30.517858505,30.517858505
明,涼州衛,1,37.927196,37.927196
明,淮安路,1,33.502788544,33.502788544
明,清水,1,34.746303558,34.746303558
明,渭源,1,35.139488,35.139488
明,渾源州,1,39.696331024,39.696331024
明,湖州路,1,30.864963531,30.864963531
明,湘鄉,1,27.737248,27.737248
明,溫州衛,1,28.015419,28.015419
明,滄州守禦千戶所,1,,
明,漢中府,1,33.07648468,33.07648468
明,漢軍八旗,1,,
明,漢軍正紅旗,1,,
明,漢軍鑲紅旗,1,,
明,漢陰,1,32.895229,32.895229
明,漢陽府,1,30.552240372,30.552240372
明,潞安府,1,36.183540344,36.183540344
明,潮州衛,1,23.66771,23.66771
明,濠州,1,32.901634216,32.901634216
明,濮州備禦千戶所,1,,
明,瀋陽中護衛,1,36.183663,36.183663
明,瀾滄衛,1,,
明,灌縣守禦千戶所,1,,
明,無錫州,1,31.574613571,31.574613571
明,燕山前衛,1,39.93143,39.93143
明,營州前屯衛,1,41.58008,41.58008
明,營州右屯衛,1,41.124814,41.124814
明,環縣,1,36.573410034,36.573410034
明,甘州中護衛,1,,
明,甘州左衛,1,38.96341,38.96341
明,甘州衛,1,38.93311,38.93311
明,甘肅兵備道,1,,
明,畢節兵備道,1,,
明,略陽,1,33.332401,33.332401
明,登州守禦前千戶所,1,,
明,登州府,1,37.804519653,37.804519653
明,真陽,1,32.609119,32.609119
明,睢寧,1,33.899052,33.899052
明,睢縣,1,34.430504,34.430504
明,瞿塘衛,1,31.017209,31.017209
明,石樓,1,36.995705,36.995705
明,石門,1,29.588543,29.588543
明,神策衛,1,,
明,福建省,1,26.073953629,26.073953629
明,竹山,1,32.226128,32.226128
明,納溪,1,28.782063,28.782063
明,紫荊關守禦千戶所,1,,
明,紹興路,1,30.004514694,30.004514694
明,緬甸軍民宣慰使司,1,,
明,繁畤,1,39.176876,39.176876
明,羅源,1,26.490908,26.490908
明,羅雄州,1,,
明,者樂甸長官司,1,24.008821487,24.008821487
明,肅州衛,1,39.736682,39.736682
明,臨江府,1,28.015565872,28.015565872
明,臨洮府,1,35.379146576,35.379146576
明,臨淄,1,36.809605,36.809605
明,臨高,1,19.91807,19.91807
明,興國,1,26.321701,26.321701
明,興州前屯衛,1,40.140696,40.140696
明,良鄉,1,39.741252899,39.741252899
明,芒部軍民府,1,,
明,英山,1,30.742138,30.742138
明,茂州衛,1,31.683658,31.683658
明,茌平,1,36.54313,36.54313
明,荏平縣,1,,
明,萬全都指揮使司,1,,
明,萬州,1,30.812864304,30.812864304
明,蒙古鑲紅旗,1,,
明,蒙自,1,23.355473,23.355473
明,蒲江,1,30.214197,30.214197
明,蒲臺,1,37.36812973,37.36812973
明,蕭縣,1,34.205476,34.205476
明,蘇州,1,28.9477,28.9477
明,蘭溪州,1,29.204452515,29.204452515
明,虎賁右衛,1,,
明,虎賁左衛,1,,
明,虹縣,1,33.478375,33.478375
明,衛輝守禦前千戶所,1,,
明,衛輝府,1,35.410388947,35.410388947
明,衡水,1,37.726162,37.726162
明,袁州府,1,27.794265747,27.794265747
明,袁州衛,1,27.800658,27.800658
明,西固城守禦千戶所,1,,
明,西域,1,,
明,西安府,1,34.266605377,34.266605377
明,西寧,1,23.145523,23.145523
明,西寧衛,1,36.60886,36.60886
明,西鄉,1,32.990273,32.990273
明,諸北京留守軍衛、千戶所、院,1,,
明,貴縣,1,23.099092,23.099092
明,贊皇,1,37.662655,37.662655
明,贛州府,1,25.847000122,25.847000122
明,越州衛,1,25.298304,25.298304
明,通城,1,29.261196,29.261196
明,通州右衛,1,39.90592,39.90592
明,通州守禦千戶所,1,,
明,通海,1,24.106072,24.106072
明,遠安,1,31.074501,31.074501
明,遵化衛,1,40.18445,40.18445
明,遼海衛,1,42.61151,42.61151
明,邳州衛,1,34.116892,34.116892
明,鄖陽府,1,32.833740234,32.833740234
明,酃縣,1,26.49686,26.49686
明,金州守禦千戶所,1,,
明,金州衛,1,39.094965,39.094965
明,銅仁,1,27.722476959,27.722476959
明,鎮安,1,33.431843,33.431843
明,鎮平,1,24.651355743,24.651355743
明,鎮東衛,1,25.701898,25.701898
明,鎮江府,1,32.206489563,32.206489563
明,鎮遠府,1,27.054264069,27.054264069
明,鎮遠蠻夷長官司,1,,
明,鐵嶺衛,1,42.289855,42.289855
明,鑲白旗,1,,
明,長寧守禦千戶所,1,,
明,開平,1,22.478264,22.478264
明,開平中屯衛,1,41.575611,41.575611
明,開平衛,1,,
明,陝西群牧所,1,,
明,陸涼州,1,25.032264709,25.032264709
明,陽春,1,22.440176,22.440176
明,隆慶衛,1,39.93143,39.93143
明,階州,1,33.39484024,33.39484024
明,隰州,1,36.6876297,36.6876297
明,集慶路,1,32.052562714,32.052562714
明,雲南,1,25.479092,25.479092
明,雷州衛,1,20.905974,20.905974
明,霑益州,1,25.609928131,25.609928131
明,靈丘,1,39.437744,39.437744
明,靈州守禦千戶所,1,38.088890076,38.088890076
明,靖江,1,32.014404,32.014404
明,靖海衛,1,36.85748,36.85748
明,鞏昌衛,1,35.00714,35.00714
明,順天府府軍衛,1,39.93143,39.93143
明,順寧府,1,24.591810226,24.591810226
明,順州,1,40.1268,40.1268
明,順慶府,1,30.79899025,30.79899025
明,顯陵衛,1,,
明,馬湖府,1,28.657140732,28.657140732
明,騰沖守禦千戶所,1,25.024349213,25.024349213
明,騰衝衛,1,25.019714,25.019714
明,驍騎右衛,1,,
明,魯府儀衛司,1,,
明,鳳翔府,1,34.522518158,34.522518158
明,鳳陽府,1,32.865348816,32.865348816
明,鳳陽衛,1,,
明,鹽亭,1,31.229305,31.229305
明,麻哈州,1,26.498540878,26.498540878
明,麻陽,1,27.717134,27.717134
明,黃州路,1,30.446989059,30.446989059
明,黎平府,1,26.223680496,26.223680496
明,龍南,1,24.899044,24.899044
明,龍川,1,24.060003,24.060003
明,龍州宣撫司,1,32.413150787,32.413150787
明,龍慶州,1,40.459,40.459
明,龍興路,1,28.67489624,28.67489624
明,龍驤衛,1,,
清,滿洲鑲黃旗,443,,
清,滿洲正黃旗,400,,
清,順天府,387,39.931427041431526,39.931427002
清,滿洲正白旗,377,,
清,上海,328,31.22442627,31.22442627
清,滿洲正藍旗,312,,
清,滿洲鑲藍旗,283,,
清,滿洲鑲白旗,262,,
清,滿洲鑲紅旗,233,,
清,滿洲正紅旗,225,,
清,上海市,206,,
清,北平市,175,,
清,漢軍鑲黃旗,172,,
清,嘉興,163,30.767469405999996,30.767469406
清,漢軍正白旗,153,,
清,江西省,152,28.67489624,28.67489624
清,澳門,141,22.2,22.2
清,直隸省,136,39.931427002,39.931427002
清,浙江省,112,30.294124603,30.294124603
清,漢軍正黃旗,109,,
清,滿洲,105,,
清,漢軍鑲紅旗,87,,
清,蒙古正黃旗,85,,
清,寧波府,83,29.866315842,29.866315842
清,正定府,78,38.140110016,38.140110016
清,漢軍正藍旗,78,,
清,漢軍鑲白旗,77,,
清,漢軍正紅旗,73,,
清,漢軍鑲藍旗,67,,
清,揚州府,66,32.391269684,32.391269684
清,蒙古正白旗,65,,
清,內務府三旗,64,,
清,蒙古鑲黃旗,62,,
清,嘉興府,60,30.767469406,30.767469406
清,蒙古正藍旗,59,,
清,江都,57,32.39126969508772,32.391269684
清,海鹽,55,30.517858531999998,30.517858505
清,杭州府,54,30.294124603,30.294124603
清,正定,53,38.140110016,38.140110016
清,法國,50,,
清,內蒙古地方,45,,
清,寧波市,42,,
清,內務府正白旗包衣,41,,
清,天津,41,39.13697052,39.13697052
清,甘泉,41,32.391269684,32.391269684
清,漢軍八旗,40,,
清,蒙古鑲白旗,38,,
清,贛縣,38,25.847000122,25.847000122
清,內務府正黃旗包衣,34,,
清,杭州市,33,,
清,外國,32,,
清,餘江,32,,
清,保定府,29,38.760005687689656,38.756587982
清,宣化府,29,40.610363007,40.610363007
清,江寧府,29,32.052562714,32.052562714
清,蘇州府,29,31.312709808,31.312709808
清,九江府,28,29.722364425999995,29.722364426
清,四川省,26,30.650384903,30.650384903
清,盧龍,26,39.876998901,39.876998901
清,蒙古正紅旗,26,,
清,正白旗,25,,
清,保定道,24,,
清,南昌府,24,28.67489624,28.67489624
清,天津府,24,39.13697052,39.13697052
清,蒙古鑲紅旗,24,,
清,廣州府,23,23.134624481,23.134624481
清,正黃旗,23,,
清,河北省,23,,
清,錢塘,23,30.29412463752174,30.294124603
清,河南省,21,34.785476685,34.785476685
清,湖北省,21,30.541385651,30.541385651
清,南昌市,19,,
清,邢臺,19,,
清,鑲白旗,19,,
清,鑲黃旗,19,,
清,吉安,18,,
清,平湖,18,30.704219896,30.704219818
清,廣東省,18,23.134624481,23.134624481
清,武進,18,31.782783672,31.782783508
清,永嘉,18,28.018291473,28.018291473
清,松江府,17,31.009475708,31.009475708
清,江寧,17,32.052562730823524,32.052562714
清,福建省,17,26.073953629,26.073953629
清,蒙古鑲藍旗,17,,
清,蠡縣,17,38.490062714,38.490062714
清,衢州府,17,28.956821442,28.956821442
清,儀徵,16,32.267543793,32.267543793
清,大興,16,39.931427002,39.931427002
清,建昌府,16,27.559717178,27.559717178
清,撫州府,16,27.984781265,27.984781265
清,華亭,16,31.009476,31.009476
清,蕪湖,16,31.334949493,31.334949493
清,休寧,15,29.781190872,29.781190872
清,內務府鑲黃旗包衣,15,,
清,吉安府,15,27.103239059,27.103239059
清,宛平,15,39.931427002,39.931427002
清,山陽,15,33.5027885744,33.502788544
清,正藍旗,15,,
清,無錫,15,31.5746136568,31.574613571
清,鑲紅旗,15,,
清,鑲藍旗,15,,
清,台州府,14,28.843132019,28.843132019
清,寶坻,14,39.725894928,39.725894928
清,中華人民共和國,13,,
清,三橋渡,12,,
清,寧晉,12,37.621086121,37.621086121
清,德清,12,30.553133011,30.553133011
清,正紅旗,12,,
清,江南道,12,,
清,美國,12,,
清,薊州,12,40.04386456816667,40.043865204
清,趙州直隸州,12,37.752925873,37.752925873
清,雲南省,12,25.045913696,25.045913696
清,南昌,11,28.674896196363637,28.67489624
清,吳縣,11,31.312709999999996,31.31271
清,浮梁,11,29.382741928000005,29.382741928
清,湖南省,11,28.198198317999996,28.198198318
清,南陽府,10,33.001678467,33.001678467
清,吳江,10,31.167065,31.167065
清,安仁,10,28.234671973799998,28.404430389
清,寶應,10,33.235946655,33.235946655
清,山陰,10,30.9481069246,30.004514694
清,常州府,10,31.782783508,31.782783508
清,平陰,10,36.2869339091,36.286933899
清,歙縣,10,29.865770272000002,29.86577034
清,永平府,10,39.877323151,39.877323151
清,湖廣道,10,,
清,信陽州,9,32.131118774,32.131118774
清,常熟,9,31.646582,31.646582
清,新建,9,28.674896239999995,28.67489624
清,會稽,9,30.004514762,30.004514694
清,桐城,9,31.052280284,31.052280426
清,漢陽,9,30.54524863644444,30.544374466
清,義大利,9,,
清,蔚州,9,39.840538025,39.840538025
清,餘姚,9,30.049066695999997,30.049066544
清,饒州府,9,28.994167327999996,28.994167328
清,定海,8,30.015159607,30.015159607
清,崑山,8,31.386108398,31.386108398
清,廣西省,8,25.280059814,25.280059814
清,武昌府,8,30.541385651,30.541385651
清,溧陽,8,31.430706018,31.430706024
清,臨江府,8,28.015569687,28.015569687
清,荷蘭國,8,,
清,貴州省,8,26.580778122,26.580778122
清,台灣道,7,,
清,嘉善,7,30.843824221142857,30.843824387
清,安國,7,,
清,山東省,7,36.650131226,36.650131226
清,山西省,7,37.873752594,37.873752594
清,會稽道,7,,
清,武清,7,39.517601013,39.517601013
清,甘肅省,7,36.047031403,36.047031403
清,興安府,7,32.693626404,32.693626404
清,諸暨,7,29.713136813142857,29.713136673
清,豐潤,7,39.827602386,39.827602386
清,贛州府,7,25.847000122,25.847000122
清,鄞縣,7,29.866315887142857,29.866315842
清,金壇,7,31.74697876,31.74697876
清,仁和,6,30.294124669166667,30.294124603
清,如皋,6,32.384021839333336,32.384021759
清,安徽省,6,30.512294769000004,30.512294769
清,宜興,6,31.363637949333334,31.363637924
清,舟山市,6,,
清,貴溪,6,28.287900925,28.287900925
清,贛南道,6,,
清,通州,6,39.905921936,39.905921936
清,鄖陽府,6,32.833999634,32.833999634
清,鄱陽,6,28.994167328,28.994167328
清,高郵州,6,32.790710449,32.790710449
清,丹徒,5,32.206489563,32.206489563
清,丹陽,5,31.995801926000002,31.995801926
清,句容,5,31.946535066000003,31.94653511
清,會寧,5,35.694198608,35.694198608
清,江山,5,28.735311508000002,28.735311508
清,泰州,5,32.495872498,32.495872498
清,滑縣,5,35.564453125,35.564453125
清,紹興府,5,30.004514694,30.004514694
清,臨川,5,27.984781265,27.984781265
清,蕭山,5,30.161487747399995,30.161487579
清,西安府,5,34.266605377,34.266605377
清,贛北道,5,,
清,陝西省,5,34.266605377,34.266605377
清,[未詳],4,,
清,上元,4,32.0525627855,32.052562714
清,京師,4,39.931430817,39.931430817
清,仙居,4,28.852207184,28.852207184
清,元氏,4,37.750030518,37.750030518
清,南豐,4,27.214305878,27.214305878
清,南陽,4,33.00167811675,33.001678
清,固始,4,32.183540258,32.183540344
清,安肅,4,39.019435883,39.019435883
清,定遠,4,30.72706651725,32.530246735
清,常德府,4,29.034807205,29.034807205
清,平陸,4,34.808998108,34.808998108
清,彭澤,4,29.896095276,29.896095276
清,曲阜,4,35.598602295,35.598602295
清,松潘直隸廳,4,32.648323059,32.648323059
清,武昌,4,30.402717795,30.402717795
清,河南府,4,34.666853904999996,34.665275574
清,河間府,4,38.435699463,38.435699463
清,泰和,4,26.792102814,26.792102814
清,淮安府,4,33.502788544,33.502788544
清,清朝諸道(地區未詳),4,,
清,湖州府,4,30.864963531,30.864963531
清,溫州府,4,28.018291473,28.018291473
清,潛山,4,30.630346298,30.630346298
清,濟南府,4,36.650131226,36.650131226
清,濟寧直隸州,4,35.410430908,35.410430908
清,玉山,4,28.679601669,28.679601669
清,石門市,4,,
清,祁門,4,29.854146957,29.854146957
清,臨清直隸州,4,36.846214294,36.846214294
清,英國,4,,
清,蒙古,4,,
清,西藏地方,4,29.707382202,29.707382202
清,長沙府,4,28.198198318,28.198198318
清,閩縣,4,26.073953721749998,26.073953629
清,順德府,4,37.066356659,37.066356659
清,黟縣,4,29.933116913,29.933116913
清,上虞,3,29.952653885,29.952653885
清,伊犁直隸廳,3,,
清,保定,3,39.006217957,39.006217957
清,儀真,3,32.267544,32.267544
清,光州直隸州,3,32.130302429,32.130302429
清,六合,3,32.348419189,32.348419189
清,合肥,3,31.864456118000003,31.864456177
清,吉林省,3,43.907131195,43.907131195
清,吳城鎭鋪,3,29.233615,29.233615
清,唐縣,3,32.69770813,32.69770813
清,嘉定,3,31.385845122666666,31.385845184
清,堂邑,3,36.487838915,36.487839
清,壽昌,3,29.369588852000003,29.369588852
清,天津市,3,,
清,太倉州,3,31.451000214,31.451000214
清,太平,3,28.36390686,28.36390686
清,安南國,3,,
清,定海直隸廳,3,30.015159607,30.015159607
清,宣化,3,31.7082540035,31.7082540035
清,宣城,3,30.946941376,30.946941376
清,寧海,3,29.283617019999998,29.28361702
清,崇仁,3,27.75564003,27.75564003
清,崇明,3,31.627645493,31.627645493
清,嵊縣,3,29.587490082,29.587490082
清,懷來,3,40.346069336,40.346069336
清,曹縣,3,34.827587128,34.827587128
清,束鹿,3,37.84853363,37.84853363
清,東平州,3,35.91034317,35.91034317
清,東昌府,3,36.447738647,36.447738647
清,永城,3,33.93945694,33.93945694
清,江蘇省,3,31.312709808000005,31.312709808
清,江陰,3,31.908769738666667,31.908769608
清,海門,3,,
清,淄川,3,36.635994,36.635994
清,清朝,3,,
清,清苑,3,38.82266332733334,38.855701
清,滄州,3,38.308998108,38.308998108
清,漢陽府,3,30.544374466000004,30.544374466
清,烏程,3,30.86496384366667,30.864964
清,祥符,3,34.785477,34.785477
清,秀水,3,30.767469406,30.767469406
清,縉雲,3,28.648391724000003,28.648391724
清,豫章道,3,,
清,辰州府,3,28.458190918,28.458190918
清,遵化直隸州,3,40.184448242,40.184448242
清,遼陽州,3,41.265850067,41.265850067
清,長沙,3,28.198198318,28.198198318
清,長洲,3,31.31271,31.31271
清,開封府,3,34.785477,34.785477
清,雷州府,3,20.901958466,20.901958466
清,霸州,3,39.101537068666666,39.101535797
清,高安,3,28.425598145,28.425598145
清,黃岡,3,30.44698710133333,30.446987152
清,黃巖,3,28.642612457,28.642612457
清,黑龍江將軍轄區,3,,
清,九江,2,,
清,元和,2,31.312709808,31.312709808
清,六安直隸州,2,31.754594803,31.754594803
清,北京省市,2,,
清,南京,2,32.052562714,32.052562714
清,南召,2,33.445316315,33.445316315
清,南安,2,24.953764,24.953764
清,南康府,2,29.453485489,29.453485489
清,南雄直隸州直轄地方,2,25.118843079,25.118843079
清,和闐直隸州,2,37.105922699,37.105922699
清,咸寧,2,34.317987,34.317987
清,喀什噶爾道,2,,
清,固安,2,39.435630798,39.435630798
清,天門,2,30.65625,30.65625
清,太倉直隸州,2,31.451000214,31.451000214
清,太倉直隸州直轄地方,2,31.451000214,31.451000214
清,太湖,2,30.420059204,30.420059204
清,奉化,2,29.651657052,29.651657052
清,婺源,2,29.244728088,29.244728088
清,孝感,2,30.926222,30.926222
清,孟津,2,34.811684,34.811684
清,孟連土司,2,22.340000153,22.340000153
清,安州,2,38.87537384,38.87537384
清,安慶府,2,30.512294769,30.512294769
清,定州直隸州,2,38.520061493,38.520061493
清,定番州,2,26.138755798,26.138755798
清,定縣,2,,
清,定興,2,39.269592285,39.269592285
清,宿州,2,33.642368317,33.642368317
清,寧國府,2,30.946941376,30.946941376
清,寧夏府,2,38.466972351,38.466972351
清,山海關道,2,,
清,巴西,2,31.464276,31.464276
清,常山,2,28.9037323,28.9037323
清,平樂,2,24.635726929,24.635726929
清,廈門廳,2,24.450399399,24.450399399
清,廣信府,2,28.450689316,28.450689316
清,廣宗,2,37.068099976,37.068099976
清,廬州府,2,31.864456177,31.864456177
清,建德,2,29.8343336385,29.8343336385
清,惠州府,2,23.09031105,23.09031105
清,慶遠府,2,24.490730286,24.490730286
清,懋功直隸廳,2,30.992862701,30.992862701
清,懷寧,2,30.5122948845,30.5122948845
清,掖縣,2,37.17543,37.17543
清,文安,2,,
清,新疆省,2,43.790721893,43.790721893
清,新鄉,2,35.309940338,35.309940338
清,日本,2,,
清,曲沃,2,35.641285,35.641285
清,杞縣,2,34.5535127865,34.5535127865
清,柳州府,2,24.309988022,24.309988022
清,桂平,2,23.394571304,23.394571304
清,桂林府,2,25.280059814,25.280059814
清,桐柏,2,32.370746613,32.370746613
清,樂安,2,27.426288605,27.426288605
清,欒城,2,37.885780334,37.885780334
清,歸安,2,30.8649637655,30.8649637655
清,比利時,2,,
清,永康,2,28.897268295,28.897268295
清,江夏,2,30.541385651,30.541385651
清,江浦,2,32.064868927,32.064868927
清,河北道,2,,
清,河南省諸道區,2,,
清,洪洞,2,36.259399,36.259399
清,海城,2,40.849636078,40.849636078
清,海寧,2,30.40628,30.40628
清,海寧州,2,30.406280518,30.406280518
清,海州直隸州,2,34.570053101,34.570053101
清,海門直隸廳,2,31.893732071,31.893732071
清,清江,2,28.0155678435,28.0155678435
清,渮澤,2,35.25025177,35.25025177
清,湖廣下荊南道,2,,
清,湘潭,2,27.87269783,27.87269783
清,漢中府,2,33.076480865,33.076480865
清,潮州府,2,23.667705536,23.667705536
清,潯州府,2,23.394571304,23.394571304
清,濟寧州,2,35.410430908,35.410430908
清,無為州,2,31.29851532,31.29851532
清,玉屏,2,27.235931396,27.235931396
清,益都,2,36.69748,36.69748
清,益陽,2,28.597808838,28.597808838
清,真定,2,38.14011,38.14011
清,確山,2,32.807674408,32.807674408
清,章丘,2,36.75417,36.75417
清,紹興,2,,
清,膠州,2,36.30002594,36.30002594
清,臨海,2,28.843132019,28.843132019
清,興化,2,32.934967,32.934967
清,興寧,2,24.138690948,24.138690948
清,華陰,2,34.56831,34.56831
清,萊陽,2,36.971165,36.971165
清,萍鄉,2,27.63142395,27.63142395
清,蔚縣,2,,
清,薊縣,2,,
清,蘆溪鋪,2,27.631424,27.631424
清,蘭溪,2,29.204453,29.204453
清,衡州府,2,26.90161705,26.90161705
清,襄陽,2,32.013473511,32.013473511
清,襄陽府,2,32.013473511,32.013473511
清,西安,2,28.956821442,28.956821442
清,豐城,2,28.197753953,28.197753953
清,趙州直隸州直轄地方,2,37.752925873,37.752925873
清,趙縣,2,,
清,通州直隸州,2,32.010471344,32.010471344
清,通縣,2,,
清,進賢,2,28.3644848935,28.3644848935
清,遂寧,2,30.194462,30.194462
清,遷安,2,40.008872986,40.008872986
清,鄒縣,2,35.403820038,35.403820038
清,金華,2,29.1047117665,29.1047117665
清,錦衣衛,2,39.93143,39.93143
清,鎮安,2,33.431842804,33.431842804
清,鎮江府,2,32.206489563,32.206489563
清,鎮海,2,29.953701019,29.953701019
清,長安,2,34.266605377,34.266605377
清,長興,2,31.013893127,31.013893127
清,陽湖,2,31.782783508,31.782783508
清,雲南,2,25.479091644,25.479091644
清,青浦,2,31.144771576,31.144771576
清,青陽,2,30.636638641,30.636638641
清,靜海,2,38.934357,38.934357
清,順德,2,22.847860168,22.847860168
清,高陽,2,38.688908,38.688908
清,上清鋪,1,27.910084,27.910084
清,上猶,1,25.796443939,25.796443939
清,中江,1,31.044277191,31.044277191
清,乌噜木齊直隸廳,1,,
清,五臺,1,38.71900177,38.71900177
清,井研,1,29.65851,29.65851
清,交城,1,37.543998718,37.543998718
清,交河,1,38.017044,38.017044
清,介休,1,37.026474,37.026474
清,任縣,1,37.126075745,37.126075745
清,伊犁府,1,44.051719666,44.051719666
清,來安,1,32.452388763,32.452388763
清,侯官,1,26.073954,26.073954
清,俄羅斯國,1,,
清,保安州,1,40.376556396,40.376556396
清,保寧府,1,31.583143234,31.583143234
清,保德州,1,39.01240921,39.01240921
清,信陽,1,32.131119,32.131119
清,八旗,1,,
清,公安,1,30.057533,30.057533
清,内蒙古地方,1,,
清,利津,1,37.49131012,37.49131012
清,南京市,1,,
清,南城,1,27.559717,27.559717
清,南安府,1,25.399953842,25.399953842
清,南宮,1,37.359153748,37.359153748
清,南寧府,1,22.806144714,22.806144714
清,南海,1,23.134624481,23.134624481
清,南皮,1,38.037567139,38.037567139
清,南雄直隸州,1,25.118843079,25.118843079
清,博野,1,38.457569122,38.457569122
清,吉水,1,27.214367,27.214367
清,吳川,1,21.350585938,21.350585938
清,和州直隸州,1,31.714223862,31.714223862
清,咸陽,1,34.339054108,34.339054108
清,哈密直隸廳,1,42.819061279,42.819061279
清,唐山,1,37.339809418,37.339809418
清,商城,1,31.803518,31.803518
清,單縣,1,34.797901154,34.797901154
清,嘉祥,1,35.400688,35.400688
清,四川省諸道區,1,,
清,土默特左旗,1,,
清,壽光,1,36.879799,36.879799
清,大同府,1,40.092838287,40.092838287
清,大名,1,36.24564,36.24564
清,大城,1,38.695866,38.695866
清,大寧,1,31.406133652,31.406133652
清,大田,1,25.692293167,25.692293167
清,天台,1,29.13825798,29.13825798
清,天城衛,1,40.41579,40.41579
清,天津衛,1,39.145165,39.145165
清,太原,1,37.873748779,37.873748779
清,太原府,1,37.873752594,37.873752594
清,太平直隸廳,1,32.069965363,32.069965363
清,奉天府,1,41.788249969,41.788249969
清,奉新,1,28.70723,28.70723
清,威縣,1,36.974178314,36.974178314
清,婁縣,1,31.009475708,31.009475708
清,孝義廳,1,33.67956543,33.67956543
清,孟縣,1,34.903179,34.903179
清,安吉州,1,30.720935822,30.720935822
清,安康,1,32.693626404,32.693626404
清,安東,1,33.766373,33.766373
清,安縣,1,31.649504,31.649504
清,安邱,1,36.42905,36.42905
清,完縣,1,38.83322525,38.83322525
清,定州直隸州直轄地方,1,38.520061493,38.520061493
清,宜城,1,31.710701,31.710701
清,宜山,1,24.490730286,24.490730286
清,宜昌府,1,30.704227448,30.704227448
清,宜春,1,27.794266,27.794266
清,宿松,1,30.151212692,30.151212692
清,宿遷,1,33.958301544,33.958301544
清,富平,1,34.754429,34.754429
清,寧夏,1,38.466972,38.466972
清,寧陽,1,35.764396667,35.764396667
清,寶雞,1,34.38187,34.38187
清,岐山,1,34.43963623,34.43963623
清,岳州府,1,29.371259689,29.371259689
清,峨眉,1,29.60173,29.60173
清,川東道,1,,
清,川沙廳,1,31.197154999,31.197154999
清,巢縣,1,31.601736069,31.601736069
清,巫山,1,31.081344604,31.081344604
清,平利,1,32.400501251,32.400501251
清,平樂府,1,24.635726929,24.635726929
清,庫車直隸州,1,41.715538025,41.715538025
清,廓爾喀,1,,
清,廣平府,1,36.70103,36.70103
清,廣東布政司,1,,
清,廣濟,1,30.136482239,30.136482239
清,廣順州,1,26.194824219,26.194824219
清,延平府,1,26.642173767,26.642173767
清,延慶州,1,40.459693909,40.459693909
清,建寧,1,26.832491,26.832491
清,張垣市,1,,
清,彰化,1,24.07657814,24.07657814
清,徐州府,1,34.269634247,34.269634247
清,德化,1,25.476953506,25.476953506
清,德州,1,37.451644897,37.451644897
清,德州衛,1,37.45066,37.45066
清,德平,1,37.463477,37.463477
清,徽州府,1,29.86577034,29.86577034
清,思南府直轄地方,1,27.940149307,27.940149307
清,息縣,1,32.342430115,32.342430115
清,惠安,1,25.022078,25.022078
清,慈溪,1,29.979194641,29.979194641
清,應天府,1,32.052562714,32.052562714
清,懷遠,1,32.95664978,32.95664978
清,成都府,1,30.650384903,30.650384903
清,新喻,1,27.804075,27.804075
清,新城,1,39.245949,39.245949
清,新昌,1,29.494653702,29.494653702
清,新淦,1,,
清,新都,1,30.831390381,30.831390381
清,新陽,1,31.386108398,31.386108398
清,日本國,1,,
清,昭通府,1,27.34327507,27.34327507
清,晉州,1,38.032493591,38.032493591
清,晉江,1,24.909641266,24.909641266
清,普安,1,25.788410187,25.788410187
清,普洱府,1,23.066850662,23.066850662
清,景州,1,37.688007355,37.688007355
清,景德鎮,1,,
清,東安,1,26.332000732,26.332000732
清,東川府,1,26.420562744,26.420562744
清,東平,1,42.669883728,42.669883728
清,東流,1,30.213216782,30.213216782
清,東莞,1,23.04662323,23.04662323
清,東蘭州,1,24.520551682,24.520551682
清,東陽,1,29.260566711,29.260566711
清,松滋,1,30.345695496,30.345695496
清,林縣,1,36.06880188,36.06880188
清,柏鄉,1,37.494689941,37.494689941
清,桃源,1,33.685890198,33.685890198
清,桐廬,1,29.802457809,29.802457809
清,桐鄉,1,30.641677856,30.641677856
清,梓潼,1,31.63843,31.63843
清,梧州府,1,23.486898422,23.486898422
清,棗陽,1,32.132022858,32.132022858
清,榆次,1,37.678466797,37.678466797
清,榮經,1,29.795326233,29.795326233
清,樂平,1,28.964994431,28.964994431
清,樂昌,1,25.134874344,25.134874344
清,樂陵,1,37.737892151,37.737892151
清,橫州,1,22.692956924,22.692956924
清,武功,1,34.332054138,34.332054138
清,武威,1,37.92691803,37.92691803
清,武安,1,36.697582245,36.697582245
清,武岡州,1,26.730705261,26.730705261
清,武陵,1,29.034807,29.034807
清,歸化城直隸廳,1,40.815483093,40.815483093
清,歸化廳,1,25.75327301,25.75327301
清,歸德府,1,34.38505,34.38505
清,歸綏道,1,,
清,水西衛,1,27.025229,27.025229
清,永寧州,1,25.910207748,25.910207748
清,永州府,1,26.210338593,26.210338593
清,永清,1,39.325710297,39.325710297
清,永甯縣縣前鋪,1,26.760475,26.760475
清,永豐,1,27.322114944,27.322114944
清,汀州府,1,25.833381653,25.833381653
清,池州府,1,30.654661179,30.654661179
清,沔州,1,30.189540863,30.189540863
清,沛縣,1,34.628246307,34.628246307
清,河州,1,35.607284546,35.607284546
清,河東道,1,,
清,河池州,1,24.703178406,24.703178406
清,河西,1,24.141740799,24.141740799
清,河間,1,38.435699463,38.435699463
清,泗城府,1,24.348548889,24.348548889
清,泰安府,1,36.188999176,36.188999176
清,浦江,1,29.458708,29.458708
清,涇縣,1,30.686710358,30.686710358
清,涼州府,1,37.92691803,37.92691803
清,涿州,1,39.487220764,39.487220764
清,涿鹿,1,,
清,淇縣,1,35.606449127,35.606449127
清,淮南,1,32.73,32.73
清,深州直隸州,1,38.011730194,38.011730194
清,淳安,1,29.612287521,29.612287521
清,清江縣縣驛,1,28.01557,28.01557
清,清流,1,26.163520813,26.163520813
清,湖口,1,29.734993,29.734993
清,溧水,1,31.656557083,31.656557083
清,溫嶺,1,,
清,潞安府,1,36.18353653,36.18353653
清,澤州,1,35.504318237,35.504318237
清,澤州府,1,35.504318237,35.504318237
清,濰縣,1,36.702705,36.702705
清,濱州,1,37.47833252,37.47833252
清,瀘州直隸州,1,28.884363174,28.884363174
清,瀘溪,1,27.70296,27.70296
清,灤州,1,39.739654541,39.739654541
清,烏蒙軍民府,1,,
清,熱爾瑪尼亞國(日耳曼),1,,
清,獻縣,1,38.190696716,38.190696716
清,玉環廳,1,28.140014648,28.140014648
清,琉球國,1,,
清,瑞安,1,27.790512,27.790512
清,瑞州府,1,28.425598145,28.425598145
清,瓊州府,1,20.00799942,20.00799942
清,甘肅省諸道區,1,,
清,田州土州,1,23.733869553,23.733869553
清,登封,1,34.455818,34.455818
清,監利,1,29.815757751,29.815757751
清,瞻對土司,1,30.94357872,30.94357872
清,石門,1,29.588542938,29.588542938
清,祁縣,1,37.353816986,37.353816986
清,祁陽,1,26.591691971,26.591691971
清,福建布政司,1,,
清,福清,1,25.727916718,25.727916718
清,禹州,1,34.162490845,34.162490845
清,科爾沁左翼後旗,1,,
清,穀城,1,32.269359589,32.269359589
清,綏定府,1,31.226968765,31.226968765
清,綿州直隸州,1,31.459007263,31.459007263
清,緬甸,1,,
清,績溪,1,30.077772141,30.077772141
清,繁昌,1,31.09056282,31.09056282
清,羅溪鋪,1,28.364485,28.364485
清,聊城,1,36.447738647,36.447738647
清,臨晉,1,35.097808838,35.097808838
清,臨桂,1,25.280059814,25.280059814
清,臺灣,1,23.00415,23.00415
清,臺灣省,1,24.142379761,24.142379761
清,興國州,1,29.830129623,29.830129623
清,興義府,1,25.115333557,25.115333557
清,舒城,1,31.456447601,31.456447601
清,芮城,1,34.697308,34.697308
清,莆田,1,25.433954,25.433954
清,莘縣,1,36.237743378,36.237743378
清,華陽,1,30.650384903,30.650384903
清,萊州府,1,37.175430298,37.175430298
清,萬安,1,26.461769104,26.461769104
清,萬縣,1,30.812864304,30.812864304
清,葉爾羌,1,38.3593,38.3593
清,蒙城,1,33.268638611,33.268638611
清,蒲州,1,38.682151794,38.682151794
清,蘄水,1,30.458690643,30.458690643
清,蘭州府,1,36.047031403,36.047031403
清,處州府,1,28.448732376,28.448732376
清,衢縣,1,,
清,袁州府,1,27.794265747,27.794265747
清,西寧,1,36.608856201,36.608856201
清,西班牙,1,,
清,西鄉,1,32.990272522,32.990272522
清,觀海衛,1,30.167918,30.167918
清,象州,1,23.958055496,23.958055496
清,貴州省諸道區,1,,
清,貴池,1,30.654661179,30.654661179
清,貴縣,1,23.099092484,23.099092484
清,貴陽府,1,26.580778122,26.580778122
清,輝縣,1,35.458675385,35.458675385
清,通江,1,31.925125,31.925125
清,遂安,1,29.480773926,29.480773926
清,道州,1,25.531356812,25.531356812
清,達州,1,31.22697,31.22697
清,遵化,1,40.184448,40.184448
清,遵義,1,27.69562149,27.69562149
清,遷江,1,23.62355423,23.62355423
清,邱縣,1,36.713916779,36.713916779
清,邳州,1,34.471019745,34.471019745
清,郟縣,1,33.972053528000004,33.972053528000004
清,都昌,1,29.272563934,29.272563934
清,鄖西,1,32.995605469,32.995605469
清,鄭州,1,34.758075714,34.758075714
清,重慶府,1,29.590402603,29.590402603
清,金華府,1,29.104711533,29.104711533
清,銅陵,1,30.953846,30.953846
清,鍾祥,1,31.169826508,31.169826508
清,鎮西直隸廳,1,43.592571259,43.592571259
清,長寧,1,24.946922302,24.946922302
清,長山,1,36.882379,36.882379
清,長清,1,36.552829742,36.552829742
清,長葛,1,34.229904,34.229904
清,開原衛,1,,
清,開封,1,,
清,陳留,1,34.673195,34.673195
清,陽城,1,35.490593,35.490593
清,陽穀,1,36.230215,36.230215
清,雜谷直隸廳,1,31.497331619,31.497331619
清,雲夢,1,31.02582,31.02582
清,零陵,1,26.210339,26.210339
清,震澤,1,31.167064667,31.167064667
清,霍山,1,31.407783508,31.407783508
清,霑化,1,37.68321991,37.68321991
清,靈壽,1,38.305469513,38.305469513
清,青州府,1,36.687919617,36.687919617
清,青縣,1,,
清,韓城,1,35.465939,35.465939
清,韶州府,1,24.810209274,24.810209274
清,館陶,1,36.65789032,36.65789032
清,高淳,1,31.321630478,31.321630478
清,高邑,1,37.604755402,37.604755402
清,鳳山,1,22.692129,22.692129
清,鳳陽,1,32.866203308,32.866203308
清,鹽山,1,38.055328369,38.055328369
清,麻城,1,31.18091774,31.18091774
清,黑龍江省,1,47.34450531,47.34450531
清,齊齊哈爾,1,47.344997406,47.344997406
清,龍南,1,24.899044,24.899044
清,龍山,1,29.458568573,29.458568573
清,龍川,1,24.060003,24.060003
清,龍州廳,1,22.351665497,22.351665497
清,龍泉,1,26.327883,26.327883
清,龍溪,1,24.511744,24.511744
清,龍門,1,40.779193878,40.779193878
