dynasty,addr_chn,cultural_interaction_count,rank
宋,開封,570,1
宋,莆田,260,2
宋,洛陽,236,3
宋,鄞縣,224,4
宋,吳縣,213,5
宋,廬陵,174,6
宋,金華,173,7
宋,永嘉,166,8
宋,錢塘,159,9
宋,臨川,121,10
宋,眉山,99,11
宋,武進,95,12
宋,邵武,88,13
宋,臨海,87,14
宋,建陽,86,15
宋,南城,85,16
宋,晉江,84,17
宋,仙遊,78,18
宋,烏程,76,19
宋,黃巖,76,20
宋,崇安,75,21
宋,浦城,73,22
宋,閩縣,73,23
宋,福清,72,24
宋,丹徒,68,25
宋,東陽,68,26
宋,山陰,67,27
宋,建安,66,28
宋,義烏,62,29
宋,金壇,59,30
宋,開封府,59,31
宋,丹陽,58,32
宋,平陽,58,33
宋,婺源,57,34
宋,吉水,54,35
宋,奉化,54,36
宋,豐城,54,37
宋,須城,54,38
宋,華陽,52,39
宋,餘姚,52,40
宋,侯官,51,41
宋,安陽,50,42
宋,宜興,50,43
宋,永康,50,44
宋,管城,49,45
宋,成都,48,46
宋,會稽,48,47
宋,休寧,46,48
宋,安福,46,49
宋,宋城,44,50
宋,德興,44,51
宋,樂清,44,52
宋,宣城,43,53
宋,崑山,43,54
宋,樂平,43,55
宋,歙縣,43,56
宋,瑞安,43,57
宋,長樂,43,58
宋,歸安,41,59
宋,雍邱,41,60
宋,長安,40,61
宋,清江,39,62
宋,西安,39,63
宋,鉅野,39,64
宋,長洲,39,65
宋,南豐,38,66
宋,天台,38,67
宋,新昌,38,68
宋,鄱陽,38,69
宋,龍泉,38,70
宋,常熟,37,71
宋,蘭溪,37,72
宋,金谿,37,73
宋,江都,36,74
宋,嘉興,35,75
宋,麗水,33,76
宋,慈溪,32,77
宋,新喻,32,78
宋,長沙,32,79
宋,江山,31,80
宋,無錫,31,81
宋,雙流,31,82
宋,分寧,30,83
宋,新淦,30,84
宋,上虞,29,85
宋,上饒,29,86
宋,崇仁,29,87
宋,永豐,29,88
宋,蒲江,29,89
宋,長溪,29,90
宋,吳江,28,91
宋,沙縣,28,92
宋,長社,28,93
宋,丹稜,27,94
宋,建昌,27,95
宋,德清,27,96
宋,武義,27,97
宋,江陵,27,98
宋,仁壽,26,99
宋,太和,26,100
宋,江寧,26,101
宋,江陰,26,102
宋,淳安,26,103
宋,仙居,25,104
宋,劍浦,25,105
宋,福州,25,106
宋,華亭,25,107
宋,衡山,25,108
宋,餘杭,25,109
宋,彭城,24,110
宋,晉陵,24,111
宋,都昌,24,112
宋,鉛山,24,113
宋,南昌,23,114
宋,開化,23,115
宋,餘干,23,116
宋,平江府,22,117
宋,懷安,22,118
宋,永新,22,119
宋,河南府,22,120
宋,新建,21,121
宋,浦江,21,122
宋,臨安府,21,123
宋,衡陽,21,124
宋,光澤,20,125
宋,夏縣,20,126
宋,綿竹,20,127
宋,縉雲,20,128
宋,臨邛,20,129
宋,衢州,20,130
宋,陽翟,20,131
宋,古田,19,132
宋,將樂,19,133
宋,新鄭,19,134
宋,海陵,19,135
宋,玉山,19,136
宋,益都,19,137
宋,青神,19,138
宋,高郵,19,139
宋,龍溪,19,140
宋,偃師,18,141
宋,星子,18,142
宋,楚丘,18,143
宋,進賢,18,144
宋,鄄城,18,145
宋,嚴州,17,146
宋,四川,17,147
宋,歷城,17,148
宋,歷陽,17,149
宋,海鹽,17,150
宋,連江,17,151
宋,長興,17,152
宋,青田,17,153
宋,北海,16,154
宋,同安,16,155
宋,大名,16,156
宋,安陸,16,157
宋,山陽,16,158
宋,弋陽,16,159
宋,桐廬,16,160
宋,永福,16,161
宋,汝陽,16,162
宋,河南,16,163
宋,河陽,16,164
宋,湖州,16,165
宋,祥符,16,166
宋,紹興府,16,167
宋,貴池,16,168
宋,鄆州,16,169
宋,井研,15,170
宋,元城,15,171
宋,寧海,15,172
宋,嵊縣,15,173
宋,德安,15,174
宋,明州,15,175
宋,杭州,15,176
宋,武康,15,177
宋,汝陰,15,178
宋,浮梁,15,179
宋,溧陽,15,180
宋,虞城,15,181
宋,襄邑,15,182
宋,貴溪,15,183
宋,陽曲,15,184
宋,高安,15,185
宋,黟縣,15,186
宋,台州,14,187
宋,合肥,14,188
宋,宛邱,14,189
宋,晉原,14,190
宋,永春,14,191
宋,番禺,14,192
宋,崇德,13,193
宋,徽州,13,194
宋,揚子,13,195
宋,松陽,13,196
宋,永安,13,197
宋,湖口,13,198
宋,溫州,13,199
宋,甌寧,13,200
宋,膠水,13,201
宋,諸暨,13,202
宋,遂安,13,203
宋,零陵,13,204
宋,龍遊,13,205
宋,婺州,12,206
宋,常山,12,207
宋,江寧府,12,208
宋,泉州,12,209
宋,莘縣,12,210
宋,金鄉,12,211
宋,陳留,12,212
宋,上蔡,11,213
宋,奉新,11,214
宋,安仁,11,215
宋,宜春,11,216
宋,宜黃,11,217
宋,建州,11,218
宋,建德,11,219
宋,揚州,11,220
宋,濟陰,11,221
宋,臨安,11,222
宋,鹽官,11,223
宋,上黨,10,224
宋,信州,10,225
宋,南安,10,226
宋,安吉,10,227
宋,小溪,10,228
宋,東明,10,229
宋,正平,10,230
宋,永興,10,231
宋,洪州,10,232
宋,真定,10,233
宋,京兆府,9,234
宋,全椒,9,235
宋,南海,9,236
宋,崞縣,9,237
宋,常州,9,238
宋,彭山,9,239
宋,惠安,9,240
宋,撫州,9,241
宋,曲江,9,242
宋,東光,9,243
宋,眉州,9,244
宋,興國,9,245
宋,遂昌,9,246
宋,邛州,9,247
宋,郫縣,9,248
宋,鄭縣,9,249
宋,閩清,9,250
宋,上元,8,251
宋,任城,8,252
宋,分水,8,253
宋,奉符,8,254
宋,富陽,8,255
宋,平棘,8,256
宋,平江,8,257
宋,成武,8,258
宋,新津,8,259
宋,於潛,8,260
宋,樂安,8,261
宋,武寧,8,262
宋,潼川府,8,263
宋,濟源,8,264
宋,濮陽,8,265
宋,當塗,8,266
宋,祁門,8,267
宋,臨淄,8,268
宋,興化,8,269
宋,蘇州,8,270
宋,處州,8,271
宋,襄陽,8,272
宋,諸城,8,273
宋,遂寧,8,274
宋,鎮江府,8,275
宋,順昌,8,276
宋,南陽,7,277
宋,咸平,7,278
宋,壽光,7,279
宋,太平,7,280
宋,安岳,7,281
宋,宣州,7,282
宋,寧德,7,283
宋,尤溪,7,284
宋,廣陵,7,285
宋,成紀,7,286
宋,成都府,7,287
宋,昌國,7,288
宋,池州,7,289
宋,泰寧,7,290
宋,浚儀,7,291
宋,清湘,7,292
宋,湘潭,7,293
宋,湘陰,7,294
宋,潤州,7,295
宋,臨城,7,296
宋,蕭山,7,297
宋,蘄春,7,298
宋,資州,7,299
宋,金堂,7,300
宋,靈壽,7,301
宋,青州,7,302
宋,韋城,7,303
宋,[未詳],6,304
宋,下蔡,6,305
宋,京山,6,306
宋,南充,6,307
宋,南劍州,6,308
宋,句容,6,309
宋,尉氏,6,310
宋,巴西,6,311
宋,廣安軍,6,312
宋,廬江,6,313
宋,建寧,6,314
宋,彭州,6,315
宋,徐州,6,316
宋,德化,6,317
宋,晉城,6,318
宋,東莞,6,319
宋,桐城,6,320
宋,梁縣,6,321
宋,榮陽,6,322
宋,武功,6,323
宋,河東,6,324
宋,湘鄉,6,325
宋,濟州,6,326
宋,濮州,6,327
宋,瀏陽,6,328
宋,營道,6,329
宋,磐石,6,330
宋,穰縣,6,331
宋,華陰,6,332
宋,藍田,6,333
宋,譙縣,6,334
宋,資陽,6,335
宋,趙州,6,336
宋,長汀,6,337
宋,靜海,6,338
宋,三水,5,339
宋,中江,5,340
宋,亳州,5,341
宋,介休,5,342
宋,信都,5,343
宋,內黃,5,344
宋,剡縣,5,345
宋,南康,5,346
宋,吉州,5,347
宋,太原府,5,348
宋,如皋,5,349
宋,定陶,5,350
宋,封丘,5,351
宋,導江,5,352
宋,巴陵,5,353
宋,建康府,5,354
宋,建昌軍,5,355
宋,應天府,5,356
宋,武昌,5,357
宋,江南,5,358
宋,江州,5,359
宋,海陽,5,360
宋,涇縣,5,361
宋,清河,5,362
宋,溧水,5,363
宋,滎陽,5,364
宋,潮陽,5,365
宋,福建路,5,366
宋,秀州,5,367
宋,章丘,5,368
宋,績溪,5,369
宋,羅源,5,370
宋,聞喜,5,371
宋,臨江軍,5,372
宋,萬泉,5,373
宋,蕪湖,5,374
宋,衛州,5,375
宋,豐縣,5,376
宋,郃陽,5,377
宋,郿縣,5,378
宋,鄢陵,5,379
宋,閬中,5,380
宋,陽安,5,381
宋,青城,5,382
宋,韓城,5,383
宋,饒州,5,384
宋,饒陽,5,385
宋,五原,4,386
宋,光化,4,387
宋,共城,4,388
宋,單父,4,389
宋,壽昌,4,390
宋,大冶,4,391
宋,天長,4,392
宋,安豐,4,393
宋,安邱,4,394
宋,寧都,4,395
宋,應山,4,396
宋,新安,4,397
宋,新平,4,398
宋,新秦,4,399
宋,朐山,4,400
宋,松溪,4,401
宋,榆次,4,402
宋,武陵,4,403
宋,汀州,4,404
宋,汲縣,4,405
宋,河內,4,406
宋,洪雅,4,407
宋,洺州,4,408
宋,涪陵,4,409
宋,淄川,4,410
宋,漳州,4,411
宋,漳浦,4,412
宋,潭州,4,413
宋,無為,4,414
宋,熙州,4,415
宋,犍為,4,416
宋,真州,4,417
宋,石埭,4,418
宋,石照,4,419
宋,祁陽,4,420
宋,穀城,4,421
宋,綿州,4,422
宋,考城,4,423
宋,萊州,4,424
宋,萍鄉,4,425
宋,萬年,4,426
宋,葉縣,4,427
宋,蒙城,4,428
宋,蘄州,4,429
宋,虞鄉,4,430
宋,蜀州,4,431
宋,袁州,4,432
宋,贛州,4,433
宋,越州,4,434
宋,郪縣,4,435
宋,釜陽,4,436
宋,銅陵,4,437
宋,隆興府,4,438
宋,隨州,4,439
宋,青陽,4,440
宋,魏州,4,441
宋,黃岡,4,442
宋,黃州,4,443
宋,齊州,4,444
宋,上高,3,445
宋,中都,3,446
宋,保寧,3,447
宋,修武,3,448
宋,兗州,3,449
宋,南部,3,450
宋,原武,3,451
宋,固始,3,452
宋,大庾,3,453
宋,太康,3,454
宋,太湖,3,455
宋,定州,3,456
宋,宛丘,3,457
宋,宛句,3,458
宋,宜城,3,459
宋,宜賓,3,460
宋,寧化,3,461
宋,寧陵,3,462
宋,寶塞,3,463
宋,巢縣,3,464
宋,巴縣,3,465
宋,平陰,3,466
宋,德陽,3,467
宋,慶元府,3,468
宋,應城,3,469
宋,懷寧,3,470
宋,懷州,3,471
宋,承縣,3,472
宋,新興,3,473
宋,新都,3,474
宋,旌德,3,475
宋,楚州,3,476
宋,榮德,3,477
宋,永城,3,478
宋,汝州,3,479
宋,江夏,3,480
宋,江陵府,3,481
宋,河間,3,482
宋,泗州,3,483
宋,泰州,3,484
宋,洹水,3,485
宋,清平,3,486
宋,清池,3,487
宋,清豐,3,488
宋,渠江,3,489
宋,渤海,3,490
宋,渭南,3,491
宋,滁州,3,492
宋,漢州,3,493
宋,漢陽,3,494
宋,潁昌府,3,495
宋,無極,3,496
宋,無為軍,3,497
宋,福安縣,3,498
宋,聊城,3,499
宋,膚施,3,500
宋,臨桂,3,501
宋,臨沂,3,502
宋,興化軍,3,503
宋,興安,3,504
宋,荊門軍,3,505
宋,莒縣,3,506
宋,蒲陰,3,507
宋,蕩陰,3,508
宋,虔化,3,509
宋,衡州,3,510
宋,襄城,3,511
宋,贛縣,3,512
宋,邢州,3,513
宋,郢州,3,514
宋,鄒平,3,515
宋,醴陵,3,516
宋,銅梁,3,517
宋,長山,3,518
宋,長葛,3,519
宋,開德府,3,520
宋,隴西,3,521
宋,靖安,3,522
宋,鞏縣,3,523
宋,館陶,3,524
宋,高密,3,525
宋,龍興,3,526
宋,上猶,2,527
宋,五國,2,528
宋,仙井監,2,529
宋,仙源,2,530
宋,保昌,2,531
宋,全州,2,532
宋,化城,2,533
宋,南康軍,2,534
宋,南陵,2,535
宋,博平,2,536
宋,厭次,2,537
宋,合州,2,538
宋,同谷,2,539
宋,和州,2,540
宋,商河,2,541
宋,善化,2,542
宋,嘉州,2,543
宋,嘉禾,2,544
宋,嘉興府,2,545
宋,均州,2,546
宋,壽安,2,547
宋,壽春,2,548
宋,壽陽,2,549
宋,大興,2,550
宋,太平州,2,551
宋,夷陵,2,552
宋,始興,2,553
宋,婺源州,2,554
宋,孝義,2,555
宋,安溪,2,556
宋,安鄉,2,557
宋,定海,2,558
宋,宣化,2,559
宋,宿州,2,560
宋,密州,2,561
宋,密縣,2,562
宋,寧國,2,563
宋,射洪,2,564
宋,山東,2,565
宋,巴川,2,566
宋,常寧,2,567
宋,平凉,2,568
宋,平原,2,569
宋,幽州,2,570
宋,廣德,2,571
宋,廣濟,2,572
宋,廬州,2,573
宋,延陵,2,574
宋,建平,2,575
宋,德順軍,2,576
宋,忻州,2,577
宋,惠州,2,578
宋,慶元,2,579
宋,成都府路,2,580
宋,揭陽,2,581
宋,新吳,2,582
宋,新繁,2,583
宋,昇州,2,584
宋,昌化,2,585
宋,昌化軍,2,586
宋,昌樂,2,587
宋,普城,2,588
宋,東平府,2,589
宋,東阿,2,590
宋,析津,2,591
宋,果州,2,592
宋,歙州,2,593
宋,武德,2,594
宋,武陟,2,595
宋,永明,2,596
宋,永泰,2,597
宋,江南東路,2,598
宋,江津,2,599
宋,江陰軍,2,600
宋,汾州,2,601
宋,河中府,2,602
宋,河北西路,2,603
宋,河西,2,604
宋,泗水,2,605
宋,海州,2,606
宋,涇州,2,607
宋,淮陰,2,608
宋,清流,2,609
宋,溫縣,2,610
宋,滕縣,2,611
宋,潁州,2,612
宋,潞州,2,613
宋,澤州,2,614
宋,濛陽,2,615
宋,濟南府,2,616
宋,濠州,2,617
宋,瀘川,2,618
宋,火井,2,619
宋,瓊山,2,620
宋,登州,2,621
宋,白石,2,622
宋,白馬,2,623
宋,盧氏,2,624
宋,盧陽,2,625
宋,盱眙,2,626
宋,相州,2,627
宋,祁縣,2,628
宋,稷山,2,629
宋,筠州,2,630
宋,絳州,2,631
宋,肥鄉,2,632
宋,膠西,2,633
宋,臨潼,2,634
宋,興國軍,2,635
宋,舒州,2,636
宋,英州,2,637
宋,茶陵,2,638
宋,華原,2,639
宋,華州,2,640
宋,萊陽,2,641
宋,蓬萊,2,642
宋,蘄水,2,643
宋,蘄縣,2,644
宋,虔州,2,645
宋,襄垣,2,646
宋,西城,2,647
宋,西河,2,648
宋,許州,2,649
宋,象山,2,650
宋,貴平,2,651
宋,通州,2,652
宋,通泉,2,653
宋,連州,2,654
宋,邠州,2,655
宋,邵武軍,2,656
宋,郴縣,2,657
宋,鄜州,2,658
宋,鄭州,2,659
宋,鐔津,2,660
宋,長垣,2,661
宋,長壽,2,662
宋,長林,2,663
宋,陝州,2,664
宋,陝西路,2,665
宋,陳州,2,666
宋,陽穀,2,667
宋,隨縣,2,668
宋,雅州,2,669
宋,雍丘,2,670
宋,雩都,2,671
宋,青澗城,2,672
宋,靜江府,2,673
宋,項城,2,674
宋,魚陽,2,675
宋,鹽亭,2,676
宋,鹽城,2,677
宋,鹿邑,2,678
宋,黎陽,2,679
宋,三原,1,680
宋,下邑,1,681
宋,下邳,1,682
宋,下邽,1,683
宋,中山,1,684
宋,中山州,1,685
宋,乘氏,1,686
宋,九隴,1,687
宋,乾封,1,688
宋,乾德,1,689
宋,京東路,1,690
宋,京畿路,1,691
宋,仁和,1,692
宋,代州,1,693
宋,伊陽,1,694
宋,依政,1,695
宋,保平軍節度,1,696
宋,信安,1,697
宋,信豐,1,698
宋,僰道,1,699
宋,儋州,1,700
宋,元氏,1,701
宋,光州,1,702
宋,公安,1,703
宋,六合,1,704
宋,冀寧路,1,705
宋,冀州,1,706
宋,冤句,1,707
宋,分宜,1,708
宋,劍川,1,709
宋,北平,1,710
宋,南恩州,1,711
宋,南浦,1,712
宋,南義州,1,713
宋,博州,1,714
宋,博白,1,715
宋,博羅,1,716
宋,博興,1,717
宋,博野,1,718
宋,合江,1,719
宋,同州,1,720
宋,吳興郡,1,721
宋,咸寧,1,722
宋,商州,1,723
宋,嚴道,1,724
宋,坊州,1,725
宋,城固,1,726
宋,堯山,1,727
宋,增城,1,728
宋,壁山,1,729
宋,夏津,1,730
宋,夔州路,1,731
宋,大同,1,732
宋,大名府,1,733
宋,天水,1,734
宋,天興,1,735
宋,奉化州,1,736
宋,奉化郡,1,737
宋,威遠,1,738
宋,孟州,1,739
宋,安次,1,740
宋,安義,1,741
宋,安邑,1,742
宋,宋州,1,743
宋,宗城,1,744
宋,定安,1,745
宋,定胡,1,746
宋,定遠,1,747
宋,宜州,1,748
宋,宣化軍,1,749
宋,宿遷,1,750
宋,富義,1,751
宋,富順,1,752
宋,富順監,1,753
宋,寧晉,1,754
宋,寧浦,1,755
宋,寧遠,1,756
宋,寧鄉,1,757
宋,寶雞,1,758
宋,將陵,1,759
宋,岑溪,1,760
宋,岳州,1,761
宋,崇慶府,1,762
宋,崇陽,1,763
宋,嶧縣,1,764
宋,平定軍,1,765
宋,平晉,1,766
宋,平陸,1,767
宋,平陽府,1,768
宋,廉州,1,769
宋,廣信軍,1,770
宋,廣南西路,1,771
宋,廣州,1,772
宋,廣昌,1,773
宋,廣都,1,774
宋,延川,1,775
宋,延州,1,776
宋,建寧府,1,777
宋,建德府,1,778
宋,循州,1,779
宋,德平,1,780
宋,德慶府,1,781
宋,恭城,1,782
宋,慈州,1,783
宋,慶陽府,1,784
宋,懷仁,1,785
宋,懷安軍,1,786
宋,懷集,1,787
宋,戎州,1,788
宋,成都路,1,789
宋,扶風,1,790
宋,括蒼,1,791
宋,掖縣,1,792
宋,攸縣,1,793
宋,政和,1,794
宋,敘州,1,795
宋,文安,1,796
宋,文州,1,797
宋,新城,1,798
宋,新州,1,799
宋,新蔡,1,800
宋,新鄉,1,801
宋,昌國州,1,802
宋,昌州,1,803
宋,易州,1,804
宋,昭州,1,805
宋,晉陽,1,806
宋,普寧,1,807
宋,普州,1,808
宋,景陵,1,809
宋,曲周,1,810
宋,曲阜,1,811
宋,曲陽,1,812
宋,會昌,1,813
宋,杜陵,1,814
宋,束鹿,1,815
宋,東海,1,816
宋,東鄉,1,817
宋,桂陽,1,818
宋,桃源,1,819
宋,梅州,1,820
宋,梓州路,1,821
宋,梓潼,1,822
宋,棘道,1,823
宋,樂壽,1,824
宋,樂陵,1,825
宋,橫州,1,826
宋,欽州,1,827
宋,武邑,1,828
宋,歸信,1,829
宋,水洛城,1,830
宋,永寧,1,831
宋,永州,1,832
宋,永平監,1,833
宋,永年,1,834
宋,永濟,1,835
宋,永睦,1,836
宋,汜水,1,837
宋,江南西路,1,838
宋,江原,1,839
宋,汴梁路,1,840
宋,汾西,1,841
宋,沂州,1,842
宋,沂水,1,843
宋,沅江,1,844
宋,沙河,1,845
宋,沭陽,1,846
宋,河北東路,1,847
宋,河北路,1,848
宋,河清,1,849
宋,泉江,1,850
宋,洛川,1,851
宋,涿州,1,852
宋,淄州,1,853
宋,淮南路,1,854
宋,淮安,1,855
宋,清海軍節度,1,856
宋,清溪,1,857
宋,渠陽,1,858
宋,渭州,1,859
宋,湞陽,1,860
宋,湟州,1,861
宋,滄州,1,862
宋,漢川,1,863
宋,漢源,1,864
宋,漢陽軍,1,865
宋,潛江,1,866
宋,潞城,1,867
宋,潮州,1,868
宋,潼川府路,1,869
宋,澶州,1,870
宋,濰州,1,871
宋,瀘州,1,872
宋,瀛州,1,873
宋,瀧水,1,874
宋,烏江,1,875
宋,無棣,1,876
宋,狄道,1,877
宋,獲鹿,1,878
宋,瑕邱,1,879
宋,盂縣,1,880
宋,盈川,1,881
宋,益州,1,882
宋,益昌,1,883
宋,盩厔,1,884
宋,真定府,1,885
宋,真寧,1,886
宋,真源,1,887
宋,真陽,1,888
宋,睦州,1,889
宋,硤石,1,890
宋,碭山,1,891
宋,福津,1,892
宋,程鄉,1,893
宋,穎陽,1,894
宋,端州,1,895
宋,簡州,1,896
宋,絳縣,1,897
宋,緱氏,1,898
宋,繁昌,1,899
宋,羅江,1,900
宋,翁源,1,901
宋,翼城,1,902
宋,耀州,1,903
宋,臨朐,1,904
宋,臨汾,1,905
宋,臨河,1,906
宋,臨淮,1,907
宋,臨清,1,908
宋,臨漳,1,909
宋,臨潁,1,910
宋,臨穎,1,911
宋,臨賀,1,912
宋,臨邑,1,913
宋,舒城,1,914
宋,范縣,1,915
宋,范陽,1,916
宋,荊湖南路,1,917
宋,萊蕪,1,918
宋,萬安,1,919
宋,蒲城,1,920
宋,蔡州,1,921
宋,蕭縣,1,922
宋,薊州,1,923
宋,藤州,1,924
宋,虢州,1,925
宋,蜀,1,926
宋,衛南,1,927
宋,衡水,1,928
宋,襄州,1,929
宋,襄陵,1,930
宋,襄陽府,1,931
宋,西充,1,932
宋,西寧州,1,933
宋,西昌,1,934
宋,觀城,1,935
宋,解縣,1,936
宋,許田,1,937
宋,諸暨州,1,938
宋,象州,1,939
宋,趙郡,1,940
宋,通遠軍,1,941
宋,連山,1,942
宋,遂寧府,1,943
宋,道州,1,944
宋,邯鄲,1,945
宋,邵州,1,946
宋,邵陽,1,947
宋,郟城,1,948
宋,郴州,1,949
宋,郾城,1,950
宋,鄂州,1,951
宋,鄧城,1,952
宋,鄰水,1,953
宋,金朝,1,954
宋,金水,1,955
宋,銅山,1,956
宋,鎮戎軍,1,957
宋,長江,1,958
宋,長清,1,959
宋,閬州,1,960
宋,陽朔,1,961
宋,陽武,1,962
宋,隰川,1,963
宋,隴城,1,964
宋,隴干,1,965
宋,雲中,1,966
宋,雷州,1,967
宋,雷澤,1,968
宋,霍邑,1,969
宋,靈川,1,970
宋,靈州,1,971
宋,靈璧,1,972
宋,青苑,1,973
宋,靖州,1,974
宋,韓州,1,975
宋,韶州,1,976
宋,馬邑,1,977
宋,馮翊,1,978
宋,高平,1,979
宋,高苑,1,980
宋,高要,1,981
宋,高郵軍,1,982
宋,鬱林,1,983
宋,魚臺,1,984
宋,鳳翔府,1,985
宋,鴈門,1,986
宋,鹽泉,1,987
宋,黃巖州,1,988
宋,黔州,1,989
宋,鼎州,1,990
宋,龍川,1,991
宋,龍水,1,992
元,錢塘,90,1
元,廬陵,74,2
元,吳縣,71,3
元,臨川,70,4
元,杭州路,58,5
元,大都路,53,6
元,鄞縣,52,7
元,真定,51,8
元,金谿,47,9
元,浦江,45,10
元,婺源州,42,11
元,崑山州,42,12
元,歙縣,41,13
元,安陽,40,14
元,休寧,39,15
元,義烏,37,16
元,豐城,37,17
元,鄱陽,37,18
元,金華,35,19
元,吉水州,33,20
元,東陽,32,21
元,汴梁路,31,22
元,貴溪,29,23
元,嘉興路,27,24
元,清江,27,25
元,平陽州,26,26
元,宣城,25,27
元,槁城,25,28
元,江陰州,25,29
元,奉化州,24,30
元,松江府,23,31
元,麗水,23,32
元,華亭,22,33
元,大名路,21,34
元,安仁,21,35
元,蘭溪州,21,36
元,奉元路,20,37
元,永嘉,20,38
元,南城,19,39
元,天台,19,40
元,東平路,19,41
元,永康,19,42
元,會稽,18,43
元,臨海,18,44
元,集慶路,18,45
元,龍興路,18,46
元,崇仁,17,47
元,吳江州,16,48
元,洛陽,16,49
元,湖州路,16,50
元,長洲,16,51
元,黃巖州,16,52
元,上饒,15,53
元,烏程,15,54
元,莆田,15,55
元,諸暨州,15,56
元,大興,14,57
元,德興,14,58
元,慶元路,14,59
元,永新州,14,60
元,濟南路,14,61
元,無錫州,14,62
元,西域,14,63
元,長安,14,64
元,大同路,13,65
元,太原路,13,66
元,安福州,13,67
元,慈溪,13,68
元,新喻州,13,69
元,歷城,13,70
元,汲縣,13,71
元,章丘,13,72
元,餘姚州,13,73
元,龍泉,13,74
元,龍溪,13,75
元,丹徒,12,76
元,永清,12,77
元,安喜,11,78
元,桐廬,11,79
元,淳安,11,80
元,高唐,11,81
元,彰德路,10,82
元,溧陽州,10,83
元,益都路,10,84
元,蕩陰,10,85
元,哈剌火州,9,86
元,定海,9,87
元,定興,9,88
元,寧晉,9,89
元,常熟州,9,90
元,廣平路,9,91
元,揚州路,9,92
元,樂安,9,93
元,海鹽州,9,94
元,進賢,9,95
元,長興州,9,96
元,南豐州,8,97
元,宜興州,8,98
元,建安,8,99
元,汝州,8,100
元,河南府路,8,101
元,河東,8,102
元,渾源州,8,103
元,茶陵州,8,104
元,鎮江路,8,105
元,閩縣,8,106
元,高麗,8,107
元,上元,7,108
元,保定路,7,109
元,南昌,7,110
元,安豐,7,111
元,宛平,7,112
元,宜黃,7,113
元,寧海,7,114
元,建昌州,7,115
元,新城,7,116
元,樂平州,7,117
元,河內,7,118
元,浦城,7,119
元,祁門,7,120
元,福州路,7,121
元,開封,7,122
元,須城,7,123
元,上虞,6,124
元,仙居,6,125
元,太和,6,126
元,太和州,6,127
元,富陽,6,128
元,寧都州,6,129
元,崇安,6,130
元,崇德州,6,131
元,新淦州,6,132
元,晉寧州,6,133
元,松陽,6,134
元,永豐,6,135
元,江寧,6,136
元,河間路,6,137
元,淄川,6,138
元,清苑,6,139
元,滕州,6,140
元,無極,6,141
元,績溪,6,142
元,莘縣,6,143
元,蒲城,6,144
元,處州路,6,145
元,長沙,6,146
元,開化,6,147
元,靈壽,6,148
元,餘干州,6,149
元,高平,6,150
元,信州路,5,151
元,光山,5,152
元,同州,5,153
元,堂邑,5,154
元,定襄,5,155
元,常州路,5,156
元,弋陽,5,157
元,東明,5,158
元,海寧州,5,159
元,漢陽府,5,160
元,濮陽,5,161
元,瀏陽州,5,162
元,當塗,5,163
元,眉州,5,164
元,祥符,5,165
元,福寧州,5,166
元,范陽,5,167
元,衢州路,5,168
元,襄陽路,5,169
元,許州,5,170
元,象山,5,171
元,邢臺,5,172
元,鄆城,5,173
元,金壇,5,174
元,釜陽,5,175
元,陽曲,5,176
元,鞏昌府,5,177
元,中山府,4,178
元,仁和,4,179
元,元氏,4,180
元,冠州,4,181
元,分宜,4,182
元,合肥,4,183
元,吉水,4,184
元,咸寧,4,185
元,唐縣,4,186
元,婺源,4,187
元,宣德,4,188
元,平棘,4,189
元,平陽,4,190
元,徐州,4,191
元,惠安,4,192
元,播州軍民安撫司,4,193
元,晉江,4,194
元,曲沃,4,195
元,曲阜,4,196
元,樂清,4,197
元,歸安,4,198
元,歸德府,4,199
元,江夏,4,200
元,江都,4,201
元,河中府,4,202
元,泰州,4,203
元,洺水,4,204
元,涿州,4,205
元,清河,4,206
元,滄州,4,207
元,潞縣,4,208
元,濟陰,4,209
元,白馬,4,210
元,穎州,4,211
元,紹興路,4,212
元,義州,4,213
元,臨汾,4,214
元,蕭山,4,215
元,行唐,4,216
元,襄陵,4,217
元,趙城,4,218
元,長清,4,219
元,霸州,4,220
元,高安,4,221
元,高陵,4,222
元,三原,3,223
元,上都路,3,224
元,上黨,3,225
元,下邳,3,226
元,代州,3,227
元,修武,3,228
元,元城,3,229
元,內邱,3,230
元,南鄭,3,231
元,台州路,3,232
元,和寧路,3,233
元,嘉興,3,234
元,四川行中書省,3,235
元,固始,3,236
元,大寧路,3,237
元,太康,3,238
元,奉化,3,239
元,奉化郡,3,240
元,定遠,3,241
元,寧鄉,3,242
元,將樂,3,243
元,平山,3,244
元,平江路,3,245
元,延平路,3,246
元,建德,3,247
元,建陽,3,248
元,徽州路,3,249
元,應州,3,250
元,懷仁,3,251
元,懷孟路,3,252
元,房山,3,253
元,易州,3,254
元,晉城,3,255
元,東昌路,3,256
元,柳城,3,257
元,樂平,3,258
元,武安,3,259
元,武進,3,260
元,江州路,3,261
元,汶上,3,262
元,浮梁州,3,263
元,海陵,3,264
元,清平,3,265
元,渤海,3,266
元,滿城,3,267
元,澧陽,3,268
元,燕南河北道宣慰司,3,269
元,猗氏,3,270
元,玉山,3,271
元,瑞安州,3,272
元,睢陽,3,273
元,碭山,3,274
元,福州,3,275
元,稷山,3,276
元,肥鄉,3,277
元,蒲陰,3,278
元,蘄春,3,279
元,衛輝路,3,280
元,衡山,3,281
元,解州,3,282
元,遂昌,3,283
元,邠州,3,284
元,邯鄲,3,285
元,鄠縣,3,286
元,醴陵州,3,287
元,鉅野,3,288
元,陝西行中書省,3,289
元,陵川,3,290
元,隴西,3,291
元,順州,3,292
元,順德路,3,293
元,餘杭,3,294
元,高郵府,3,295
元,黃巖,3,296
元,齊河,3,297
元,交城,2,298
元,保寧府,2,299
元,全州路,2,300
元,分水,2,301
元,北庭,2,302
元,南京,2,303
元,南宮,2,304
元,南康,2,305
元,南豐,2,306
元,南陵,2,307
元,句容,2,308
元,台州,2,309
元,吉安路,2,310
元,吉州,2,311
元,同安,2,312
元,和州,2,313
元,單父,2,314
元,壽張,2,315
元,天山,2,316
元,安岳,2,317
元,安平,2,318
元,宜春,2,319
元,容城,2,320
元,宿州,2,321
元,密縣,2,322
元,富州,2,323
元,寧德,2,324
元,山東東西道宣慰司,2,325
元,山陰,2,326
元,嵊縣,2,327
元,平定州,2,328
元,平江州,2,329
元,平遙,2,330
元,廬州路,2,331
元,建州,2,332
元,建康路,2,333
元,建昌,2,334
元,弘州,2,335
元,張掖,2,336
元,德平,2,337
元,德清,2,338
元,恩州,2,339
元,慈利州,2,340
元,成都路,2,341
元,文水,2,342
元,新安,2,343
元,新州,2,344
元,新建,2,345
元,新昌,2,346
元,於潛,2,347
元,易縣,2,348
元,星子,2,349
元,晉陵,2,350
元,曲周,2,351
元,會川,2,352
元,朐山,2,353
元,杭州,2,354
元,東莞,2,355
元,林慮,2,356
元,柘城,2,357
元,榆次,2,358
元,樂陵,2,359
元,檀州,2,360
元,武昌,2,361
元,永年,2,362
元,江州,2,363
元,江東,2,364
元,江陰,2,365
元,汾西,2,366
元,河西,2,367
元,泰和,2,368
元,洧川,2,369
元,淮東道宣慰司,2,370
元,清州,2,371
元,湖口,2,372
元,湘潭州,2,373
元,溧水州,2,374
元,濟陽,2,375
元,濬州,2,376
元,燕京,2,377
元,獲鹿,2,378
元,甘州路,2,379
元,登封,2,380
元,真陽,2,381
元,磁州,2,382
元,穰縣,2,383
元,聊城,2,384
元,聞喜,2,385
元,臨安,2,386
元,臨晉,2,387
元,萊州,2,388
元,蓋州,2,389
元,蔚州,2,390
元,蘆山,2,391
元,蠡州,2,392
元,衢州,2,393
元,袁州路,2,394
元,裕州,2,395
元,襄城,2,396
元,西安,2,397
元,西河,2,398
元,西華,2,399
元,輝州,2,400
元,遼東行中書省,2,401
元,邢州,2,402
元,郟縣,2,403
元,都昌,2,404
元,鄄城,2,405
元,酃縣,2,406
元,銅陵,2,407
元,錦州,2,408
元,鍾離,2,409
元,長子,2,410
元,長葛,2,411
元,陽城,2,412
元,陽穀,2,413
元,隨州,2,414
元,離石,2,415
元,青陽,2,416
元,靜安,2,417
元,鞏縣,2,418
元,順天路,2,419
元,館陶,2,420
元,魯山,2,421
元,龍遊,2,422
元,三河,1,423
元,下邽,1,424
元,丹陽,1,425
元,乾州,1,426
元,交河,1,427
元,京山,1,428
元,亳州,1,429
元,仁壽,1,430
元,仁壽郡,1,431
元,介休,1,432
元,仙游,1,433
元,任城,1,434
元,保定,1,435
元,信都,1,436
元,信陽州,1,437
元,光澤,1,438
元,兗州,1,439
元,內鄉,1,440
元,公安,1,441
元,北京路,1,442
元,南充,1,443
元,南安,1,444
元,南平,1,445
元,南康軍,1,446
元,南雄路,1,447
元,博野,1,448
元,古田,1,449
元,吐蕃道宣慰司,1,450
元,含山,1,451
元,吳興郡,1,452
元,咸平府,1,453
元,商水,1,454
元,單州,1,455
元,嘉祥,1,456
元,城固,1,457
元,壺關,1,458
元,壽昌,1,459
元,壽春,1,460
元,壽陽,1,461
元,夏縣,1,462
元,大城,1,463
元,大理路,1,464
元,天長,1,465
元,太平,1,466
元,奉先,1,467
元,奉天,1,468
元,奉聖州,1,469
元,如皋,1,470
元,威寧,1,471
元,婺州路,1,472
元,安南國,1,473
元,安福,1,474
元,安肅州,1,475
元,安鄉,1,476
元,宜川,1,477
元,宜陽,1,478
元,富庶,1,479
元,寧州,1,480
元,寧津,1,481
元,寧都,1,482
元,尉氏,1,483
元,尤溪,1,484
元,山陽,1,485
元,岐山,1,486
元,崇明州,1,487
元,崑山,1,488
元,崞州,1,489
元,川州,1,490
元,巢縣,1,491
元,常山,1,492
元,平谷,1,493
元,平陰,1,494
元,廣宗,1,495
元,廣州路,1,496
元,廣德路,1,497
元,廣昌,1,498
元,廬江,1,499
元,延安路,1,500
元,建德路,1,501
元,彰德府,1,502
元,循州,1,503
元,德安,1,504
元,忻州,1,505
元,息州,1,506
元,慶元,1,507
元,應城,1,508
元,懷來,1,509
元,懷安,1,510
元,懷遠,1,511
元,成安,1,512
元,成州,1,513
元,成都,1,514
元,扶溝,1,515
元,掖縣,1,516
元,攸州,1,517
元,文登,1,518
元,新平,1,519
元,新會,1,520
元,新樂,1,521
元,新泰,1,522
元,新都,1,523
元,新鄉,1,524
元,旌德,1,525
元,昆明,1,526
元,昌國州,1,527
元,昌州,1,528
元,昌平,1,529
元,明州,1,530
元,曹州,1,531
元,朔州,1,532
元,朝邑,1,533
元,杞縣,1,534
元,束鹿,1,535
元,東勝州,1,536
元,東阿,1,537
元,松滋,1,538
元,林州,1,539
元,柏鄉,1,540
元,桃源州,1,541
元,桓州,1,542
元,梁縣,1,543
元,梓潼,1,544
元,棗強,1,545
元,棣州,1,546
元,楚丘,1,547
元,欒城,1,548
元,正平,1,549
元,武功,1,550
元,武寧,1,551
元,武岡軍,1,552
元,武彊,1,553
元,武清,1,554
元,武鄉,1,555
元,武陟,1,556
元,永平路,1,557
元,永新,1,558
元,永福,1,559
元,汝寧府,1,560
元,江山,1,561
元,江東建康廉訪司道,1,562
元,江西行中書省,1,563
元,池陽,1,564
元,沁州,1,565
元,沈丘,1,566
元,沙河,1,567
元,河東山西道宣慰司,1,568
元,河津,1,569
元,河間,1,570
元,河陽,1,571
元,泉州,1,572
元,泉州路,1,573
元,泗州,1,574
元,泰安州,1,575
元,洪洞,1,576
元,浮山,1,577
元,浮梁,1,578
元,海州海岸海水,1,579
元,海鹽,1,580
元,涇縣,1,581
元,淄州路,1,582
元,淇州,1,583
元,深澤,1,584
元,淶水,1,585
元,清源,1,586
元,清溪,1,587
元,湖州,1,588
元,湘鄉州,1,589
元,溫州,1,590
元,漁陽,1,591
元,漳州路,1,592
元,漷州,1,593
元,潼川府,1,594
元,澠池,1,595
元,濟南王部,1,596
元,濟寧路,1,597
元,濟州,1,598
元,濟源,1,599
元,濠州,1,600
元,濮州,1,601
元,濱州,1,602
元,烏思藏納里速古魯孫等三路宣慰使司都元帥府,1,603
元,烏江,1,604
元,無錫,1,605
元,牟平,1,606
元,獲嘉,1,607
元,玉沙,1,608
元,瑞安,1,609
元,瑞金,1,610
元,番禺,1,611
元,當陽,1,612
元,白水,1,613
元,眉山,1,614
元,真定路,1,615
元,真州,1,616
元,睦州,1,617
元,石樓,1,618
元,磐石,1,619
元,祁縣,1,620
元,秦州,1,621
元,紹興府,1,622
元,絳州,1,623
元,絳縣,1,624
元,綏寧,1,625
元,綿州,1,626
元,縉雲,1,627
元,羅源,1,628
元,翼城,1,629
元,耒陽州,1,630
元,肅寧,1,631
元,膠州,1,632
元,臨州,1,633
元,臨沂,1,634
元,臨清,1,635
元,臨湘,1,636
元,臨漳,1,637
元,臨穎,1,638
元,臨邑,1,639
元,興中府,1,640
元,興國,1,641
元,興平,1,642
元,良鄉,1,643
元,茶陵,1,644
元,華原郡,1,645
元,華陰,1,646
元,萊陽,1,647
元,萬安,1,648
元,萬載,1,649
元,葭州,1,650
元,蒙城,1,651
元,蒲圻,1,652
元,蒲縣,1,653
元,蓨縣,1,654
元,蕭縣,1,655
元,薊州,1,656
元,藍田,1,657
元,藤州,1,658
元,蘇州,1,659
元,蘭陽,1,660
元,虞城,1,661
元,衡水,1,662
元,襄垣,1,663
元,襄邑,1,664
元,西平,1,665
元,西涼州,1,666
元,觀城,1,667
元,貴池,1,668
元,贊皇,1,669
元,贛州,1,670
元,贛縣,1,671
元,通渭,1,672
元,通許,1,673
元,連州,1,674
元,連江,1,675
元,遷安,1,676
元,遼山,1,677
元,遼陽路,1,678
元,邛州,1,679
元,邵武,1,680
元,邵武路,1,681
元,郪縣,1,682
元,鄂州路,1,683
元,鄆州,1,684
元,鄉寧,1,685
元,鄒平,1,686
元,鄢陵,1,687
元,鄧州,1,688
元,鄭州,1,689
元,醴泉,1,690
元,金華府,1,691
元,金鄉,1,692
元,鉅鹿,1,693
元,鉛山州,1,694
元,銅鞮,1,695
元,鎮江府,1,696
元,長山,1,697
元,長林,1,698
元,長樂,1,699
元,開元路,1,700
元,開封府,1,701
元,開平,1,702
元,閩清,1,703
元,關中,1,704
元,陝州,1,705
元,陳州,1,706
元,陵州,1,707
元,陽山,1,708
元,陽翟,1,709
元,雄州,1,710
元,雲內州,1,711
元,雲南行中書省,1,712
元,雲州,1,713
元,雲陽州,1,714
元,霍邑,1,715
元,霑化,1,716
元,靈丘,1,717
元,靈仙,1,718
元,靈山,1,719
元,靈璧,1,720
元,青城,1,721
元,青田,1,722
元,靖安,1,723
元,靖州,1,724
元,靜江路,1,725
元,韓城,1,726
元,順聖,1,727
元,餘姚,1,728
元,饒州府,1,729
元,饒州路,1,730
元,高郵,1,731
元,魚臺,1,732
元,鳳翔府,1,733
元,鹽山,1,734
元,黃岡,1,735
元,黃州路,1,736
元,黃池,1,737
元,黃縣,1,738
元,黎城,1,739
元,黟縣,1,740
元,鼓城,1,741
元,齊東,1,742
元,龍南,1,743
元,龍山,1,744
明,華亭,198,1
明,長洲,193,2
明,莆田,182,3
明,鄞縣,177,4
明,歙縣,169,5
明,崑山,156,6
明,吳縣,148,7
明,餘姚,146,8
明,晉江,140,9
明,無錫,134,10
明,泰和,129,11
明,武進,126,12
明,安福,118,13
明,山陰,112,14
明,南昌,111,15
明,吉水,103,16
明,會稽,97,17
明,錢塘,97,18
明,慈溪,96,19
明,上海,92,20
明,常熟,91,21
明,蘭溪,77,22
明,豐城,74,23
明,閩縣,74,24
明,仁和,72,25
明,吳江,72,26
明,烏程,69,27
明,海鹽,66,28
明,太倉州,65,29
明,婺源,65,30
明,宜興,65,31
明,祥符,62,32
明,臨海,59,33
明,南海,57,34
明,廬陵,56,35
明,錦衣衛,56,36
明,秀水,55,37
明,休寧,51,38
明,嘉興,51,39
明,臨川,51,40
明,進賢,51,41
明,歸安,50,42
明,嘉定,49,43
明,新建,49,44
明,平湖,48,45
明,京師,47,46
明,新城,47,47
明,上虞,45,48
明,宣城,44,49
明,永豐,44,50
明,江寧,43,51
明,江陰,43,52
明,永嘉,40,53
明,金谿,40,54
明,仙居,39,55
明,上元,38,56
明,內江,38,57
明,東陽,38,58
明,侯官,37,59
明,江都,36,60
明,義烏,36,61
明,任邱,35,62
明,南京,35,63
明,嘉善,35,64
明,金壇,35,65
明,金華,35,66
明,桐城,34,67
明,麻城,34,68
明,東莞,33,69
明,蘇州府,33,70
明,咸寧,31,71
明,巴縣,31,72
明,蒲州,31,73
明,新昌,30,74
明,漳浦,30,75
明,南城,29,76
明,大興,29,77
明,太平,28,78
明,定遠,28,79
明,貴溪,28,80
明,海寧,27,81
明,祁門,27,82
明,龍溪,27,83
明,萬安,26,84
明,長樂,26,85
明,高安,26,86
明,新淦,25,87
明,江夏,25,88
明,涇陽,25,89
明,渭南,25,90
明,福清,25,91
明,浦江,24,92
明,同安,23,93
明,鄱陽,23,94
明,丹徒,22,95
明,天台,22,96
明,富順,22,97
明,曹州,22,98
明,歷城,22,99
明,石首,22,100
明,通州,22,101
明,京山,21,102
明,合肥,21,103
明,新喻,21,104
明,績溪,21,105
明,公安,20,106
明,安陽,20,107
明,宛平,20,108
明,永康,20,109
明,洛陽,20,110
明,開州,20,111
明,陽曲,20,112
明,寶應,19,113
明,山陽,19,114
明,景陵,19,115
明,泰州,19,116
明,興化,19,117
明,黃岡,19,118
明,黟縣,19,119
明,上饒,18,120
明,南充,18,121
明,江陵,18,122
明,浮梁,18,123
明,溧陽,18,124
明,華容,18,125
明,西安,18,126
明,樂平,17,127
明,涇縣,17,128
明,蘄水,17,129
明,順德,17,130
明,代州,16,131
明,儀封,16,132
明,嘉魚,16,133
明,太醫院,16,134
明,建安,16,135
明,東平州,16,136
明,樂安,16,137
明,武陵,16,138
明,永新,16,139
明,番禺,16,140
明,當塗,16,141
明,益都,16,142
明,華州,16,143
明,萊陽,16,144
明,蕭山,16,145
明,光州,15,146
明,南陽,15,147
明,弋陽,15,148
明,掖縣,15,149
明,諸暨,15,150
明,遂寧,15,151
明,鉛山,15,152
明,長興,15,153
明,麗水,15,154
明,黃巖,15,155
明,儀真,14,156
明,南安,14,157
明,寧海,14,158
明,巴陵,14,159
明,應城,14,160
明,朝邑,14,161
明,樂清,14,162
明,濟寧州,14,163
明,猗氏,14,164
明,瓊山,14,165
明,陽城,14,166
明,靈寶,14,167
明,三原,13,168
明,丹陽,13,169
明,奉化,13,170
明,宜賓,13,171
明,平陰,13,172
明,新安,13,173
明,潛江,13,174
明,蒲圻,13,175
明,蘄州,13,176
明,長垣,13,177
明,安仁,12,178
明,安陸,12,179
明,寧州,12,180
明,平定州,12,181
明,德清,12,182
明,惠安,12,183
明,揭陽,12,184
明,杞縣,12,185
明,杭州路,12,186
明,汶上,12,187
明,海陽,12,188
明,淳安,12,189
明,章丘,12,190
明,臨淮,12,191
明,餘干,12,192
明,鳳陽,12,193
明,嘉定州,11,194
明,大同,11,195
明,定海,11,196
明,寧都,11,197
明,崇陽,11,198
明,忻州,11,199
明,懷寧,11,200
明,懷遠,11,201
明,新會,11,202
明,曹縣,11,203
明,東阿,11,204
明,桐鄉,11,205
明,滁州,11,206
明,縉雲,11,207
明,膠州,11,208
明,臨汾,11,209
明,臨清,11,210
明,臨邑,11,211
明,諸城,11,212
明,貴池,11,213
明,鳳翔,11,214
明,龍泉,11,215
明,安邑,10,216
明,安邱,10,217
明,崑山州,10,218
明,桂陽,10,219
明,汝陽,10,220
明,浦城,10,221
明,清江,10,222
明,澤州,10,223
明,薊州,10,224
明,連江,10,225
明,長泰,10,226
明,開化,10,227
明,全椒,9,228
明,南豐,9,229
明,句容,9,230
明,吉水州,9,231
明,太和,9,232
明,太和州,9,233
明,太康,9,234
明,崇仁,9,235
明,常山,9,236
明,德化,9,237
明,懷安,9,238
明,攸縣,9,239
明,故城,9,240
明,文安,9,241
明,曲阜,9,242
明,東安,9,243
明,榆次,9,244
明,武昌,9,245
明,永年,9,246
明,江山,9,247
明,洪洞,9,248
明,涿州,9,249
明,睢州,9,250
明,聊城,9,251
明,臨潼,9,252
明,蘭陽,9,253
明,衡山,9,254
明,襄陽,9,255
明,鄢陵,9,256
明,長安,9,257
明,信陽,8,258
明,全州,8,259
明,南平,8,260
明,固始,8,261
明,奉新,8,262
明,定興,8,263
明,崇德,8,264
明,平陽州,8,265
明,德興,8,266
明,東明,8,267
明,永寧,8,268
明,淄川,8,269
明,濟陽,8,270
明,襄城,8,271
明,鎮海衛,8,272
明,長清,8,273
明,高郵州,8,274
明,黃梅,8,275
明,信陽衛,7,276
明,內鄉,7,277
明,南京錦衣衛,7,278
明,南樂,7,279
明,和州,7,280
明,壽光,7,281
明,夏邑,7,282
明,孝感,7,283
明,安溪,7,284
明,寧德,7,285
明,廣安州,7,286
明,廣德州,7,287
明,建德,7,288
明,揚州府,7,289
明,新都,7,290
明,昌黎,7,291
明,桃源,7,292
明,武功,7,293
明,武城,7,294
明,武康,7,295
明,江浦,7,296
明,河津,7,297
明,泰興,7,298
明,海澄,7,299
明,滕縣,7,300
明,漢川,7,301
明,漢陽,7,302
明,潮陽,7,303
明,濠州,7,304
明,濮州,7,305
明,濱州,7,306
明,磁州,7,307
明,稷山,7,308
明,綿州,7,309
明,臨朐,7,310
明,襄垣,7,311
明,遂昌,7,312
明,青陽,7,313
明,馬平,7,314
明,黃陂,7,315
明,冠縣,6,316
明,南宮,6,317
明,原武,6,318
明,增城,6,319
明,壽州,6,320
明,太倉衛,6,321
明,如皋,6,322
明,威縣,6,323
明,安陸衛,6,324
明,寧夏衛,6,325
明,岐山,6,326
明,嵊縣,6,327
明,廣寧左衛,6,328
明,扶風,6,329
明,曲沃,6,330
明,束鹿,6,331
明,柏鄉,6,332
明,槁城,6,333
明,歸善,6,334
明,沁水,6,335
明,涪州,6,336
明,清苑,6,337
明,湘潭,6,338
明,湘陰,6,339
明,漢州,6,340
明,濬縣,6,341
明,玉山,6,342
明,甌寧,6,343
明,益陽,6,344
明,繁昌,6,345
明,耀州,6,346
明,耒陽,6,347
明,臨穎,6,348
明,舒城,6,349
明,蒲城,6,350
明,蘇州衛,6,351
明,蘭溪州,6,352
明,蠡縣,6,353
明,解州,6,354
明,象山,6,355
明,達州,6,356
明,長沙,6,357
明,閬中,6,358
明,陳留,6,359
明,雲南右衛,6,360
明,靖安,6,361
明,順天府,6,362
明,餘姚州,6,363
明,高平,6,364
明,高陵,6,365
明,黃安,6,366
明,黃巖州,6,367
明,上蔡,5,368
明,交趾布政司,5,369
明,信豐,5,370
明,六安州,5,371
明,分宜,5,372
明,同州,5,373
明,商丘,5,374
明,嘉興路,5,375
明,安吉,5,376
明,定州,5,377
明,宜城,5,378
明,容城,5,379
明,富平,5,380
明,寧遠,5,381
明,寧陵,5,382
明,山東布政司,5,383
明,山海衛,5,384
明,峽江,5,385
明,嵩縣,5,386
明,巢縣,5,387
明,常熟州,5,388
明,廣昌,5,389
明,延津,5,390
明,從化,5,391
明,德平,5,392
明,恩縣,5,393
明,應山,5,394
明,扶溝,5,395
明,振武衛,5,396
明,易州,5,397
明,朝鮮,5,398
明,杭州右衛,5,399
明,杭州府,5,400
明,東鄉,5,401
明,桂林中衛,5,402
明,榮昌,5,403
明,武定州,5,404
明,江津,5,405
明,沔陽州,5,406
明,洛川,5,407
明,海門,5,408
明,清流,5,409
明,滄州,5,410
明,漷縣,5,411
明,灤州,5,412
明,無為州,5,413
明,盱眙,5,414
明,真定,5,415
明,祁陽,5,416
明,福建布政司,5,417
明,絳州,5,418
明,綏德州,5,419
明,綏德衛,5,420
明,羅山,5,421
明,聞喜,5,422
明,臨桂,5,423
明,興化衛,5,424
明,興國州,5,425
明,茶陵,5,426
明,荊州府,5,427
明,蒙化府,5,428
明,蕪湖,5,429
明,衡陽,5,430
明,邢臺,5,431
明,郟縣,5,432
明,重慶衛,5,433
明,鍾祥,5,434
明,隴州,5,435
明,雄縣,5,436
明,雩都,5,437
明,青浦,5,438
明,青田,5,439
明,高密,5,440
明,魏縣,5,441
明,鹽城,5,442
明,三水,4,443
明,六合,4,444
明,南京欽天監,4,445
明,南漳,4,446
明,博羅,4,447
明,合州,4,448
明,垣曲,4,449
明,堂邑,4,450
明,壽張,4,451
明,大庾,4,452
明,大田,4,453
明,孟津,4,454
明,安定,4,455
明,宜春,4,456
明,宜陽,4,457
明,富陽,4,458
明,寧國,4,459
明,岳池,4,460
明,常州府,4,461
明,平原,4,462
明,廣平,4,463
明,廣東布政司,4,464
明,廬江,4,465
明,建寧,4,466
明,彭城衛,4,467
明,彭澤,4,468
明,徐州,4,469
明,德州,4,470
明,應天府,4,471
明,成都,4,472
明,文昌,4,473
明,新蔡,4,474
明,旗手衛,4,475
明,曲周,4,476
明,松江府,4,477
明,桐廬,4,478
明,武驤左衛,4,479
明,永昌衛,4,480
明,汝寧府,4,481
明,沔陽兵備道,4,482
明,河內,4,483
明,河間,4,484
明,海豐,4,485
明,清河,4,486
明,湖口,4,487
明,湖廣布政司,4,488
明,湯溪,4,489
明,滋陽,4,490
明,滑縣,4,491
明,潞城,4,492
明,濟南衛,4,493
明,無錫州,4,494
明,瑞安,4,495
明,盧龍,4,496
明,盩厔,4,497
明,石埭,4,498
明,紹興府,4,499
明,臨安,4,500
明,興濟,4,501
明,華陽,4,502
明,萬泉,4,503
明,葉縣,4,504
明,蒼梧,4,505
明,虞城,4,506
明,襄陵,4,507
明,西安前衛,4,508
明,貴州布政司,4,509
明,贛縣,4,510
明,遂安,4,511
明,遷安,4,512
明,邵武,4,513
明,邵陽,4,514
明,郴州,4,515
明,都昌,4,516
明,鄆城,4,517
明,鄒平,4,518
明,鄧州,4,519
明,酆都,4,520
明,鍾離,4,521
明,鎮原,4,522
明,鎮江府,4,523
明,長壽,4,524
明,長治,4,525
明,阜城,4,526
明,陝州,4,527
明,陝西布政司,4,528
明,陽信,4,529
明,霸州,4,530
明,靈璧,4,531
明,韓城,4,532
明,高明,4,533
明,高邑,4,534
明,黃縣,4,535
明,龍游,4,536
明,[未詳],3,537
明,中江,3,538
明,交河,3,539
明,仙遊,3,540
明,光化,3,541
明,博野,3,542
明,即墨,3,543
明,台州府,3,544
明,吉安府,3,545
明,吳橋,3,546
明,唐縣,3,547
明,單縣,3,548
明,四川布政司,3,549
明,壺關,3,550
明,大河衛,3,551
明,太原右衛,3,552
明,夷陵州,3,553
明,始興,3,554
明,安化,3,555
明,安州,3,556
明,安平,3,557
明,安縣,3,558
明,安肅,3,559
明,定襄,3,560
明,宜章,3,561
明,宿州,3,562
明,寧津,3,563
明,寧縣,3,564
明,寧陽,3,565
明,將樂,3,566
明,岷州衛,3,567
明,崇安,3,568
明,平凉,3,569
明,平度州,3,570
明,平江,3,571
明,平陽,3,572
明,廣寧衛,3,573
明,廣濟,3,574
明,德安,3,575
明,德州衛,3,576
明,慶陽衛,3,577
明,成安,3,578
明,成都右衛,3,579
明,新淦州,3,580
明,新鄉,3,581
明,日照,3,582
明,星子,3,583
明,景寧,3,584
明,朝城,3,585
明,杭州前衛,3,586
明,榆林衛,3,587
明,歸德州,3,588
明,永城,3,589
明,永壽,3,590
明,永福,3,591
明,永興,3,592
明,汝州,3,593
明,江陰州,3,594
明,池州府,3,595
明,汲縣,3,596
明,沁州,3,597
明,沂州,3,598
明,沔陽衛,3,599
明,沭陽,3,600
明,河陰,3,601
明,泌陽,3,602
明,泗州,3,603
明,泗州衛,3,604
明,泰安州,3,605
明,浙江布政司,3,606
明,海州,3,607
明,涉縣,3,608
明,淶水,3,609
明,清平衛,3,610
明,清豐,3,611
明,湖州路,3,612
明,溧水,3,613
明,溫州府,3,614
明,濟南府,3,615
明,犍為,3,616
明,瓊州府,3,617
明,留守前衛,3,618
明,留守左衛,3,619
明,留守後衛,3,620
明,盂縣,3,621
明,監利,3,622
明,盧氏,3,623
明,眉州,3,624
明,石州,3,625
明,祁縣,3,626
明,秦州,3,627
明,穎州,3,628
明,綿竹,3,629
明,肥鄉,3,630
明,臨武,3,631
明,臨漳,3,632
明,興寧,3,633
明,荊州右衛,3,634
明,蒙陰,3,635
明,藤縣,3,636
明,蘭州衛,3,637
明,融縣,3,638
明,衡水,3,639
明,西安右護衛,3,640
明,西安左衛,3,641
明,諸暨州,3,642
明,道州,3,643
明,遵化,3,644
明,遼東都指揮使司,3,645
明,邠州,3,646
明,邯鄲,3,647
明,鄠縣,3,648
明,鈞州,3,649
明,銅梁,3,650
明,銅陵,3,651
明,長山,3,652
明,長沙衛,3,653
明,陵川,3,654
明,隆慶州,3,655
明,隨州,3,656
明,雲南布政司,3,657
明,鞏昌府,3,658
明,項城,3,659
明,館陶,3,660
明,饒州府,3,661
明,高陽,3,662
明,龍巖,3,663
明,三河,2,664
明,上杭,2,665
明,上高,2,666
明,中部,2,667
明,九江府,2,668
明,九江衛,2,669
明,乾州,2,670
明,五河,2,671
明,井陘,2,672
明,交城,2,673
明,亳州,2,674
明,介休,2,675
明,偏頭守禦千戶所,2,676
明,元氏,2,677
明,光山,2,678
明,兗州府,2,679
明,利津,2,680
明,劍州,2,681
明,南京京衛,2,682
明,南康,2,683
明,南昌府,2,684
明,南皮,2,685
明,南陵,2,686
明,博平,2,687
明,博興,2,688
明,合水,2,689
明,吉府儀衛司,2,690
明,咸陽,2,691
明,嘉興中左千戶所,2,692
明,嘉興府,2,693
明,固安,2,694
明,夏津,2,695
明,夏縣,2,696
明,夔州府,2,697
明,大名,2,698
明,大城,2,699
明,大都路,2,700
明,天城衛,2,701
明,天津左衛,2,702
明,太原,2,703
明,太湖,2,704
明,太谷,2,705
明,夾江,2,706
明,威遠,2,707
明,孝豐,2,708
明,安南國,2,709
明,安居,2,710
明,安岳,2,711
明,安東,2,712
明,安福州,2,713
明,安陸州,2,714
明,定安,2,715
明,宜興州,2,716
明,宜黃,2,717
明,宣平,2,718
明,富州,2,719
明,寧晉,2,720
明,寧鄉,2,721
明,寶坻,2,722
明,寶雞,2,723
明,山西布政司,2,724
明,崇明,2,725
明,崞縣,2,726
明,嶧縣,2,727
明,州衛,2,728
明,常德衛,2,729
明,平南,2,730
明,平和,2,731
明,平峪,2,732
明,平陸,2,733
明,廣宗,2,734
明,廣寧左屯衛,2,735
明,廣西布政司,2,736
明,延安府,2,737
明,建康路,2,738
明,建昌,2,739
明,建陽,2,740
明,彭縣,2,741
明,慶元路,2,742
明,應州,2,743
明,懷慶衛,2,744
明,揚州衛,2,745
明,撫寧衛,2,746
明,政和,2,747
明,文登,2,748
明,新寧,2,749
明,新興,2,750
明,新鄭,2,751
明,昆明,2,752
明,昌化,2,753
明,昌平,2,754
明,昌邑,2,755
明,東光,2,756
明,松陽,2,757
明,林縣,2,758
明,柳州府,2,759
明,桂林府,2,760
明,梧州守禦千戶所,2,761
明,榮縣,2,762
明,樂昌,2,763
明,樂陵,2,764
明,欒城,2,765
明,武昌左衛,2,766
明,武昌府,2,767
明,武驤右衛,2,768
明,永川,2,769
明,永春,2,770
明,永清左衛,2,771
明,汀州府,2,772
明,江西布政司,2,773
明,江陰衛,2,774
明,汾州,2,775
明,沅陵,2,776
明,沙縣,2,777
明,沛縣,2,778
明,河南布政司,2,779
明,河南衛,2,780
明,河州衛,2,781
明,河陽,2,782
明,泉州府,2,783
明,洛南,2,784
明,洞庭湖,2,785
明,海寧衛,2,786
明,涼州衛,2,787
明,淮安府,2,788
明,清平,2,789
明,清浦,2,790
明,清澗,2,791
明,湖州府,2,792
明,溫江,2,793
明,漢軍正白旗,2,794
明,漳州府,2,795
明,漳平,2,796
明,潁川衛,2,797
明,潛山,2,798
明,潼川州,2,799
明,潼關衛,2,800
明,濟寧衛,2,801
明,瀋陽中衛,2,802
明,瀘州,2,803
明,獲嘉,2,804
明,獲鹿,2,805
明,獻縣,2,806
明,瑞金,2,807
明,石門,2,808
明,確山,2,809
明,福安,2,810
明,福山,2,811
明,福州中衛,2,812
明,秦安,2,813
明,穀城,2,814
明,竹山,2,815
明,竹谿,2,816
明,羅源,2,817
明,羽林右衛,2,818
明,翼城,2,819
明,肅寧,2,820
明,膚施,2,821
明,臨安衛,2,822
明,興國,2,823
明,興平,2,824
明,良鄉,2,825
明,芮城,2,826
明,英德,2,827
明,荊州衛,2,828
明,莒州,2,829
明,萬載,2,830
明,蒲州守禦千戶所,2,831
明,藍田,2,832
明,蘄州衛,2,833
明,虹縣,2,834
明,衡州府,2,835
明,襄陽衛,2,836
明,襄陽護衛,2,837
明,西充,2,838
明,西平,2,839
明,貞寧,2,840
明,貴州衛,2,841
明,貴縣,2,842
明,資縣,2,843
明,賓州,2,844
明,通州右衛,2,845
明,通渭,2,846
明,通許,2,847
明,達縣,2,848
明,鄒縣,2,849
明,鄖縣,2,850
明,鄜州,2,851
明,鄱陽湖,2,852
明,酃縣,2,853
明,金吾左衛,2,854
明,金吾後衛,2,855
明,金堂,2,856
明,金華府,2,857
明,金鄉,2,858
明,銅仁府,2,859
明,長寧,2,860
明,開封府,2,861
明,陳州衛,2,862
明,隴西,2,863
明,集慶路,2,864
明,雲南府,2,865
明,雲和,2,866
明,雲夢,2,867
明,零陵,2,868
明,雷州衛,2,869
明,青城,2,870
明,青州府,2,871
明,青神,2,872
明,靖江,2,873
明,鞏昌衛,2,874
明,韶州府,2,875
明,順天府府軍衛,2,876
明,順昌,2,877
明,顯陵衛,2,878
明,餘杭,2,879
明,香山,2,880
明,馬邑守禦千戶所,2,881
明,高淳,2,882
明,高要,2,883
明,高郵府,2,884
明,鬱林州,2,885
明,鹽山,2,886
明,鹿邑,2,887
明,上湖南分守道,1,888
明,中牟,1,889
明,九溪衛,1,890
明,代州直隸州,1,891
明,來安,1,892
明,保定,1,893
明,保定中衛,1,894
明,保定右衛,1,895
明,保定府,1,896
明,保寧守禦千戶所,1,897
明,保寧府,1,898
明,保昌,1,899
明,偃師,1,900
明,元城,1,901
明,光澤,1,902
明,內黃,1,903
明,冀州,1,904
明,分水,1,905
明,劍川州,1,906
明,南京太醫院,1,907
明,南京府軍左衛,1,908
明,南京廣洋衛,1,909
明,南京旗手衛,1,910
明,南京留守後衛,1,911
明,南京鷹揚衛,1,912
明,南和,1,913
明,南直隸,1,914
明,南鄭,1,915
明,南陽中護衛,1,916
明,南陽衛,1,917
明,台州路,1,918
明,吉州,1,919
明,和順,1,920
明,唐山,1,921
明,商河,1,922
明,四會,1,923
明,壽昌,1,924
明,大冶,1,925
明,大同鎮,1,926
明,大名府,1,927
明,大寧前衛,1,928
明,太原左衛,1,929
明,姚安中屯千戶所,1,930
明,婺州路,1,931
明,婺源州,1,932
明,孝義,1,933
明,孟縣,1,934
明,安吉州,1,935
明,安寧州,1,936
明,安慶府,1,937
明,安東中屯衛,1,938
明,安豐,1,939
明,安豐路,1,940
明,安遠,1,941
明,完縣,1,942
明,定州衛,1,943
明,定遼右衛,1,944
明,定陶,1,945
明,宜山,1,946
明,宣化,1,947
明,宣府鎮,1,948
明,宿松,1,949
明,宿遷,1,950
明,寧化,1,951
明,寧化守禦千戶所,1,952
明,寧夏前衛,1,953
明,寧夏左屯衛,1,954
明,寧川衛,1,955
明,寧遠衛,1,956
明,寧都直隸州直轄地方,1,957
明,射洪,1,958
明,居庸關守禦千戶所,1,959
明,屯留,1,960
明,岢嵐州,1,961
明,岳州衛,1,962
明,崇慶州,1,963
明,平夷衛,1,964
明,平越衛,1,965
明,平遙,1,966
明,平鄉,1,967
明,平陽府,1,968
明,府軍右衛,1,969
明,府軍左衛,1,970
明,廉州府,1,971
明,廣寧右衛,1,972
明,廣寧後屯衛,1,973
明,廣德路,1,974
明,廣東省,1,975
明,廬州路,1,976
明,延安衛,1,977
明,延慶衛,1,978
明,延綏道,1,979
明,延綏鎮,1,980
明,建水州,1,981
明,弘農衛,1,982
明,德州左衛,1,983
明,德慶路,1,984
明,徽州,1,985
明,徽州路,1,986
明,徽府儀衛司,1,987
明,忠州,1,988
明,忠義後衛,1,989
明,思明州,1,990
明,恩州,1,991
明,慶陽府,1,992
明,懷安衛,1,993
明,懷慶府,1,994
明,成武,1,995
明,成都後衛,1,996
明,成都路,1,997
明,房山,1,998
明,房縣,1,999
明,承天衛,1,1000
明,文州,1,1001
明,新化,1,1002
明,新喻州,1,1003
明,新安衛,1,1004
明,新河,1,1005
明,新泰,1,1006
明,新繁,1,1007
明,新野,1,1008
明,昌國州,1,1009
明,昌國衛,1,1010
明,昌平州,1,1011
明,明州府,1,1012
明,晉寧州,1,1013
明,晉州,1,1014
明,普安州,1,1015
明,曲陽,1,1016
明,曲靖衛,1,1017
明,會寧,1,1018
明,會昌,1,1019
明,東昌府,1,1020
明,東湖,1,1021
明,松滋,1,1022
明,松潘衛,1,1023
明,柘城,1,1024
明,柳州衛,1,1025
明,桂林右衛,1,1026
明,桂陽州,1,1027
明,梁山,1,1028
明,榆林兵備道,1,1029
明,榮河,1,1030
明,樂亭,1,1031
明,橫州,1,1032
明,武功中衛,1,1033
明,武功右衛,1,1034
明,武功左衛,1,1035
明,武安,1,1036
明,武平,1,1037
明,武平衛,1,1038
明,武昌衛,1,1039
明,武緣,1,1040
明,武義,1,1041
明,武邑,1,1042
明,永安,1,1043
明,永寧衛,1,1044
明,永州府,1,1045
明,永州衛,1,1046
明,永平,1,1047
明,永平府,1,1048
明,永新州,1,1049
明,永昌府,1,1050
明,江南,1,1051
明,江川,1,1052
明,江東,1,1053
明,江浙行中書省,1,1054
明,汴梁路,1,1055
明,沂州衛,1,1056
明,沂水,1,1057
明,沔州,1,1058
明,沔陽府,1,1059
明,沙河,1,1060
明,河東,1,1061
明,河間府,1,1062
明,泉州衛,1,1063
明,泗水,1,1064
明,泰寧,1,1065
明,洧川,1,1066
明,海南衛,1,1067
明,海寧州,1,1068
明,海陵,1,1069
明,海鹽州,1,1070
明,淮安衛,1,1071
明,淮東道宣慰司,1,1072
明,渾源州,1,1073
明,湖北分守道,1,1074
明,湯陰,1,1075
明,溧水州,1,1076
明,溫州路,1,1077
明,滿城,1,1078
明,漳州路,1,1079
明,潁上,1,1080
明,潁州,1,1081
明,潯州府,1,1082
明,澄海,1,1083
明,澠池,1,1084
明,濟南路,1,1085
明,濮陽,1,1086
明,濰縣,1,1087
明,瀏陽,1,1088
明,燕山前衛,1,1089
明,燕山右衛,1,1090
明,燕山左衛,1,1091
明,玉田,1,1092
明,瑞安州,1,1093
明,甘州中護衛,1,1094
明,甘州左衛,1,1095
明,甘州衛,1,1096
明,甘肅兵備道,1,1097
明,留守中衛,1,1098
明,留守右衛,1,1099
明,登州府,1,1100
明,登州衛,1,1101
明,白水,1,1102
明,白馬,1,1103
明,盧溪,1,1104
明,睢寧,1,1105
明,睢陽衛,1,1106
明,碭山,1,1107
明,福州路,1,1108
明,禹城,1,1109
明,秦州衛,1,1110
明,秦府儀衛司,1,1111
明,程番府,1,1112
明,簡縣,1,1113
明,米脂,1,1114
明,紹興衛,1,1115
明,紹興路,1,1116
明,緬甸軍民宣慰使司,1,1117
明,繁畤,1,1118
明,羅江,1,1119
明,義大利,1,1120
明,羽林左衛,1,1121
明,羽林衛,1,1122
明,翁源,1,1123
明,肅府儀衛司,1,1124
明,臨城,1,1125
明,臨晉,1,1126
明,臨江府,1,1127
明,臨洮府,1,1128
明,臨高,1,1129
明,興州後屯衛,1,1130
明,茂名,1,1131
明,茂山衛,1,1132
明,茂州,1,1133
明,茂州衛,1,1134
明,荊州左衛,1,1135
明,莊浪衛,1,1136
明,華陰,1,1137
明,萊州衛,1,1138
明,萍鄉州,1,1139
明,萬年,1,1140
明,蒙化衛,1,1141
明,蓋州衛,1,1142
明,蓬州,1,1143
明,蓬萊,1,1144
明,蔚州,1,1145
明,蕩陰,1,1146
明,蕭縣,1,1147
明,蘄州路,1,1148
明,蘇州,1,1149
明,蘭州,1,1150
明,衡州衛,1,1151
明,衢州府,1,1152
明,袁州府,1,1153
明,裕州,1,1154
明,襄陽府,1,1155
明,西安府,1,1156
明,許州,1,1157
明,詔安,1,1158
明,豐潤,1,1159
明,貴州宣慰使司,1,1160
明,費縣,1,1161
明,贛州府,1,1162
明,通山,1,1163
明,邱縣,1,1164
明,郾城,1,1165
明,郿縣,1,1166
明,鄉寧,1,1167
明,鄭州,1,1168
明,醴陵,1,1169
明,重慶路,1,1170
明,金州,1,1171
明,金齒衛,1,1172
明,金齒軍民指揮使司,1,1173
明,鎮遠蠻夷長官司,1,1174
明,鐵嶺衛,1,1175
明,長汀,1,1176
明,開平,1,1177
明,開平衛,1,1178
明,閩清,1,1179
明,陳州,1,1180
明,陵水,1,1181
明,陸涼州,1,1182
明,雞澤,1,1183
明,雲南,1,1184
明,雲南中衛,1,1185
明,雲南後衛,1,1186
明,雷州府,1,1187
明,靈壽,1,1188
明,靈石,1,1189
明,青州左衛,1,1190
明,靖州,1,1191
明,順寧府,1,1192
明,順州,1,1193
明,順義,1,1194
明,饒平,1,1195
明,饒陽,1,1196
明,騰沖守禦千戶所,1,1197
明,高苑,1,1198
明,魚臺,1,1199
明,鳳陽府,1,1200
明,鷹揚衛,1,1201
明,黃州路,1,1202
明,黎城,1,1203
明,黔陽,1,1204
明,龍州,1,1205
明,龍慶州,1,1206
明,龍江左衛,1,1207
明,龍門,1,1208
明,龍門衛,1,1209
清,歙縣,195,1
清,鄞縣,178,2
清,錢塘,127,3
清,海鹽,107,4
清,吳縣,94,5
清,武進,89,6
清,黟縣,85,7
清,仁和,78,8
清,吳江,69,9
清,長洲,67,10
清,桐城,51,11
清,常熟,50,12
清,平陰,41,13
清,海寧州,39,14
清,陽湖,36,15
清,會稽,35,16
清,山陰,33,17
清,江都,32,18
清,大興,30,19
清,休寧,29,20
清,無錫,27,21
清,歸安,26,22
清,婺源,24,23
清,平湖,24,24
清,侯官,23,25
清,崑山,23,26
清,餘姚,23,27
清,嘉興,22,28
清,滿洲正黃旗,22,29
清,蘇州府,22,30
清,丹徒,21,31
清,秀水,21,32
清,華亭,21,33
清,儀徵,20,34
清,元和,20,35
清,嘉定,20,36
清,太倉直隸州,20,37
清,上元,19,38
清,仙居,19,39
清,宛平,18,40
清,閩縣,18,41
清,江寧,17,42
清,滿洲鑲黃旗,17,43
清,甘泉,17,44
清,揚州府,16,45
清,上海,15,46
清,宜興,15,47
清,蕭山,15,48
清,順天府,15,49
清,南海,14,50
清,滿洲鑲白旗,13,51
清,順德,13,52
清,上虞,12,53
清,嘉善,12,54
清,寶應,12,55
清,德清,12,56
清,新城,12,57
清,曲阜,12,58
清,桐鄉,12,59
清,江陰,12,60
清,湘鄉,12,61
清,漢軍鑲黃旗,12,62
清,青浦,12,63
清,合肥,10,64
清,婁縣,10,65
清,杭州府,10,66
清,滿洲正白旗,10,67
清,績溪,10,68
清,金匱,10,69
清,南豐,9,70
清,山陽,9,71
清,滿洲鑲藍旗,9,72
清,宣城,8,73
清,新建,8,74
清,湘潭,8,75
清,烏程,8,76
清,臨桂,8,77
清,金壇,8,78
清,震澤,8,79
清,高郵州,8,80
清,歷城,7,81
清,江寧府,7,82
清,河南省,7,83
清,浙江省,7,84
清,涇縣,7,85
清,滿洲鑲紅旗,7,86
清,漢軍正白旗,7,87
清,漢軍正紅旗,7,88
清,漢軍鑲紅旗,7,89
清,獻縣,7,90
清,番禺,7,91
清,石門,7,92
清,祁門,7,93
清,臨海,7,94
清,興化,7,95
清,長沙,7,96
清,天津,6,97
清,太倉直隸州直轄地方,6,98
清,德化,6,99
清,曹州府,6,100
清,江南道,6,101
清,江夏,6,102
清,泰州,6,103
清,淄川,6,104
清,湘陰,6,105
清,滿洲正紅旗,6,106
清,漢軍正藍旗,6,107
清,漢陽,6,108
清,臨川,6,109
清,蒙古正藍旗,6,110
清,諸城,6,111
清,通州直隸州,6,112
清,遼東都指揮使司,6,113
清,黃岡,6,114
清,丹陽,5,115
清,南安,5,116
清,南昌,5,117
清,寧都直隸州直轄地方,5,118
清,昆明,5,119
清,渮澤,5,120
清,溧陽,5,121
清,漳浦,5,122
清,濟寧直隸州直轄地方,5,123
清,瑞安,5,124
清,聊城,5,125
清,蕪湖,5,126
清,諸暨,5,127
清,貴州省,5,128
清,遂寧,5,129
清,遼陽州,5,130
清,代州直隸州,4,131
清,全椒,4,132
清,南皮,4,133
清,同安,4,134
清,固始,4,135
清,奉新,4,136
清,如皋,4,137
清,定海,4,138
清,定興,4,139
清,宜春,4,140
清,寧化,4,141
清,寧鄉,4,142
清,寶坻,4,143
清,廣州府,4,144
清,廣東省,4,145
清,德州,4,146
清,敘浦,4,147
清,旌德,4,148
清,昭文,4,149
清,曲沃,4,150
清,正紅旗,4,151
清,正藍旗,4,152
清,永康,4,153
清,洪洞,4,154
清,浦江,4,155
清,清苑,4,156
清,漢軍鑲白旗,4,157
清,福建省,4,158
清,華陽,4,159
清,萊陽,4,160
清,蓬萊,4,161
清,蠡縣,4,162
清,通州,4,163
清,遵義,4,164
清,鎮洋,4,165
清,長樂,4,166
清,雲南省,4,167
清,餘杭,4,168
清,高要,4,169
清,黃巖,4,170
清,全州,3,171
清,南昌府,3,172
清,博野,3,173
清,句容,3,174
清,吉水,3,175
清,商丘,3,176
清,善化,3,177
清,壽陽,3,178
清,太原府,3,179
清,太平,3,180
清,孝感,3,181
清,安溪,3,182
清,定遠,3,183
清,寧夏府,3,184
清,常州府,3,185
清,廣豐,3,186
清,建德,3,187
清,慈溪,3,188
清,懷寧,3,189
清,成都,3,190
清,新喻,3,191
清,桂林府,3,192
清,武昌,3,193
清,永福,3,194
清,江西省,3,195
清,泰興,3,196
清,涇陽,3,197
清,滄州,3,198
清,漢軍鑲藍旗,3,199
清,濰縣,3,200
清,瀏陽,3,201
清,當塗,3,202
清,益都,3,203
清,祥符,3,204
清,莆田,3,205
清,蒙古正紅旗,3,206
清,蒙古正黃旗,3,207
清,蘄州,3,208
清,豐潤,3,209
清,金華,3,210
清,銅山,3,211
清,鑲紅旗,3,212
清,長安,3,213
清,長沙府,3,214
清,靜海,3,215
清,三原,2,216
清,任邱,2,217
清,偃師,2,218
清,光澤,2,219
清,內務府正白旗包衣,2,220
清,內務府正黃旗包衣,2,221
清,南京,2,222
清,吉林省,2,223
清,和州直隸州直轄地方,2,224
清,單縣,2,225
清,嘉魚,2,226
清,堂邑,2,227
清,壽州,2,228
清,夏邑,2,229
清,大名,2,230
清,大庾,2,231
清,太倉州,2,232
清,太原,2,233
清,太湖,2,234
清,奉天府,2,235
清,孟津,2,236
清,安定,2,237
清,安徽省,2,238
清,安慶府,2,239
清,安邱,2,240
清,宣化,2,241
清,容城,2,242
清,富平,2,243
清,富陽,2,244
清,寧波府,2,245
清,巴縣,2,246
清,平陸,2,247
清,廣西省,2,248
清,廬陵,2,249
清,建寧,2,250
清,建昌,2,251
清,掖縣,2,252
清,文安,2,253
清,昌平州,2,254
清,昌樂,2,255
清,晉江,2,256
清,朝邑,2,257
清,東平州,2,258
清,東昌府,2,259
清,東鄉,2,260
清,東陽,2,261
清,榮成,2,262
清,樂陵,2,263
清,武功,2,264
清,武康,2,265
清,武陵,2,266
清,歸善,2,267
清,永年,2,268
清,永昌府,2,269
清,汾陽,2,270
清,河間,2,271
清,洛陽,2,272
清,浮梁,2,273
清,海寧,2,274
清,海州直隸州,2,275
清,海豐,2,276
清,海陽,2,277
清,湖南省,2,278
清,溧水,2,279
清,滿洲八旗,2,280
清,滿洲正藍旗,2,281
清,漢軍正黃旗,2,282
清,潁州府,2,283
清,潮州府,2,284
清,濟寧直隸州,2,285
清,瑞金,2,286
清,登封,2,287
清,益陽,2,288
清,盩厔,2,289
清,直隸省,2,290
清,睢州,2,291
清,祁陽,2,292
清,福山,2,293
清,福清,2,294
清,科爾沁左翼後旗,2,295
清,紹興府,2,296
清,縉雲,2,297
清,興國州,2,298
清,興寧,2,299
清,茬平,2,300
清,荊溪,2,301
清,華陰,2,302
清,萍鄉,2,303
清,蒙古正白旗,2,304
清,蒙城,2,305
清,蒲城,2,306
清,蘭溪,2,307
清,襄城,2,308
清,西安府,2,309
清,象州,2,310
清,貴築,2,311
清,通州直隸州直轄地方,2,312
清,道州,2,313
清,遷安,2,314
清,鄱陽,2,315
清,金山,2,316
清,鉛山,2,317
清,長白府,2,318
清,長興,2,319
清,陽城,2,320
清,陽春,2,321
清,青州府,2,322
清,香山,2,323
清,高安,2,324
清,高密,2,325
清,魯山,2,326
清,麻城,2,327
清,[未詳],1,328
清,上蔡,1,329
清,中牟,1,330
清,九江府,1,331
清,井研,1,332
清,京山,1,333
清,京師,1,334
清,伊犁直隸廳,1,335
清,伯都訥直隸廳,1,336
清,來安,1,337
清,保定,1,338
清,保德州,1,339
清,保德直隸州,1,340
清,信豐,1,341
清,信陽州,1,342
清,儀封廳,1,343
清,光山,1,344
清,內黃,1,345
清,六合,1,346
清,六安州直隸州直轄地方,1,347
清,分宜,1,348
清,南匯,1,349
清,南城,1,350
清,南宮,1,351
清,南寧,1,352
清,南寧府,1,353
清,南康,1,354
清,南陽,1,355
清,南雄直隸州,1,356
清,南靖,1,357
清,即墨,1,358
清,古田,1,359
清,吉安府,1,360
清,吉州,1,361
清,和州直隸州,1,362
清,咸寧,1,363
清,商城,1,364
清,嘉應直隸州直轄地方,1,365
清,四川省,1,366
清,墊江,1,367
清,壽光,1,368
清,大同府,1,369
清,大寧,1,370
清,大寧都指揮使司,1,371
清,天台,1,372
清,天津府,1,373
清,天門,1,374
清,太谷,1,375
清,奉化,1,376
清,孝義,1,377
清,孝義廳,1,378
清,安化,1,379
清,安州,1,380
清,安陸,1,381
清,安陽,1,382
清,定安,1,383
清,定州直隸州,1,384
清,宜城,1,385
清,宿松,1,386
清,宿遷,1,387
清,寧夏,1,388
清,寧夏中衛,1,389
清,寧海,1,390
清,寧遠,1,391
清,射洪,1,392
清,將樂,1,393
清,山東省,1,394
清,山西省,1,395
清,崇善,1,396
清,崇德,1,397
清,崇慶州,1,398
清,巢縣,1,399
清,巴陵,1,400
清,平原,1,401
清,平樂,1,402
清,平越直隸州,1,403
清,平遙,1,404
清,平遠,1,405
清,平陽,1,406
清,廣安州,1,407
清,廣寧,1,408
清,廣德直隸州,1,409
清,廬江,1,410
清,延平府,1,411
清,建安,1,412
清,徐州府,1,413
清,徽州府,1,414
清,惠安,1,415
清,惠州府,1,416
清,慶遠府,1,417
清,應山,1,418
清,應州,1,419
清,承德,1,420
清,承德府,1,421
清,揭陽,1,422
清,攸縣,1,423
清,敘永直隸廳,1,424
清,文登,1,425
清,新安,1,426
清,新寧,1,427
清,新昌,1,428
清,新會,1,429
清,新津,1,430
清,新疆省,1,431
清,新繁,1,432
清,新鄉,1,433
清,新陽,1,434
清,日本,1,435
清,昌化,1,436
清,易州直隸州,1,437
清,星子,1,438
清,晉寧州,1,439
清,晉州,1,440
清,曹縣,1,441
清,望江,1,442
清,朝鮮,1,443
清,杞縣,1,444
清,東光,1,445
清,東台,1,446
清,東明,1,447
清,東莞,1,448
清,松桃直隸廳,1,449
清,松潘直隸廳,1,450
清,柏鄉,1,451
清,柳州府,1,452
清,桐廬,1,453
清,梧州府,1,454
清,棲霞,1,455
清,榮昌,1,456
清,樂亭,1,457
清,樂平,1,458
清,樂清,1,459
清,橫州,1,460
清,欽州直隸州,1,461
清,正黃旗,1,462
清,武定府,1,463
清,武平,1,464
清,武昌府,1,465
清,武陟,1,466
清,歸化,1,467
清,永嘉,1,468
清,永城,1,469
清,永新,1,470
清,永春直隸州,1,471
清,永清,1,472
清,永濟,1,473
清,江津,1,474
清,江陵,1,475
清,汶上,1,476
清,沂水,1,477
清,沅陵,1,478
清,沔州,1,479
清,河東道,1,480
清,泉州府,1,481
清,泗州直隸州直轄地方,1,482
清,泰安,1,483
清,泰安府,1,484
清,洪雅,1,485
清,洮州廳,1,486
清,浦城,1,487
清,涿州,1,488
清,淇縣,1,489
清,淡水,1,490
清,淳安,1,491
清,清河,1,492
清,清泉,1,493
清,清流,1,494
清,渭南,1,495
清,渾源州,1,496
清,湖州府,1,497
清,湖廣道,1,498
清,滎陽,1,499
清,漢陽府,1,500
清,潛山,1,501
清,潯州府,1,502
清,澄城,1,503
清,澤州府,1,504
清,濟南府,1,505
清,濟寧州,1,506
清,濱州,1,507
清,灌陽,1,508
清,獨山州,1,509
清,玉山,1,510
清,琉球國,1,511
清,瓊州府,1,512
清,甌寧,1,513
清,甘肅省,1,514
清,當陽,1,515
清,皋蘭,1,516
清,盂縣,1,517
清,監利,1,518
清,盧氏,1,519
清,盧龍,1,520
清,盱眙,1,521
清,石屏州,1,522
清,石棣,1,523
清,石阡府,1,524
清,確山,1,525
清,磁州,1,526
清,祁州,1,527
清,祁縣,1,528
清,禹州,1,529
清,羅平州,1,530
清,羅江,1,531
清,羅源,1,532
清,義州,1,533
清,義烏,1,534
清,膠州,1,535
清,臨榆,1,536
清,臨淄,1,537
清,臨清直隸州直轄地方,1,538
清,臨漳,1,539
清,臨潼,1,540
清,臨邑,1,541
清,臺灣省,1,542
清,興國,1,543
清,興縣,1,544
清,芮城,1,545
清,花縣,1,546
清,英國,1,547
清,茂名,1,548
清,茶陵,1,549
清,荊州府,1,550
清,莒州,1,551
清,莘縣,1,552
清,華州,1,553
清,萊州府,1,554
清,萬安,1,555
清,萬載,1,556
清,蒙古鑲白旗,1,557
清,蒙自,1,558
清,蒲州府,1,559
清,蓋州衛,1,560
清,蔚州,1,561
清,薊州,1,562
清,蘭陽,1,563
清,處州府,1,564
清,處州路,1,565
清,衡陽,1,566
清,衢州府,1,567
清,襄陽,1,568
清,西安,1,569
清,許州直隸州,1,570
清,象山,1,571
清,貴池,1,572
清,貴縣,1,573
清,貴陽府,1,574
清,賀縣,1,575
清,賓州,1,576
清,贛縣,1,577
清,趙州,1,578
清,通渭,1,579
清,遂安,1,580
清,遂平,1,581
清,達縣,1,582
清,邵陽,1,583
清,鄒平,1,584
清,鄒縣,1,585
清,鄠縣,1,586
清,鄧川州,1,587
清,鄧州,1,588
清,鄭州,1,589
清,酃縣,1,590
清,金門,1,591
清,銅梁,1,592
清,鍾祥,1,593
清,鎮江府,1,594
清,鎮海,1,595
清,鎮遠府,1,596
清,鑲白旗,1,597
清,鑲藍旗,1,598
清,鑲黃旗,1,599
清,長汀,1,600
清,開化,1,601
清,開原衛,1,602
清,阜寧,1,603
清,陝西省,1,604
清,陽穀,1,605
清,隆昌,1,606
清,雞澤,1,607
清,霍丘,1,608
清,霍山,1,609
清,霞浦,1,610
清,青陽,1,611
清,靖州,1,612
清,韓城,1,613
清,項城,1,614
清,順德府,1,615
清,馬平,1,616
清,高唐州,1,617
清,高州府,1,618
清,高平,1,619
清,高陽,1,620
清,鳳凰直隸廳,1,621
清,鳳台,1,622
清,鹽山,1,623
清,黃平州,1,624
清,黃梅,1,625
清,黃陂,1,626
清,黎平府,1,627
清,黑龍江省,1,628
清,黔西州,1,629
清,齊齊哈爾,1,630
清,龍溪,1,631
清,龍門,1,632
清,龍陽,1,633
