c_personid,name,dynasty,A_pagerank,B_diversity,C_spatial,D_identity,E_citations,influence,rank
3257,朱熹,宋,1.0,1.0,0.0002,0.3846,1.0,0.7077,1
32540,李白,唐,0.2727,0.5617,1.0,0.8462,0.1259,0.54,2
3767,蘇軾,宋,0.4065,0.709,0.6285,0.4615,0.4241,0.5223,3
1762,王安石,宋,0.3696,0.6335,0.0018,0.6923,0.274,0.3829,4
10097,宋濂,明,0.4743,0.6412,0.0075,0.3846,0.2886,0.373,5
32227,白居易,唐,0.3131,0.4787,0.1666,0.7692,0.1637,0.3629,6
7111,黃庭堅,宋,0.3544,0.6574,0.0138,0.4615,0.325,0.3585,7
10084,吳澄,元,0.465,0.6182,0.0001,0.3077,0.2383,0.3451,8
7197,周必大,宋,0.4339,0.7007,0.0043,0.0,0.407,0.3322,9
3915,杜甫,唐,0.2558,0.4538,0.1654,0.6923,0.1103,0.321,10
1384,歐陽修,宋,0.3105,0.6586,0.0017,0.3077,0.3238,0.3199,11
3595,劉克莊,宋,0.4286,0.6744,0.0001,0.0,0.3506,0.3161,12
4001,魏了翁,宋,0.3697,0.6546,0.0068,0.1538,0.318,0.314,13
7055,呂祖謙,宋,0.3053,0.6052,0.0999,0.3077,0.2141,0.3109,14
3624,樓鑰,宋,0.3381,0.6248,0.0001,0.1538,0.261,0.2886,15
33860,呂柟,明,0.191,0.47,0.0001,0.6923,0.1391,0.276,16
1488,司馬光,宋,0.2048,0.5838,0.0001,0.4615,0.1795,0.2744,17
10566,楊萬里,宋,0.3103,0.6117,0.0001,0.1538,0.2235,0.272,18
10749,葉適,宋,0.2653,0.5904,0.0001,0.2308,0.1797,0.2593,19
34196,孫星衍,清,0.0201,0.5057,0.0001,1.0,0.0142,0.2593,20
7026,范祖禹,宋,0.344,0.4688,0.0077,0.2308,0.1411,0.2543,21
28617,王惲,元,0.3219,0.5074,0.0001,0.1538,0.2151,0.2534,22
35222,袁宏道,明,0.1466,0.5923,0.1661,0.1538,0.1917,0.2475,23
28143,柳貫,元,0.1528,0.5575,0.0001,0.4615,0.1193,0.2445,24
10801,虞集,元,0.2693,0.6014,0.0001,0.0769,0.2031,0.2431,25
28381,梁寅,明,0.047,0.5182,0.0001,0.7692,0.0382,0.2389,26
7364,曾鞏,宋,0.1771,0.5512,0.0001,0.3846,0.1063,0.237,27
34717,王世貞,明,0.1768,0.6135,0.0,0.1538,0.2299,0.2333,28
27950,張樞,元,0.0077,0.5038,0.0001,0.8462,0.01,0.2315,29
10258,真德秀,宋,0.2023,0.5923,0.0001,0.1538,0.1867,0.2302,30
3640,陸游,宋,0.2326,0.5872,0.0001,0.0769,0.1767,0.2253,31
10740,黃溍,元,0.27,0.5842,0.0043,0.0,0.1737,0.2248,32
65942,黃道周,明,0.0682,0.5233,0.0001,0.6154,0.047,0.2245,33
13,晁補之,宋,0.1344,0.4401,0.0,0.5385,0.0863,0.222,34
33879,毛奇齡,清,0.0613,0.5164,0.0,0.6154,0.0346,0.2192,35
28022,危素,明,0.1349,0.5372,0.0076,0.3846,0.0758,0.2185,36
10389,袁桷,元,0.1667,0.5652,0.0001,0.2308,0.1315,0.2174,37
66032,朱彝尊,清,0.078,0.5208,0.0001,0.5385,0.0466,0.2154,38
7164,張栻,宋,0.1636,0.5795,0.0067,0.1538,0.1607,0.2135,39
30359,辛棄疾,宋,0.0373,0.5113,0.0121,0.6154,0.0306,0.2128,40
30374,王守仁,明,0.1302,0.5775,0.0,0.2308,0.1571,0.2127,41
10706,王柏,宋,0.1001,0.548,0.0001,0.3846,0.1015,0.2126,42
27948,劉基,明,0.0412,0.5132,0.0001,0.6154,0.0282,0.2116,43
28691,李東陽,明,0.1648,0.5623,0.0134,0.1538,0.1295,0.2071,44
30607,徐渭,明,0.0538,0.5138,0.013,0.5385,0.0294,0.2067,45
34747,鄒元標,明,0.0861,0.5639,0.0,0.3077,0.1323,0.2046,46
30849,高攀龍,明,0.0572,0.5358,0.0001,0.4615,0.072,0.2044,47
3632,陸九淵,宋,0.139,0.5528,0.0001,0.2308,0.1075,0.203,48
19123,文天祥,宋,0.2047,0.5558,0.0,0.0769,0.1165,0.2016,49
3332,韓愈,唐,0.1041,0.5293,0.0372,0.3077,0.0638,0.2003,50
27727,方回,元,0.22,0.4844,0.0001,0.0769,0.1687,0.1997,51
30192,全祖望,清,0.0957,0.5255,0.0001,0.3846,0.053,0.1995,52
1649,蔡京,宋,0.1523,0.5573,0.0001,0.1538,0.1197,0.1982,53
12087,楊維禎,元,0.1339,0.5435,0.0007,0.2308,0.0899,0.1971,54
8043,范仲淹,宋,0.1418,0.5643,0.0437,0.0769,0.1365,0.1962,55
3294,方逢辰,宋,0.0281,0.5097,0.0001,0.5385,0.0278,0.1953,56
8008,秦檜,宋,0.1939,0.487,0.0001,0.0769,0.1805,0.1942,57
12236,徐鉉,南唐,0.1142,0.5247,0.0063,0.3077,0.0506,0.1942,58
3029,晁說之,宋,0.0889,0.4306,0.0062,0.4615,0.0652,0.193,59
3676,米芾,宋,0.0629,0.4255,0.0011,0.5385,0.0514,0.1927,60
30239,錢謙益,清,0.1147,0.5451,0.0,0.2308,0.0901,0.1916,61
34702,羅洪先,明,0.077,0.5433,0.0,0.3077,0.0891,0.1913,62
34742,顧憲成,明,0.0694,0.5459,0.0,0.3077,0.0999,0.1911,63
3888,鄒浩,宋,0.1233,0.537,0.0,0.2308,0.0766,0.1905,64
32248,元稹,唐,0.148,0.435,0.0062,0.3077,0.0738,0.1899,65
35220,袁黃,明,0.0149,0.5069,0.0,0.5385,0.019,0.1895,66
34252,顧炎武,清,0.0416,0.5107,0.0062,0.4615,0.0226,0.1885,67
3075,陳亮,宋,0.1331,0.5469,0.0001,0.1538,0.0973,0.187,68
1953,文彥博,宋,0.0565,0.5233,0.0001,0.3846,0.0514,0.187,69
11134,黃榦,宋,0.1018,0.5431,0.0001,0.2308,0.0867,0.1868,70
2022,楊時,宋,0.1028,0.5405,0.0001,0.2308,0.0871,0.1866,71
33880,毛先舒,清,0.0121,0.5036,0.0,0.5385,0.0094,0.1865,72
30248,傅山,清,0.0057,0.4014,0.0,0.6923,0.0034,0.1864,73
29570,陳獻章,明,0.0555,0.5237,0.0001,0.3846,0.0466,0.1861,74
10726,王褘,明,0.1039,0.5356,0.0076,0.2308,0.0748,0.1857,75
33465,吳寬,明,0.0808,0.5289,0.0,0.3077,0.0618,0.1855,76
34532,章懋,明,0.1063,0.535,0.0001,0.2308,0.0766,0.185,77
32174,王維,唐,0.0894,0.4267,0.0326,0.3846,0.0546,0.1846,78
10733,許謙,元,0.0516,0.5196,0.0,0.3846,0.044,0.1837,79
30080,紀昀,清,0.1226,0.533,0.0289,0.1538,0.0738,0.1833,80
11800,劉宰,宋,0.2016,0.4613,0.0001,0.0769,0.1255,0.1831,81
3105,程頤,宋,0.0844,0.4376,0.0001,0.3846,0.081,0.1827,82
1651,蔡襄,宋,0.094,0.5356,0.0001,0.2308,0.0786,0.1817,83
8175,岳飛,宋,0.0637,0.5196,0.1394,0.1538,0.0452,0.1808,84
65804,焦竑,明,0.0415,0.5204,0.0007,0.3846,0.041,0.1805,85
33606,劉禹錫,唐,0.1711,0.3451,0.0007,0.3077,0.0905,0.1802,86
559,范純仁,宋,0.0853,0.5332,0.005,0.2308,0.0742,0.179,87
34219,唐順之,明,0.0553,0.5281,0.0048,0.3077,0.061,0.1785,88
10289,袁燮,宋,0.1145,0.5401,0.0001,0.1538,0.0851,0.1782,89
28410,王逢,明,0.1696,0.4482,0.0002,0.1538,0.0955,0.1779,90
34748,劉宗周,明,0.0575,0.4204,0.0,0.4615,0.0432,0.177,91
7343,孫覿,宋,0.1437,0.5445,0.0,0.0769,0.0899,0.177,92
3605,柳宗元,唐,0.098,0.4263,0.0882,0.2308,0.0594,0.1758,93
630,韓琦,宋,0.125,0.5476,0.0086,0.0769,0.1031,0.1757,94
34531,羅倫,明,0.0342,0.5127,0.0006,0.3846,0.0314,0.1753,95
30240,馮夢禎,明,0.0959,0.569,0.0,0.0769,0.1403,0.1752,96
34919,屠隆,明,0.0685,0.5613,0.0005,0.1538,0.1267,0.175,97
54115,袁枚,清,0.0371,0.5093,0.0001,0.3846,0.027,0.1748,98
34652,韓邦奇,明,0.03,0.4093,0.0,0.5385,0.0194,0.1745,99
10879,陳繼儒,明,0.024,0.5115,0.0166,0.3846,0.0232,0.174,100
8089,劉摯,宋,0.0595,0.5184,0.0001,0.3077,0.0414,0.1739,101
28306,戴表元,元,0.1271,0.5478,0.0002,0.0769,0.0979,0.1739,102
127987,李維楨,明,0.171,0.3759,0.0014,0.1538,0.1551,0.1731,103
19880,王應麟,宋,0.0309,0.5105,0.0001,0.3846,0.0226,0.1725,104
10731,金履祥,元,0.0266,0.5113,0.0,0.3846,0.028,0.1721,105
7030,黃伯思,宋,0.04,0.2085,0.0001,0.7692,0.0194,0.172,106
10585,陳傅良,宋,0.1237,0.5445,0.0001,0.0769,0.0937,0.1716,107
7308,歐陽發,宋,0.0024,0.5012,0.0017,0.4615,0.0038,0.1711,108
8098,陸佃,宋,0.0837,0.5182,0.0001,0.2308,0.0414,0.1696,109
30731,洪亮吉,清,0.024,0.5065,0.0018,0.3846,0.0174,0.1692,110
35003,董其昌,明,0.0373,0.5152,0.0169,0.3077,0.0306,0.1684,111
1493,蘇轍,宋,0.0887,0.5342,0.0001,0.1538,0.078,0.1683,112
30810,汪克寬,明,0.0195,0.5071,0.0001,0.3846,0.019,0.1678,113
29794,焦循,清,0.0138,0.4042,0.0001,0.5385,0.0102,0.1673,114
28142,陳樵,元,0.0103,0.4036,0.0,0.5385,0.0168,0.1671,115
11287,鄭樵,宋,0.0121,0.404,0.0001,0.5385,0.0094,0.1666,116
8078,李綱,宋,0.1137,0.5613,0.0022,0.0,0.1303,0.1664,117
3941,王洙,宋,0.0038,0.302,0.0001,0.6923,0.0066,0.1664,118
12354,張耒,宋,0.067,0.5231,0.0001,0.2308,0.046,0.1663,119
10565,胡銓,宋,0.1331,0.5502,0.0001,0.0,0.1087,0.1663,120
88890,康有為,中華民國,0.1815,0.4593,0.0001,0.0,0.1313,0.166,121
131191,湛若水,明,0.0942,0.5504,0.0,0.0769,0.1053,0.1657,122
56535,姚希孟,明,0.106,0.5439,0.0,0.0769,0.0907,0.1657,123
21194,杜牧,唐,0.0936,0.4221,0.0,0.3077,0.0466,0.1656,124
35140,姚廣孝,明,0.0087,0.402,0.0,0.5385,0.0058,0.1646,125
8116,蘇頌,宋,0.1135,0.5344,0.0013,0.0769,0.078,0.1644,126
17690,趙孟頫,元,0.1333,0.548,0.0,0.0,0.0991,0.1644,127
12319,余靖,宋,0.0541,0.4186,0.0001,0.3846,0.0406,0.1638,128
67166,謝鐸,明,0.0523,0.5243,0.0,0.2308,0.055,0.1634,129
3043,秦觀,宋,0.0594,0.5241,0.0437,0.1538,0.0506,0.162,130
3404,胡瑗,宋,0.0534,0.5176,0.0069,0.2308,0.0374,0.1612,131
30713,黃宗羲,清,0.0857,0.5237,0.0001,0.1538,0.0492,0.1609,132
59090,沈廷芳,清,0.0069,0.5018,0.0001,0.3846,0.0038,0.1607,133
28113,楊士奇,明,0.0564,0.517,0.0004,0.2308,0.035,0.1603,134
127530,汪道昆,明,0.0724,0.5528,0.0002,0.0769,0.1091,0.1602,135
34807,孫奇逢,清,0.0259,0.5067,0.0,0.3077,0.0302,0.1598,136
34579,王鏊,明,0.0919,0.4334,0.0,0.2308,0.0726,0.1597,137
33556,王昶,清,0.0306,0.5083,0.0,0.3077,0.017,0.1595,138
3484,李之儀,宋,0.0374,0.5241,0.0051,0.2308,0.0498,0.1591,139
27853,程鉅夫,元,0.2141,0.3668,0.0001,0.0,0.1399,0.1586,140
10727,何基,宋,0.0249,0.5093,0.0001,0.3077,0.02,0.1585,141
10792,蘇天爵,元,0.1448,0.4467,0.0001,0.0769,0.0931,0.1583,142
54996,方以智,清,0.011,0.3032,0.0018,0.6154,0.0102,0.1581,143
3718,邵雍,宋,0.046,0.5168,0.0047,0.2308,0.0354,0.158,144
99984,歐陽德,明,0.0876,0.5403,0.0,0.0769,0.0794,0.1578,145
33498,李塨,清,0.0189,0.4049,0.0,0.4615,0.0122,0.1577,146
30631,胡居仁,明,0.0234,0.5083,0.0002,0.3077,0.0166,0.1574,147
28093,方孝孺,明,0.0732,0.5237,0.0,0.1538,0.0486,0.1571,148
18938,黃震,宋,0.0659,0.4208,0.0,0.3077,0.0454,0.1569,149
35105,李兆洛,清,0.0222,0.5065,0.0,0.3077,0.015,0.1564,150
13624,權德輿,唐,0.1119,0.3257,0.0152,0.3077,0.0546,0.1561,151
126814,王畿,明,0.05,0.5281,0.013,0.1538,0.0638,0.1559,152
11625,汪藻,宋,0.0713,0.5219,0.0001,0.1538,0.0464,0.1558,153
60709,何紹基,清,0.015,0.4034,0.0001,0.4615,0.0086,0.1557,154
34673,文徵明,明,0.0427,0.515,0.0,0.2308,0.0332,0.1554,155
10173,文同,宋,0.0698,0.5212,0.0001,0.1538,0.0444,0.1549,156
669,韓元吉,宋,0.1167,0.5364,0.0041,0.0,0.0766,0.1546,157
7097,楊億,宋,0.0684,0.5202,0.0001,0.1538,0.0454,0.1545,158
10296,袁甫,宋,0.0845,0.5334,0.0001,0.0769,0.0686,0.1539,159
30598,徐光啟,明,0.0087,0.403,0.0,0.4615,0.009,0.1538,160
13575,張籍,唐,0.0622,0.4178,0.0002,0.3077,0.0362,0.1538,161
29584,陳子龍,明,0.0343,0.4109,0.0,0.3846,0.0214,0.1534,162
333,章惇,宋,0.0583,0.5225,0.0019,0.1538,0.0534,0.1534,163
27957,吳師道,元,0.1046,0.5427,0.0001,0.0,0.0879,0.1531,164
16663,孫應時,宋,0.0603,0.5227,0.0001,0.1538,0.0464,0.1527,165
24412,李商隱,唐,0.1156,0.3233,0.0001,0.3077,0.0468,0.1525,166
11087,林希逸,宋,0.0604,0.5217,0.0001,0.1538,0.045,0.1523,167
15072,楊簡,宋,0.0837,0.5299,0.0001,0.0769,0.0622,0.152,168
1558,宋祁,宋,0.0826,0.5287,0.0001,0.0769,0.0644,0.1518,169
19865,李公麟,宋,0.0253,0.4119,0.0001,0.3846,0.0254,0.1515,170
132043,鄒守益,明,0.0302,0.514,0.0,0.2308,0.0326,0.1514,171
34926,沈壽民,清,0.0376,0.5099,0.0009,0.2308,0.0222,0.1514,172
10892,陳宓,宋,0.0963,0.4376,0.0001,0.1538,0.0774,0.1511,173
34161,萬泰,清,0.0088,0.5024,0.0001,0.3077,0.0106,0.1509,174
27385,魏掞之,宋,0.0058,0.5049,0.0001,0.3077,0.0106,0.1505,175
3402,胡寅,宋,0.0798,0.5271,0.0001,0.0769,0.0576,0.1496,176
1959,吳潛,宋,0.0317,0.5101,0.0009,0.2308,0.0214,0.1496,177
54568,吳錫麒,清,0.0075,0.5018,0.0001,0.3077,0.0034,0.1493,178
504,周敦頤,宋,0.046,0.5231,0.0001,0.1538,0.0514,0.1492,179
33468,倪瓚,元,0.0653,0.4289,0.0,0.2308,0.0572,0.1486,180
10598,王十朋,宋,0.1044,0.5338,0.0001,0.0,0.0702,0.1486,181
29602,程敏政,明,0.1429,0.4482,0.0049,0.0,0.0987,0.1483,182
21180,方岳,宋,0.0289,0.5095,0.0001,0.2308,0.0198,0.1482,183
94227,賈島,唐,0.1458,0.3334,0.0196,0.1538,0.0662,0.1473,184
1759,汪應辰,宋,0.0845,0.437,0.0003,0.1538,0.0754,0.1472,185
2073,晏殊,宋,0.0184,0.5095,0.0032,0.2308,0.029,0.147,186
10703,呂本中,宋,0.0413,0.5182,0.0082,0.1538,0.039,0.1466,187
33202,丘濬,明,0.0427,0.4134,0.0,0.3077,0.0314,0.1464,188
12431,張九成,宋,0.047,0.5154,0.0047,0.1538,0.0338,0.1463,189
10183,周密,元,0.014,0.4085,0.0,0.3846,0.0174,0.1462,190
27973,杜本,元,0.0221,0.5093,0.0001,0.2308,0.0198,0.1461,191
29876,錢大昕,清,0.077,0.5214,0.0001,0.0769,0.0466,0.146,192
34529,吳與弼,明,0.0179,0.4049,0.0001,0.3846,0.0104,0.1456,193
28543,許有壬,元,0.1689,0.3451,0.0001,0.0769,0.0931,0.1452,194
65614,陸世儀,清,0.0509,0.4073,0.0001,0.3077,0.015,0.1452,195
34751,李流芳,明,0.008,0.403,0.0178,0.3846,0.0066,0.1452,196
211,張浚,宋,0.06,0.5261,0.0067,0.0769,0.0584,0.1449,197
35076,魏禧,清,0.0372,0.4099,0.0119,0.3077,0.0214,0.1449,198
7376,王詵,宋,0.0046,0.302,0.0057,0.5385,0.0062,0.1446,199
10724,王炎澤,元,0.0045,0.3018,0.0,0.5385,0.0126,0.1444,200
