指標,數值
總人數,1000
一句話簡介平均字數,27.4
一段話小傳平均字數,68.3
生年覆蓋率,831/1000 (83.1%)
卒年覆蓋率,878/1000 (87.8%)
地名覆蓋率,996/1000 (99.6%)
交往對象覆蓋率,997/1000 (99.7%)
抽樣_1_personid,336
抽樣_1_name,章服
抽樣_1_one_liner,章服（1106-1173），宋人，永康人，為邑里所重、財政官員。
抽樣_1_bio,章服，宋人，籍貫永康。生於1106年，卒於1173年。為邑里所重、財政官員。一生主要活動於鹽官、永康。與朱夏卿、俞畢、戚方、劉祖禮等人交遊唱和。
抽樣_2_personid,1802
抽樣_2_name,王蕃
抽樣_2_one_liner,王蕃（0-0），宋人，歸安人，財政官員。
抽樣_2_bio,王蕃，宋人，籍貫歸安。生於0年，卒於0年。為財政官員。一生主要活動於歸安、益都、開封。與黃庭堅等人交遊唱和。
抽樣_3_personid,3136
抽樣_3_name,張枃
抽樣_3_one_liner,張枃（0-1197），宋人，衡陽人，財政官員。
抽樣_3_bio,張枃，宋人，籍貫衡陽。生於0年，卒於1197年。為財政官員。一生主要活動於漢州、衡陽。與朱熹、曹盅、真德秀、呂祖謙等人交遊唱和。
抽樣_4_personid,935
抽樣_4_name,顧臨
抽樣_4_one_liner,顧臨，宋人，餘姚人，小學家、小學家－訓詁學、校堪學家。
抽樣_4_bio,顧臨，宋人，籍貫餘姚。為小學家、小學家－訓詁學、校堪學家。一生主要活動於會稽、餘姚。與華鎮、蘇軾、孔武仲、孔文仲等人交遊唱和。
抽樣_5_personid,7076
抽樣_5_name,王安國
抽樣_5_one_liner,王安國（1028-1074），宋人，臨川人，為官者、思想家。
抽樣_5_bio,王安國，宋人，籍貫臨川。生於1028年，卒於1074年。為官者、思想家。一生主要活動於臨川。與蘇軾、釋贊元、施大任、晁補之、王安石等人交遊唱和。
抽樣_6_personid,10225
抽樣_6_name,張鎡
抽樣_6_one_liner,張鎡（?- 1207），宋人，吳縣人，畫家、為官者。
抽樣_6_bio,張鎡，宋人，籍貫吳縣。卒於1207年。為畫家、為官者。一生主要活動於吳縣、成紀。與史浩、韓侂胄、傅景夏、趙季言等人交遊唱和。
抽樣_7_personid,14172
抽樣_7_name,洪興祖
抽樣_7_one_liner,洪興祖，宋人，丹陽人，良吏;循吏、好學、為官者。
抽樣_7_bio,洪興祖，宋人，籍貫丹陽。為良吏;循吏、好學、為官者。一生主要活動於丹陽。與葛勝仲、秦檜、陸游、陳長方、孔端朝等人交遊唱和。
抽樣_8_personid,24276
抽樣_8_name,孫侔
抽樣_8_one_liner,孫侔（1019-1084），宋人，湖州人，業進士、孝子/孝女、落第士人。
抽樣_8_bio,孫侔，宋人，籍貫湖州。生於1019年，卒於1084年。為業進士、孝子/孝女、落第士人。一生主要活動於湖州。與王安石、歐陽修、沈遘、林希等人交遊唱和。
抽樣_9_personid,1925
抽樣_9_name,王炎
抽樣_9_one_liner,王炎（1115-1178），宋人，廬陵人，財政官員、宰執。
抽樣_9_bio,王炎，宋人，籍貫廬陵。生於1115年，卒於1178年。為財政官員、宰執。一生主要活動於安陽、廬陵。與薛季宣、朱熹、周必大、袁燮、陸游等人交遊唱和。
抽樣_10_personid,1450
抽樣_10_name,沈括
抽樣_10_one_liner,沈括（1029-1093），宋人，吳縣人，天文學家（星象家）、數學家、博學之人。
抽樣_10_bio,沈括，宋人，籍貫吳縣。生於1029年，卒於1093年。為天文學家（星象家）、數學家、博學之人。一生主要活動於吳縣、錢塘。與賈士彥、張蒭、吳伯舉、田氏(李頎妻)、施氏(胡宗質妻)等人交遊唱和。
抽樣_11_personid,26022
抽樣_11_name,柴中行
抽樣_11_one_liner,柴中行（0-0），宋人，餘干人，儒學、收徒講學、理學家。
抽樣_11_bio,柴中行，宋人，籍貫餘干。生於0年，卒於0年。為儒學、收徒講學、理學家。一生主要活動於餘干。與韓侂胄、湯漢、朱熹、湯師中等人交遊唱和。
抽樣_12_personid,7007
抽樣_12_name,程俱
抽樣_12_one_liner,程俱（1078-1144），宋人，開化人，為官者。
抽樣_12_bio,程俱，宋人，籍貫開化。生於1078年，卒於1144年。為官者。一生主要活動於開化。與江褒、趙子晝、釋寶聲、釋道潛、趙叔問等人交遊唱和。
抽樣_13_personid,24320
抽樣_13_name,劉錡
抽樣_13_one_liner,劉錡（1098-1162），宋人，成紀人，精於騎射、武官。
抽樣_13_bio,劉錡，宋人，籍貫成紀。生於1098年，卒於1162年。為精於騎射、武官。一生主要活動於德順軍、成紀。與歐陽守道、丘奐、虞允文、席天祐等人交遊唱和。
抽樣_14_personid,3025
抽樣_14_name,晁端友
抽樣_14_one_liner,晁端友，宋人，鉅野人，宗子、詩人、為官者。
抽樣_14_bio,晁端友，宋人，籍貫鉅野。為宗子、詩人、為官者。一生主要活動於鉅野。與蘇軾、晁補之、高旦、黃庭堅等人交遊唱和。
抽樣_15_personid,42179
抽樣_15_name,余應球
抽樣_15_one_liner,余應球，宋人，弋陽人，為官者、好金石。
抽樣_15_bio,余應球，宋人，籍貫弋陽。為官者、好金石。一生主要活動於弋陽。與童貫、蔡攸、朱勔、黃伯思等人交遊唱和。
抽樣_16_personid,16142
抽樣_16_name,蔣璿
抽樣_16_one_liner,蔣璿（0-0），宋人，奉化人，為官者。
抽樣_16_bio,蔣璿，宋人，籍貫奉化。生於0年，卒於0年。為官者。一生主要活動於奉化、鄞縣。與汪思溫、王次翁、高閌、徐彥老、陳先等人交遊唱和。
抽樣_17_personid,10682
抽樣_17_name,董逌
抽樣_17_one_liner,董逌（0-0），宋人，宜興人，好金石、為官者。
抽樣_17_bio,董逌，宋人，籍貫宜興。生於0年，卒於0年。為好金石、為官者。一生主要活動於宜興、平陰、鄆州。與晁補之、許袤民、邵仲參、李季忱、李次升等人交遊唱和。
抽樣_18_personid,8173
抽樣_18_name,宇文虛中
抽樣_18_one_liner,宇文虛中（1063-1130），宋人，雙流人，宰執、為官者。
抽樣_18_bio,宇文虛中，宋人，籍貫雙流。生於1063年，卒於1130年。為宰執、為官者。一生主要活動於雙流、華陽。與劉克莊、周必大、折克行等人交遊唱和。
抽樣_19_personid,10613
抽樣_19_name,林成季
抽樣_19_one_liner,林成季（0-0），宋人，莆田人，為官者。
抽樣_19_bio,林成季，宋人，籍貫莆田。生於0年，卒於0年。為官者。一生主要活動於莆田。與朱熹、劉克莊、周必大、趙汝愚、呂祖謙等人交遊唱和。
抽樣_20_personid,41511
抽樣_20_name,吳泳
抽樣_20_one_liner,吳泳（?- 1275），宋人，崇仁人，死國難。
抽樣_20_bio,吳泳，宋人，籍貫崇仁。卒於1275年。為死國難。一生主要活動於崇仁。與魏了翁、程掌、蔣重珍、家𢴍、胡穎等人交遊唱和。
