dynasty,kin_role,count
先秦,丈夫,107
先秦,妻子,103
先秦,女兒,69
先秦,母,68
先秦,父,66
先秦,子,51
先秦,祖父,50
先秦,孫女,50
先秦,曾祖,39
先秦,曾孫女,39
先秦,嗣子(作為繼承人的兒子),13
先秦,高祖;四世祖,5
先秦,姊,5
先秦,玄孫女,5
先秦,妹,4
先秦,弟,3
先秦,孫,3
先秦,祖母,3
先秦,兄,2
先秦,妾,2
先秦,女婿,2
先秦,岳母,2
先秦,翁;公公;丈夫之父,2
先秦,子婦;兒媳,2
先秦,丈夫之母;婆婆,1
先秦,孫媳,1
先秦,夫之祖父,1
先秦,曾孫媳婦,1
先秦,夫之曾祖,1
西漢,丈夫,10
西漢,妻子,8
西漢,女兒,5
西漢,父,4
西漢,母,3
西漢,子,2
西漢,妾,1
東漢,丈夫,18
東漢,父,15
東漢,女兒,15
東漢,妻子,14
東漢,母,7
東漢,子,7
東漢,妹,4
東漢,姊,3
東漢,兄弟,2
東漢,兄,2
東漢,第一任妻,2
東漢,姊妹,2
東漢,祖父,1
東漢,弟,1
東漢,第二任妻,1
東漢,妾,1
東漢,繼子,1
東漢,孫女,1
東漢,繼母,1
三國,丈夫,21
三國,妻子,17
三國,女兒,13
三國,父,11
三國,母,10
三國,子,8
三國,兄,3
三國,第二任妻,3
三國,妹,2
三國,兄弟,1
三國,弟,1
三國,第一任妻,1
三國,姊,1
三國,妾,1
三國,第三任妻,1
三國,第一任丈夫,1
三國,第二任丈夫,1
三國,姊妹,1
三國,第三任丈夫,1
西晉,丈夫,19
西晉,妻子,13
西晉,父,10
西晉,女兒,10
西晉,母,8
西晉,子,8
西晉,妾,3
西晉,第二任妻,2
西晉,兄弟之妻,2
西晉,夫之兄弟,2
西晉,曾祖,1
西晉,兄弟,1
西晉,兄,1
西晉,第一任妻,1
西晉,妹,1
西晉,過繼的嗣子,1
西晉,曾孫女,1
西晉,姊妹,1
西晉,嗣母,1
西晉,伯叔母,1
西晉,夫之從子,1
東晉,丈夫,16
東晉,妻子,13
東晉,父,6
東晉,母,6
東晉,女兒,6
東晉,子,6
東晉,姊,2
東晉,妾,2
東晉,妹,2
東晉,同族長輩,1
東晉,兄,1
東晉,弟,1
東晉,從弟,1
東晉,第二任妻,1
東晉,同族晚輩,1
東晉,從女;姪女,1
東晉,未婚妻,1
東晉,未婚夫,1
東晉,從姊,1
東晉,叔;叔父,1
南北朝,丈夫,76
南北朝,妻子,72
南北朝,女兒,22
南北朝,父,21
南北朝,子,19
南北朝,母,18
南北朝,妹,11
南北朝,姊,8
南北朝,兄,5
南北朝,妾,5
南北朝,弟,4
南北朝,子婦;兒媳,2
南北朝,祖父,1
南北朝,外甥,1
南北朝,繼子,1
南北朝,孫女,1
南北朝,未婚妻,1
南北朝,未婚夫,1
南北朝,第一任丈夫,1
南北朝,第二任丈夫,1
南北朝,姨;從母,1
南北朝,翁;公公;丈夫之父,1
南北朝,從妹,1
南北朝,從姊,1
隋,丈夫,29
隋,妻子,29
隋,母,17
隋,父,14
隋,子,14
隋,女兒,13
隋,祖父,6
隋,孫女,6
隋,曾祖,3
隋,曾孫女,3
隋,母舅,1
隋,族姑,1
隋,兄,1
隋,從兄,1
隋,妹,1
隋,長子; 第一子,1
隋,次子,1
隋,三子,1
隋,四子,1
隋,族子,1
隋,孫,1
隋,甥女,1
隋,祖母,1
隋,丈夫之母;婆婆,1
隋,從妹,1
唐,丈夫,3687
唐,妻子,3686
唐,女兒,1920
唐,父,1750
唐,母,1437
唐,子,1200
唐,孫女,699
唐,祖父,679
唐,曾孫女,452
唐,曾祖,450
唐,女婿,198
唐,岳母,197
唐,嗣子(作為繼承人的兒子),164
唐,妹,118
唐,姊,111
唐,兄,81
唐,弟,78
唐,祖母,77
唐,孫,64
唐,外孫女,61
唐,子婦;兒媳,61
唐,外祖父,56
唐,從女;姪女,42
唐,玄孫女,41
唐,高祖;四世祖,40
唐,姑母,39
唐,翁;公公;丈夫之父,36
唐,從子;姪子,34
唐,丈夫之母;婆婆,28
唐,甥女,17
唐,第一任丈夫,16
唐,第二任丈夫,16
唐,叔;叔父,16
唐,母舅,15
唐,從父;伯叔父,15
唐,妾,15
唐,兄弟,14
唐,五世祖;高曾祖,14
唐,五世孫;來孫,14
唐,第二任妻,13
唐,二女,13
唐,曾祖母,12
唐,姊妹,12
唐,姨;從母,11
唐,兄弟之妻,11
唐,第一任妻,10
唐,長子; 第一子,10
唐,長女,10
唐,伯叔母,10
唐,夫之兄弟,10
唐,孫媳,10
唐,從兄,9
唐,長兄,9
唐,次子,9
唐,孫女婿,9
唐,外祖母,9
唐,從妹,9
唐,夫之祖父,9
唐,季弟,8
唐,外甥,8
唐,夫之從子,8
唐,八世祖;太高祖,7
唐,六世祖;太祖,7
唐,外孫,7
唐,六世孫;昆孫,7
唐,八世孫;雲孫,7
唐,九世孫,7
唐,繼母,7
唐,直系祖先,6
唐,九世祖;太高曾祖,6
唐,七世祖;太曾祖,6
唐,曾孫; 重孫,6
唐,七世孫;仍孫,6
唐,直系後裔,6
唐,繼女,6
唐,曾孫媳婦,6
唐,伯;伯父,6
唐,夫之曾祖,6
唐,從兄弟;堂兄弟,5
唐,姐夫,5
唐,三女,5
唐,五女,5
唐,第三任妻,5
唐,外曾祖父,4
唐,岳父,4
唐,從弟,4
唐,族兄,4
唐,妹夫,4
唐,十一世孫,4
唐,妻妹,4
唐,從姊,4
唐,姪孫女,4
唐,族妹,4
唐,表親,4
唐,十二世祖,3
唐,十一世祖,3
唐,從祖;伯叔祖,3
唐,再從弟,3
唐,三子,3
唐,四子,3
唐,族孫,3
唐,十二世孫,3
唐,四女,3
唐,姨表兄弟,3
唐,表妹,3
唐,姨表姊妹;從母妹,3
唐,族祖姑,3
唐,五十五世祖,3
唐,前母,3
唐,十七世祖,2
唐,十世祖,2
唐,曾伯叔祖;從曾祖,2
唐,族姑,2
唐,妻兄,2
唐,姊妹夫,2
唐,族子,2
唐,姪孫;從孫,2
唐,十世孫,2
唐,十七世孫,2
唐,高祖母,2
唐,妻姊,2
唐,妻之姊妹,2
唐,表兄,2
唐,表姪,2
唐,外祖父之兄弟,2
唐,夫之祖母,2
唐,祖姑,2
唐,HZSS / HZSD / HZDS / HZDD,2
唐,五十三世孫,2
唐,私生孫,2
唐,同族長輩,1
唐,二十七世祖,1
唐,十九世祖,1
唐,妻之曾祖,1
唐,妻之祖父,1
唐,養父,1
唐,姑表弟,1
唐,再從兄弟,1
唐,繼兄,1
唐,姪女之夫,1
唐,過繼的嗣子,1
唐,季子,1
唐,第二任女婿,1
唐,繼子,1
唐,第一任女婿,1
唐,養女,1
唐,外孫女婿,1
唐,曾孫女婿,1
唐,玄孫;四世孫,1
唐,十九世孫,1
唐,二十七世孫,1
唐,同族晚輩,1
唐,族兄弟,1
唐,長女婿,1
唐,二女婿,1
唐,獨女,1
唐,二十世祖,1
唐,二十世孫,1
唐,嗣母,1
唐,繼妹,1
唐,妻之從女,1
唐,姨表弟,1
唐,表兄弟,1
唐,表姐,1
唐,表姐妹,1
唐,族姊妹,1
唐,嫡母,1
唐,夫之姐妹,1
唐,姑父,1
唐,舅公;父或母之舅,1
唐,甥孫,1
唐,養子(非嗣子),1
唐,養母,1
唐,第四任妻,1
唐,堂舅;母亲的叔伯兄弟,1
唐,夫堂姪,1
唐,叔祖;叔祖父,1
唐,堂伯叔母,1
唐,五十五世孫,1
唐,妻之姑母,1
唐,妻之五世祖,1
唐,繼祖,1
唐,繼孫子,1
唐,非親生子,1
唐,表姑,1
五代十國,丈夫,117
五代十國,妻子,82
五代十國,父,38
五代十國,母,36
五代十國,女兒,31
五代十國,子,18
五代十國,第一任妻,15
五代十國,第二任妻,14
五代十國,長女,8
五代十國,曾祖母,8
五代十國,祖母,8
五代十國,祖父,7
五代十國,妹,7
五代十國,孫,7
五代十國,孫女,7
五代十國,長子; 第一子,6
五代十國,曾孫; 重孫,6
五代十國,兄,4
五代十國,次子,4
五代十國,姊,3
五代十國,從子;姪子,3
五代十國,女婿,3
五代十國,二女,3
五代十國,曾孫女,3
五代十國,岳母,3
五代十國,子婦;兒媳,3
五代十國,丈夫之母;婆婆,3
五代十國,曾祖,2
五代十國,外祖父,2
五代十國,弟,2
五代十國,妾,2
五代十國,三子,2
五代十國,姑母,2
五代十國,第三任妻,2
五代十國,外孫女,2
五代十國,姊妹,2
五代十國,妹夫,1
五代十國,外甥,1
五代十國,四子,1
五代十國,五子,1
五代十國,族孫,1
五代十國,三女,1
五代十國,從女;姪女,1
五代十國,四女,1
五代十國,五女,1
五代十國,姨;從母,1
五代十國,妻姊,1
五代十國,從妹,1
五代十國,從姊,1
五代十國,父之外祖,1
五代十國,族祖姑,1
五代十國,叔;叔父,1
五代十國,嗣子(作為繼承人的兒子),1
五代十國,妻之五世祖,1
南宋,丈夫,3490
南宋,妻子,2625
南宋,母,1887
南宋,子,1502
南宋,父,1108
南宋,女兒,917
南宋,第一任妻,583
南宋,祖母,279
南宋,孫女,261
南宋,孫,253
南宋,祖父,225
南宋,第二任妻,206
南宋,子婦;兒媳,200
南宋,翁;公公;丈夫之父,131
南宋,曾孫女,119
南宋,長女,116
南宋,曾祖母,114
南宋,岳母,108
南宋,二女,101
南宋,曾祖,98
南宋,次子,94
南宋,曾孫; 重孫,94
南宋,長子; 第一子,86
南宋,姊,69
南宋,丈夫之母;婆婆,69
南宋,妹,64
南宋,繼母,56
南宋,繼子,54
南宋,三子,53
南宋,三女,53
南宋,弟,50
南宋,女婿,50
南宋,兄,47
南宋,妾,42
南宋,從子;姪子,29
南宋,第三任妻,28
南宋,姑母,27
南宋,從女;姪女,25
南宋,四女,25
南宋,從父;伯叔父,23
南宋,孫媳,23
南宋,四子,22
南宋,長女婿,21
南宋,夫之祖父,20
南宋,兄弟,19
南宋,二女婿,18
南宋,姊妹,18
南宋,五女,15
南宋,嗣母,12
南宋,兄弟之妻,12
南宋,過繼的嗣子,11
南宋,孫女婿,10
南宋,三女婿,10
南宋,外甥,9
南宋,夫之兄弟,9
南宋,妻子的祖母,9
南宋,高祖;四世祖,8
南宋,姨;從母,8
南宋,嫡母,8
南宋,五子,7
南宋,四女婿,7
南宋,第一任丈夫,7
南宋,玄孫女,7
南宋,伯叔母,7
南宋,夫之從子,7
南宋,六女,7
南宋,直系祖先,6
南宋,直系後裔,6
南宋,族人(輩分不詳),5
南宋,第二任丈夫,5
南宋,第四任妻,5
南宋,姻親,4
南宋,族孫,4
南宋,玄孫;四世孫,4
南宋,七女,4
南宋,族姊,4
南宋,岳父,3
南宋,姊妹夫,3
南宋,季子,3
南宋,五女婿,3
南宋,獨女,3
南宋,繼女,3
南宋,妻之姊妹,3
南宋,表姪,3
南宋,夫之姐妹,3
南宋,養子(非嗣子),3
南宋,養母,3
南宋,姪孫女,3
南宋,族祖姑,3
南宋,夫之祖母,3
南宋,姪媳婦,3
南宋,夫之從父,3
南宋,表姑,3
南宋,從祖;伯叔祖,2
南宋,外祖父,2
南宋,族姑,2
南宋,繼父,2
南宋,從弟,2
南宋,從兄,2
南宋,再從弟,2
南宋,妹夫,2
南宋,六子,2
南宋,外孫,2
南宋,姪孫;從孫,2
南宋,未婚妻,2
南宋,高祖母,2
南宋,妻姊,2
南宋,從妹,2
南宋,從姊,2
南宋,八女,2
南宋,祖姑,2
南宋,非親生母,2
南宋,第五任妻,2
南宋,六世祖;太祖,1
南宋,妻之曾祖,1
南宋,曾伯叔祖;從曾祖,1
南宋,妻之祖父,1
南宋,"族祖父;族父的父親,即祖父的堂兄弟",1
南宋,母舅,1
南宋,從兄弟;堂兄弟,1
南宋,族弟,1
南宋,長兄,1
南宋,姪女之夫,1
南宋,獨子,1
南宋,七子,1
南宋,養女,1
南宋,曾孫女婿,1
南宋,六世孫;昆孫,1
南宋,十四子,1
南宋,族兄弟,1
南宋,未婚夫,1
南宋,六女婿,1
南宋,外祖母,1
南宋,外孫女,1
南宋,五世祖;高曾祖,1
南宋,五世孫;來孫,1
南宋,妻之從女,1
南宋,姨表兄弟,1
南宋,表兄弟,1
南宋,表姐妹,1
南宋,曾姪孫女,1
南宋,族姊妹,1
南宋,姑父,1
南宋,姨表姊妹;從母妹,1
南宋,十三女,1
南宋,九女,1
南宋,十女,1
南宋,十一女,1
南宋,十二女,1
南宋,十四女,1
南宋,族妹,1
南宋,族女,1
南宋,曾孫媳婦,1
南宋,叔;叔父,1
南宋,叔祖;叔祖父,1
南宋,夫之曾祖,1
南宋,妻之姑母,1
南宋,第三任丈夫,1
南宋,嗣子(作為繼承人的兒子),1
南宋,非親生子,1
南宋,妾之子,1
南宋,從姊妹,1
遼,丈夫,81
遼,妻子,80
遼,母,70
遼,父,41
遼,女兒,36
遼,子,17
遼,長子; 第一子,8
遼,次子,8
遼,二女,7
遼,長女,7
遼,三女,5
遼,三子,4
遼,妾,3
遼,四女,2
遼,兄,1
遼,姊,1
遼,妹,1
遼,四子,1
遼,五子,1
遼,六子,1
遼,十子,1
遼,七子,1
遼,八子,1
遼,九子,1
遼,五女,1
遼,十三女,1
遼,六女,1
遼,七女,1
遼,八女,1
遼,九女,1
遼,十女,1
遼,十一女,1
遼,十二女,1
遼,十四女,1
金,丈夫,34
金,妻子,31
金,父,17
金,女兒,13
金,母,9
金,祖父,7
金,孫女,7
金,妹,4
金,子,4
金,二女,3
金,長女,3
金,第一任妻,2
金,姊,2
金,曾祖,1
金,兄,1
金,弟,1
金,第二任妻,1
金,長子; 第一子,1
金,次子,1
金,三女,1
金,曾孫女,1
元,丈夫,370
元,妻子,313
元,母,242
元,父,178
元,子,165
元,女兒,151
元,祖母,83
元,孫,79
元,岳母,40
元,女婿,31
元,第二任妻,28
元,孫女,27
元,曾孫; 重孫,27
元,曾祖母,27
元,祖父,26
元,第一任妻,23
元,長子; 第一子,21
元,次子,20
元,長女,20
元,二女,19
元,妹,14
元,妾,12
元,妻子的祖母,11
元,兄弟,10
元,兄,10
元,姊,10
元,三子,10
元,姊妹,10
元,弟,8
元,孫女婿,8
元,曾祖,7
元,三女,7
元,曾孫女,7
元,過繼的嗣子,6
元,繼母,6
元,嗣母,6
元,子婦;兒媳,6
元,五子,5
元,繼子,5
元,從女;姪女,5
元,姑母,5
元,第三任妻,5
元,四子,4
元,長女婿,4
元,二女婿,4
元,四女,4
元,丈夫之母;婆婆,4
元,從子;姪子,3
元,翁;公公;丈夫之父,3
元,外祖父,2
元,從兄,2
元,六子,2
元,五女,2
元,外孫女,2
元,五世祖;高曾祖,2
元,五世孫;來孫,2
元,從妹,2
元,非親生子,2
元,直系祖先,1
元,九世祖;太高曾祖,1
元,七世祖;太曾祖,1
元,高祖;四世祖,1
元,曾伯叔祖;從曾祖,1
元,從祖;伯叔祖,1
元,岳父,1
元,從父;伯叔父,1
元,妻之姨夫,1
元,養父,1
元,長兄,1
元,季子,1
元,獨子,1
元,妻之甥女婿,1
元,養女,1
元,姪孫;從孫,1
元,玄孫;四世孫,1
元,七世孫;仍孫,1
元,九世孫,1
元,直系後裔,1
元,三女婿,1
元,獨女,1
元,繼女,1
元,曾姪孫女,1
元,嫡母,1
元,養子(非嗣子),1
元,養母,1
元,姪孫女,1
元,孫媳,1
元,夫之祖父,1
元,祖姑,1
元,曾孫媳婦,1
元,伯;伯父,1
元,叔;叔父,1
元,夫之曾祖,1
元,非親生母,1
明,丈夫,16964
明,妻子,14388
明,子,14092
明,母,13446
明,繼母,3867
明,繼子,3864
明,第二任妻,2491
明,私生子,716
明,私生子女之本生母,716
明,嫡母,703
明,父,313
明,女兒,277
明,子婦;兒媳,100
明,祖母,80
明,孫,75
明,妾,69
明,姊,58
明,妹,56
明,翁;公公;丈夫之父,56
明,兄弟之妻,56
明,夫之兄弟,54
明,丈夫之母;婆婆,42
明,弟,36
明,孫女,36
明,祖父,32
明,兄,32
明,長女,25
明,兄弟,24
明,孫媳,23
明,姊妹,22
明,二女,21
明,曾孫; 重孫,21
明,第一任妻,20
明,從子;姪子,19
明,曾祖母,19
明,夫之祖父,17
明,長子; 第一子,16
明,未婚妻,16
明,未婚夫,15
明,姑母,13
明,三女,12
明,從父;伯叔父,11
明,曾祖,10
明,從女;姪女,10
明,嗣母,10
明,庶母,10
明,女婿,9
明,次子,9
明,過繼的嗣子,9
明,曾孫女,8
明,岳母,8
明,玄孫;四世孫,6
明,高祖母,6
明,伯叔母,6
明,夫之祖母,6
明,高祖;四世祖,5
明,玄孫女,5
明,夫之姐妹,5
明,夫之從子,5
明,養子(非嗣子),5
明,養母,5
明,曾孫媳婦,5
明,夫之曾祖,5
明,妹夫,4
明,三子,4
明,妻姊,4
明,母舅,3
明,養女,3
明,第二任丈夫,3
明,甥女,3
明,姪孫女,3
明,叔;叔父,3
明,非親生子,3
明,非親生母,3
明,從祖;伯叔祖,2
明,外祖父,2
明,養父,2
明,從弟,2
明,季子,2
明,四女,2
明,第一任丈夫,2
明,外孫女,2
明,五世祖;高曾祖,2
明,五世孫;來孫,2
明,從妹,2
明,從姊,2
明,過繼的嗣孫,2
明,六女,2
明,祖姑,2
明,姪媳婦,2
明,伯;伯父,2
明,夫之從父,2
明,直系祖先,1
明,岳父,1
明,繼父,1
明,從兄,1
明,外甥,1
明,獨子,1
明,唯一幸存的兒子,1
明,姪孫;從孫,1
明,孫女婿,1
明,七世孫;仍孫,1
明,直系後裔,1
明,獨女,1
明,第三任妻,1
明,繼姊妹,1
明,繼兄弟,1
明,姨;從母,1
明,繼女,1
明,妻妹,1
明,表兄,1
明,表妹,1
明,夫之從女,1
明,嗣祖父,1
明,太祖母,1
明,舅婆;父或母之舅母 FMBW/MMBW,1
明,HZSS / HZSD / HZDS / HZDD,1
明,妻子的祖母,1
明,第三任丈夫,1
明,非親生父,1
明,妾之女,1
明,嗣祖母,1
清,丈夫,3507
清,妻子,3150
清,父,1492
清,女兒,1395
清,母,1001
清,子,825
清,妹,501
清,姊,426
清,妾,206
清,兄,187
清,孫女,176
清,子婦;兒媳,176
清,祖父,165
清,第二任妻,152
清,姊妹,146
清,祖母,136
清,孫,121
清,翁;公公;丈夫之父,118
清,弟,111
清,二女,82
清,長女,81
清,姑母,80
清,兄弟之妻,80
清,未婚妻,71
清,未婚夫,71
清,從女;姪女,68
清,丈夫之母;婆婆,65
清,過繼的嗣子,64
清,兄弟,63
清,嗣母,63
清,夫之兄弟,52
清,從子;姪子,51
清,伯叔母,50
清,次子,40
清,夫之從子,40
清,嫡母,39
清,長子; 第一子,37
清,繼母,35
清,從父;伯叔父,33
清,三女,33
清,繼子,32
清,從妹,27
清,夫之姐妹,26
清,孫媳,26
清,曾祖,25
清,女婿,24
清,曾孫女,24
清,岳母,24
清,甥女,24
清,母舅,19
清,姨;從母,19
清,從姊,18
清,第一任妻,17
清,曾孫; 重孫,17
清,外孫女,17
清,外祖父,16
清,曾祖母,16
清,從兄,15
清,姐夫,15
清,妹夫,15
清,妻姊,15
清,妻妹,15
清,夫之祖父,15
清,姻親,14
清,表妹,14
清,外甥,13
清,表姐,12
清,祖姑,11
清,四女,10
清,夫之祖母,10
清,族姊妹,9
清,姪孫;從孫,8
清,直系祖先,7
清,族姑,7
清,養女,7
清,直系後裔,7
清,夫之從女,7
清,叔;叔父,7
清,養父,6
清,三子,6
清,族子,6
清,外孫,6
清,五女,6
清,獨女,6
清,第二任丈夫,6
清,外祖母,6
清,姪孫女,6
清,庶母,6
清,族女,6
清,高祖;四世祖,5
清,族父,5
清,從弟,5
清,玄孫女,5
清,表姐妹,5
清,從祖;伯叔祖,4
清,姊妹夫,4
清,長兄,4
清,第一任丈夫,4
清,妻之姊妹,4
清,表兄,4
清,伯叔祖母,4
清,姪媳婦,4
清,夫之姪孫;夫之從孫,4
清,夫之從父,4
清,六世祖;太祖,3
清,六世孫;昆孫,3
清,五世孫;來孫,3
清,養母,3
清,七女,3
清,夫堂姪,3
清,堂伯叔母,3
清,非親生子,3
清,同族長輩,2
清,外高祖父,2
清,岳父,2
清,族兄,2
清,四子,2
清,季子,2
清,孫女婿,2
清,外孫女之子,2
清,曾姪孫;從曾孫,2
清,曾孫女之子,2
清,同族晚輩,2
清,五世祖;高曾祖,2
清,表弟,2
清,養子(非嗣子),2
清,過繼的嗣孫,2
清,六女,2
清,曾祖姑,2
清,曾孫媳婦,2
清,表姐妹婿,2
清,夫之曾祖,2
清,妻之表兄弟姊妹,2
清,妻子的祖母,2
清,非親生母,2
清,嗣祖母,2
清,外曾祖父,1
清,兒子未婚妻之伯叔父,1
清,姪女未婚夫之父,1
清,族弟,1
清,同母異父弟,1
清,同母異父兄,1
清,姪女之夫,1
清,五子,1
清,六子,1
清,庶子,1
清,族兄弟,1
清,長女婿,1
清,二女婿,1
清,四女婿,1
清,三女婿,1
清,第三任妻,1
清,繼女,1
清,妻之從子,1
清,表兄弟,1
清,表叔伯,1
清,八女,1
清,九女,1
清,族妹,1
清,高曾祖母,1
清,伯;伯父,1
清,姨父,1
清,妻之外甥女,1
清,妻之姑母,1
清,第三任丈夫,1
清,嗣子(作為繼承人的兒子),1
清,前母,1
清,第五任妻,1
未知,妻子,245
未知,丈夫,239
未知,母,164
未知,女兒,53
未知,父,49
未知,子,22
未知,祖母,21
未知,曾孫; 重孫,17
未知,曾祖母,17
未知,子婦;兒媳,17
未知,孫,12
未知,妹,9
未知,孫女,9
未知,翁;公公;丈夫之父,9
未知,姊,8
未知,祖父,6
未知,第二任妻,6
未知,妾,5
未知,未婚妻,5
未知,未婚夫,5
未知,曾孫女,5
未知,外祖母,5
未知,繼母,5
未知,兄弟之妻,5
未知,夫之兄弟,5
未知,兄,4
未知,第一任妻,4
未知,丈夫之母;婆婆,4
未知,孫媳,4
未知,女婿,3
未知,繼子,3
未知,二女,3
未知,姑母,3
未知,岳母,3
未知,繼女,3
未知,伯叔母,3
未知,夫之從子,3
未知,夫之祖父,3
未知,從父;伯叔父,2
未知,從子;姪子,2
未知,長子; 第一子,2
未知,長女,2
未知,從女;姪女,2
未知,第一任丈夫,2
未知,第二任丈夫,2
未知,妻之從女,2
未知,姑父,2
未知,夫之從女,2
未知,岳父,1
未知,兄弟,1
未知,從兄弟;堂兄弟,1
未知,自謂...之後,1
未知,次子,1
未知,三子,1
未知,外孫,1
未知,玄孫;四世孫,1
未知,妻之族兄弟姊妹,1
未知,族姊妹之夫,1
未知,第三任妻,1
未知,姨;從母,1
未知,甥女,1
未知,高祖母,1
未知,外孫女,1
未知,姊妹,1
未知,夫之姐妹,1
未知,後裔(自稱),1
未知,六女,1
未知,夫之祖母,1
未知,非親生女,1
未知,從姊妹,1
其他,母,11
其他,丈夫,11
其他,妹,11
其他,父,8
其他,姊,8
其他,妻子,6
其他,子,6
其他,女兒,5
其他,第二任妻,3
其他,祖父,2
其他,孫女,2
其他,長女,2
其他,從祖;伯叔祖,1
其他,兄,1
其他,第一任妻,1
其他,妾,1
其他,女婿,1
其他,長子; 第一子,1
其他,二女,1
其他,三女,1
其他,岳母,1
其他,姊妹,1
其他,姪孫女,1
