dynasty,assoc_type,count
先秦,墓誌銘由Y所作,1
先秦,為Y作墓誌銘,1
先秦,被Y養育,1
先秦,養育,1
先秦,得到Y的喜爱,1
先秦,喜爱,1
先秦,贈詩、文,1
先秦,收到Y的贈詩、文,1
東漢,為Y所著書作序,1
東漢,書序由Y所作,1
東漢,節行為Y所稱道,1
東漢,稱道Y之節行,1
東漢,處決,1
東漢,被Y處決,1
西晉,為Y之婢,2
西晉,婢為Y,2
東晉,從Y學,1
東晉,教授Y,1
東晉,為Y之婢,1
東晉,婢為Y,1
南北朝,為Y之婢,2
南北朝,婢為Y,2
南北朝,節行為Y所稱道,1
南北朝,稱道Y之節行,1
唐,贈詩、文,184
唐,收到Y的贈詩、文,184
唐,墓誌銘由Y所作,30
唐,為Y作墓誌銘,30
唐,相唱和,26
唐,處決,16
唐,被Y處決,16
唐,被Y（或追隨者）殺害,13
唐,其（或追隨者）殺害Y,13
唐,被Y欣賞/器重,9
唐,欣賞/器重,9
唐,相識,8
唐,得到Y的喜爱,8
唐,喜爱,8
唐,與Y共赴難,6
唐,友,4
唐,為Y侍女,4
唐,以Y為侍女,4
唐,為Y的墓誌銘書丹,4
唐,墓誌銘由Y書丹,4
唐,推薦,3
唐,被Y推薦,3
唐,為Y所著書作序,3
唐,書序由Y所作,3
唐,詩作為Y所稱道,3
唐,稱道Y的詩作,3
唐,忌/惡,3
唐,為Y所忌/惡,3
唐,抵禦或討平叛軍Y,3
唐,叛軍遭到Y的抵禦或討平,3
唐,陷害Y,3
唐,被Y陷害,3
唐,書跋由Y所作,2
唐,為Y所著書作跋,2
唐,被Y養育,2
唐,養育,2
唐,哀辭由Y所作,2
唐,為Y作哀辭,2
唐,根據Y的命令被處決,2
唐,下令處決,2
唐,為Y所葬,2
唐,葬,2
唐,廢除Y的君位,2
唐,君位被Y廢除,2
唐,得罪Y,2
唐,被Y得罪,2
唐,墓誌銘額篆由Y所作,2
唐,為Y的墓誌銘作額篆,2
唐,為Y之書題詞,2
唐,書之題詞由Y所作,2
唐,反對/攻訐,1
唐,遭到Y的反對/攻訐,1
唐,為Y之弟子,1
唐,弟子為Y,1
唐,籌劃謀殺,1
唐,被Y籌劃謀殺,1
唐,傳記作者為Y,1
唐,為Y作傳,1
唐,反對/不支持Y的政策,1
唐,其政策被Y反對/不支持,1
唐,讚揚Y之學,1
唐,其學得到Y之讚揚,1
唐,為Y作祭文,1
唐,祭文由Y所作,1
唐,被Y鞫治,1
唐,鞫治,1
唐,因與Y的交往受牽連,1
唐,與他的交往導致Y受牽連,1
唐,擁立Y,1
唐,得到Y的擁立,1
唐,碑陰為Y所作,1
唐,為Y作碑陰,1
唐,拜訪,1
唐,受到Y拜訪,1
唐,神道碑由Y所作,1
唐,為Y作神道碑,1
唐,獻策於Y,1
唐,採納Y之獻策,1
唐,贈Y物,1
唐,受Y之贈物,1
唐,為Y之婢,1
唐,婢為Y,1
五代十國,墓誌銘由Y所作,7
五代十國,為Y作墓誌銘,7
五代十國,被Y欣賞/器重,2
五代十國,欣賞/器重,2
五代十國,弟子為Y,2
五代十國,得到Y的喜爱,2
五代十國,喜爱,2
五代十國,以Y為侍女,2
五代十國,X 之靈塔/舍利塔為 Y 所建,2
五代十國,友,1
五代十國,學生為Y,1
五代十國,為Y之弟子,1
五代十國,書跋由Y所作,1
五代十國,為Y所著書作跋,1
五代十國,傳記作者為Y,1
五代十國,為Y作傳,1
五代十國,為Y所葬,1
五代十國,葬,1
五代十國,為Y侍女,1
五代十國,為Y所作詩文作序,1
五代十國,詩文序由Y所作,1
五代十國,為Y的墓誌銘書丹,1
五代十國,墓誌銘由Y書丹,1
五代十國,Y 為 X 建靈塔/舍利塔,1
南宋,墓誌銘由Y所作,634
南宋,為Y作墓誌銘,634
南宋,為Y作祭文,92
南宋,祭文由Y所作,92
南宋,行狀由Y所作,27
南宋,為Y作行狀,27
南宋,為Y的墓誌銘書丹,26
南宋,墓誌銘由Y書丹,26
南宋,Y 為 X 建靈塔/舍利塔,22
南宋,X 之靈塔/舍利塔為 Y 所建,21
南宋,書跋由Y所作,20
南宋,為Y所著書作跋,20
南宋,墓表由Y所作,15
南宋,為Y作墓表,15
南宋,為Y的神道碑/墓誌/壙誌刊/刻石,15
南宋,神道碑/墓誌/壙誌由Y刊/刻石,15
南宋,傳記作者為Y,13
南宋,為Y作傳,13
南宋,為Y作祝詞,12
南宋,祝詞由Y所作,12
南宋,黨羽為Y,7
南宋,黨魁為Y,7
南宋,友,7
南宋,為Y所著書作序,7
南宋,書序由Y所作,7
南宋,墓誌銘額篆由Y所作,7
南宋,為Y的墓誌銘作額篆,7
南宋,反對/攻訐,6
南宋,遭到Y的反對/攻訐,6
南宋,諡議由Y所作,6
南宋,為Y作諡議,6
南宋,挽詩、詞由Y所作,6
南宋,為Y作挽詩、詞,6
南宋,畫贊(畫像記)由Y所作,6
南宋,為Y作畫贊(畫像記),6
南宋,壙記由Y所作,6
南宋,為Y作壙記,6
南宋,得到Y的支持,5
南宋,支持,5
南宋,被Y養育,5
南宋,養育,5
南宋,贈詩、文,5
南宋,收到Y的贈詩、文,5
南宋,為Y之建築物題詠、記、命名,5
南宋,建築物得到Y的題詠、記、命名,5
南宋,墓誌蓋由Y所書,5
南宋,為Y書墓誌蓋,5
南宋,相唱和,4
南宋,哀辭由Y所作,4
南宋,為Y作哀辭,4
南宋,被Y（或追隨者）殺害,4
南宋,其（或追隨者）殺害Y,4
南宋,被Y欣賞/器重,3
南宋,欣賞/器重,3
南宋,為Y之學生,3
南宋,學生為Y,3
南宋,節行為Y所稱道,3
南宋,稱道Y之節行,3
南宋,墓誌銘由Y作跋,3
南宋,為Y之墓誌銘作跋,3
南宋,以宦官事Y,3
南宋,為宦官Y所事,3
南宋,是Y的恩主,2
南宋,恩主是Y,2
南宋,推薦,2
南宋,被Y推薦,2
南宋,為Y之弟子,2
南宋,詩作為Y所稱道,2
南宋,稱道Y的詩作,2
南宋,論學,2
南宋,同學、同門,2
南宋,反對/不支持Y的政策,2
南宋,其政策被Y反對/不支持,2
南宋,被Y逮捕,2
南宋,逮捕,2
南宋,神道碑的書法由Y所作,2
南宋,為Y之神道碑作書,2
南宋,同僚,2
南宋,為Y所葬,2
南宋,葬,2
南宋,為Y作佛寺記,2
南宋,佛寺記由Y所作,2
南宋,為Y侍女,2
南宋,題Y之畫作,2
南宋,題畫詩文的作者為Y,2
南宋,書、畫為Y所稱道,2
南宋,稱道Y的書、畫,2
南宋,與Y共赴難,2
南宋,為Y取名、字,2
南宋,名、字由Y所取,2
南宋,排擠,1
南宋,遭Y排擠,1
南宋,弟子為Y,1
南宋,文風效法Y,1
南宋,文風為Y所效法,1
南宋,忌/惡,1
南宋,為Y所忌/惡,1
南宋,為Y之門客,1
南宋,門客為Y,1
南宋,為Y作世系碑記,1
南宋,世系碑記由Y所作,1
南宋,為Y作廟碑記,1
南宋,廟碑記由Y所作,1
南宋,從Y學,1
南宋,教授Y,1
南宋,為Y建立祠廟,1
南宋,Y為之建立祠廟,1
南宋,碑陰為Y所作,1
南宋,為Y作碑陰,1
南宋,得到Y的喜爱,1
南宋,喜爱,1
南宋,研讀Y的著作,1
南宋,其著作為Y所研讀,1
南宋,以Y為侍女,1
南宋,神道碑由Y所作,1
南宋,為Y作神道碑,1
南宋,墓誌銘序由Y所作,1
南宋,為Y墓誌銘作序,1
南宋,致書Y,1
南宋,被致書由Y,1
南宋,答Y書,1
南宋,收到Y的答書,1
南宋,給Y錢物,1
南宋,接受Y的錢物,1
南宋,家僕為Y,1
南宋,家主為Y,1
南宋,為Y篆匾額、器銘,1
南宋,匾額、器銘由Y所篆,1
南宋,奏錄Y之文,1
南宋,其文為Y所奏錄,1
南宋,題Y之墓,1
南宋,墓由Y題,1
南宋,為友人提供幫助,1
南宋,得到友人Y之幫助,1
南宋,上奏論Y,1
南宋,被Y奏論,1
南宋,為Y之婢,1
南宋,婢為Y,1
南宋,出財贍給Y,1
南宋,Y為之出財贍給,1
南宋,為Y書諱/填諱,1
南宋,書諱/填諱由Y所作,1
遼,獻策於Y,1
遼,採納Y之獻策,1
金,墓誌銘由Y所作,1
金,為Y作墓誌銘,1
金,求Y為他人（第三方）作行狀,1
金,受Y的請求為他人（第三方）作行狀,1
金,為 Y 墓/碑立石,1
金,墓/碑石由 Y 所立,1
元,墓誌銘由Y所作,31
元,為Y作墓誌銘,30
元,為Y之書、畫作跋,17
元,書、畫由Y作跋,17
元,傳記作者為Y,12
元,為Y作傳,12
元,被Y欣賞/器重,11
元,欣賞/器重,11
元,為Y所著書作序,6
元,書序由Y所作,6
元,相唱和,6
元,為Y之詩文作跋,6
元,詩文跋由Y所作,6
元,贈詩、文,5
元,收到Y的贈詩、文,5
元,為Y作廟碑記,2
元,廟碑記由Y所作,2
元,墓表由Y所作,2
元,為Y作墓表,2
元,畫贊(畫像記)由Y所作,2
元,為Y作畫贊(畫像記),2
元,書跋由Y所作,1
元,為Y所著書作跋,1
元,為Y之幕僚,1
元,幕僚為Y,1
元,為Y作祭文,1
元,祭文由Y所作,1
元,為Y作臨別贈言(送別詩、序),1
元,臨別得到Y所作贈言(送別詩、序),1
元,哀辭由Y所作,1
元,為Y作哀辭,1
元,為Y作佛寺記,1
元,佛寺記由Y所作,1
元,墓誌銘由Y作跋,1
元,為Y之墓誌銘作跋,1
元,挽詩、詞由Y所作,1
元,為Y作挽詩、詞,1
元,行狀由Y所作,1
元,為Y作行狀,1
元,為Y之建築物題詠、記、命名,1
元,建築物得到Y的題詠、記、命名,1
元,為Y所作詩文作序,1
元,詩文序由Y所作,1
元,為Y作道觀記,1
元,道觀記由Y所作,1
元,世交父執為Y,1
元,為Y之世交父執,1
明,書序由Y所作,49
明,為Y所著書作序,48
明,為Y所作詩文作序,18
明,詩文序由Y所作,18
明,傳記作者為Y,14
明,為Y作傳,14
明,被Y（或追隨者）殺害,10
明,其（或追隨者）殺害Y,10
明,友,8
明,墓誌銘由Y所作,8
明,為Y作墓誌銘,8
明,書跋由Y所作,6
明,為Y所著書作跋,6
明,畫風為Y所師法,6
明,畫風師法Y,5
明,相唱和,4
明,為Y所葬,4
明,葬,4
明,合撰(編)著作,4
明,贈詩、文,4
明,收到Y的贈詩、文,4
明,為Y之詩文作跋,4
明,詩文跋由Y所作,4
明,評論Y之著作,3
明,著作被Y評論,3
明,為Y之婢,3
明,婢為Y,3
明,為Y之學生,2
明,學生為Y,2
明,節行為Y所稱道,2
明,稱道Y之節行,2
明,相識,2
明,戰勝,2
明,敗於,2
明,挽詩、詞由Y所作,2
明,為Y作挽詩、詞,2
明,給Y錢物,2
明,接受Y的錢物,2
明,結義,2
明,為友人提供幫助,2
明,得到友人Y之幫助,2
明,被Y欣賞/器重,1
明,欣賞/器重,1
明,詩作為Y所稱道,1
明,稱道Y的詩作,1
明,為Y作祭文,1
明,祭文由Y所作,1
明,為Y作廟碑記,1
明,廟碑記由Y所作,1
明,為Y建立祠廟,1
明,Y為之建立祠廟,1
明,畫贊(畫像記)由Y所作,1
明,為Y作畫贊(畫像記),1
明,致書Y,1
明,被致書由Y,1
明,題Y的書帖,1
明,其書帖由Y作題,1
明,題Y之墓,1
明,墓由Y題,1
明,上奏論Y,1
明,被Y奏論,1
明,為Y之書題詞,1
明,書之題詞由Y所作,1
明,出財贍給Y,1
明,Y為之出財贍給,1
清,為Y所著書作序,892
清,書序由Y所作,892
清,書跋由Y所作,288
清,為Y所著書作跋,286
清,為Y之書題詞,162
清,書之題詞由Y所作,162
清,傳記作者為Y,88
清,為Y作傳,87
清,為Y所作詩文作序,69
清,詩文序由Y所作,69
清,相唱和,52
清,贈詩、文,48
清,收到Y的贈詩、文,48
清,友,41
清,墓誌銘由Y所作,24
清,為Y作墓誌銘,24
清,被Y（或追隨者）殺害,14
清,其（或追隨者）殺害Y,14
清,畫風師法Y,14
清,為Y之學生,13
清,學生為Y,13
清,畫風為Y所師法,13
清,致書Y,12
清,被致書由Y,12
清,節行為Y所稱道,11
清,稱道Y之節行,11
清,為Y之詩文作跋,11
清,詩文跋由Y所作,11
清,為Y之婢,11
清,婢為Y,11
清,為Y之書、畫作跋,10
清,書、畫由Y作跋,10
清,挽詩、詞由Y所作,10
清,為Y作挽詩、詞,10
清,被Y欣賞/器重,9
清,欣賞/器重,9
清,為Y之弟子,8
清,弟子為Y,8
清,哀辭由Y所作,7
清,為Y作哀辭,7
清,從Y學,7
清,教授Y,7
清,題Y之畫作,7
清,題畫詩文的作者為Y,7
清,為Y篆匾額、器銘,7
清,匾額、器銘由Y所篆,7
清,行狀由Y所作,6
清,為Y作行狀,6
清,評論Y之著作,6
清,著作被Y評論,6
清,家僕為Y,5
清,刊刻Y之著述,5
清,著述由Y刊刻,5
清,相識,4
清,同學、同門,4
清,合撰(編)著作,4
清,為Y建立祠廟,4
清,Y為之建立祠廟,4
清,畫贊(畫像記)由Y所作,4
清,為Y作畫贊(畫像記),4
清,答Y書,4
清,收到Y的答書,4
清,給Y錢物,4
清,接受Y的錢物,4
清,家主為Y,4
清,詩作為Y所稱道,3
清,稱道Y的詩作,3
清,為Y侍女,3
清,以Y為侍女,3
清,原告為Y,3
清,被告為Y,3
清,是Y的恩主,2
清,恩主是Y,2
清,推薦,2
清,被Y推薦,2
清,反對/攻訐,2
清,遭到Y的反對/攻訐,2
清,被Y養育,2
清,養育,2
清,為Y作祭文,2
清,祭文由Y所作,2
清,被Y鞫治,2
清,鞫治,2
清,為Y所葬,2
清,葬,2
清,年譜由Y所作,2
清,編輯Y之詩/文,2
清,詩/文由Y編輯,2
清,墓表由Y所作,2
清,為Y作墓表,2
清,請Y作序、記,2
清,受Y之請作序、記,2
清,與Y共赴難,2
清,為Y作哀辭 [併入167],1
清,哀辭由Y所作[併入166],1
清,為Y撰寫學術源宗,1
清,學術源宗由Y撰寫,1
清,為Y作字說、名述,1
清,字說、名述由Y所作,1
清,為Y作祝詞,1
清,祝詞由Y所作,1
清,為Y作臨別贈言(送別詩、序),1
清,臨別得到Y所作贈言(送別詩、序),1
清,稱道Y之文風,1
清,文風為Y所稱道,1
清,反對赦免,1
清,對他的赦免遭到Y的反對,1
清,為Y作年譜,1
清,得到Y的喜爱,1
清,喜爱,1
清,家傳為Y所作,1
清,為Y作家傳,1
清,貸給Y,1
清,向Y貸,1
清,向Y購買,1
清,賣給Y,1
清,壙記由Y所作,1
清,為Y作壙記,1
清,為Y之生祠作記,1
清,其生祠由Y作記,1
清,贈畫,1
清,得到贈畫,1
清,為友人提供幫助,1
清,得到友人Y之幫助,1
清,為Y之義女,1
清,義女為Y,1
清,為Y乞某事,1
清,某事由Y所乞,1
清,為Y之家僕,1
清,校訂Y之著述,1
清,著述由Y校訂,1
清,軍事支持Y,1
清,受Y之軍事支持,1
清,為Y請祀,1
清,Y為之請祀,1
未知,為Y之弟子,5
未知,弟子為Y,5
未知,為Y所著書作序,3
未知,友,2
未知,為Y之學生,1
未知,書序由Y所作,1
未知,為Y所著書作跋,1
未知,節行為Y所稱道,1
未知,稱道Y之節行,1
未知,傳記作者為Y,1
未知,為Y作傳,1
未知,答Y書,1
未知,收到Y的答書,1
未知,為Y之婢,1
未知,婢為Y,1
未知,為Y之書題詞,1
其他,書序由Y所作,24
其他,為Y所著書作序,23
其他,書之題詞由Y所作,20
其他,為Y之書題詞,19
其他,相唱和,16
其他,為Y作祝詞,5
其他,祝詞由Y所作,5
其他,為Y所著書作跋,4
其他,書跋由Y所作,3
其他,詩作為Y所稱道,2
其他,稱道Y的詩作,2
其他,友,1
其他,為Y作傳,1
其他,從Y學,1
其他,教授Y,1
其他,為Y作年譜,1
其他,上司為Y,1
其他,下屬為Y,1
