source_id,source_name,target_id,target_name,category,detail_types
30727,釋惠洪,44423,柳瑾,友人,友
30727,釋惠洪,272,張商英,其他,建築物得到Y的題詠、記、命名|收到Y的答書|書跋由Y所作|為Y之建築物題詠、記、命名|為Y所著書作跋|答Y書|致書Y|被致書由Y
30727,釋惠洪,1493,蘇轍,文學交往,書跋由Y所作|為Y所著書作跋
30727,釋惠洪,1762,王安石,文學交往,書跋由Y所作|為Y所著書作跋
30727,釋惠洪,3043,秦觀,文學交往,書跋由Y所作|為Y所著書作跋
30727,釋惠洪,3767,蘇軾,其他,建築物得到Y的題詠、記、命名|書跋由Y所作|為Y之建築物題詠、記、命名|為Y作畫贊(畫像記)|為Y所著書作跋|畫贊(畫像記)由Y所作
30727,釋惠洪,12354,張耒,文學交往,書跋由Y所作|為Y所著書作跋
30727,釋惠洪,19771,李彭,其他,書跋由Y所作|為Y之詩文作跋|為Y所著書作跋|詩文跋由Y所作
30727,釋惠洪,21240,蘇庠,文學交往,書跋由Y所作|為Y所著書作跋
30727,釋惠洪,45900,王定國,文學交往,書跋由Y所作|為Y所著書作跋
30727,釋惠洪,40419,釋懷璉,其他,傳記作者為Y|為Y作傳
30727,釋惠洪,7111,黃庭堅,其他,佛寺記由Y所作|為Y作佛寺記
30727,釋惠洪,13,晁補之,其他,其書帖由Y作題|題Y的書帖
13,晁補之,3767,蘇軾,其他,書跋由Y所作|欣賞/器重|為Y作畫贊(畫像記)|為Y作祭文|為Y所著書作跋|畫贊(畫像記)由Y所作|祭文由Y所作|致書Y|被Y欣賞/器重|被致書由Y
13,晁補之,7076,王安國,師生,學生為Y|為Y之學生
13,晁補之,982,李清臣,其他,墓誌銘由Y所作|為Y作墓誌銘|為Y作祭文|為Y作行狀|祭文由Y所作|行狀由Y所作
13,晁補之,7111,黃庭堅,其他,同學、同門|墓誌銘由Y所作|書跋由Y所作|為Y作墓誌銘|為Y所著書作跋|致書Y|被致書由Y
13,晁補之,12354,張耒,其他,墓誌銘由Y所作|為Y作墓誌銘|為Y作祭文|祭文由Y所作
13,晁補之,14761,邢居實,文學交往,書跋由Y所作|為Y所著書作跋
13,晁補之,24980,廖正一,文學交往,書跋由Y所作|為Y所著書作跋
13,晁補之,33480,郭忠恕,文學交往,書跋由Y所作|為Y所著書作跋
13,晁補之,3029,晁說之,其他,書跋由Y所作|為Y作畫贊(畫像記)|為Y所著書作跋|畫贊(畫像記)由Y所作
13,晁補之,12431,張九成,文學交往,書跋由Y所作|為Y所著書作跋
13,晁補之,13565,李昭玘,其他,哀辭由Y所作|書、畫由Y作跋|書跋由Y所作|為Y之書、畫作跋|為Y作哀辭|為Y作祭文|為Y所著書作跋|祭文由Y所作
13,晁補之,14228,周紫芝,其他,其書帖由Y作題|書跋由Y所作|為Y所著書作跋|題Y的書帖
13,晁補之,40844,杜輿,其他,字說、名述由Y所作|從Y學|教授Y|為Y作字說、名述
13,晁補之,14,晁端彥,其他,為Y作祭文|祭文由Y所作
13,晁補之,1314,呂公著,其他,為Y作祭文|祭文由Y所作
13,晁補之,1384,歐陽修,其他,為Y作祭文|祭文由Y所作
13,晁補之,1488,司馬光,其他,為Y作祭文|祭文由Y所作
13,晁補之,3025,晁端友,其他,為Y作祭文|祭文由Y所作
13,晁補之,5095,薛氏(歐陽修妻),其他,為Y作祭文|祭文由Y所作
13,晁補之,1417,畢仲游,文學交往,致書Y|被致書由Y
13,晁補之,1301,呂仲甫,文學交往,致書Y|被致書由Y
13,晁補之,20457,劉羲仲,文學交往,收到Y的答書|答Y書
13,晁補之,669,韓元吉,其他,建築物得到Y的題詠、記、命名|為Y之建築物題詠、記、命名
13,晁補之,561,范純粹,其他,建築物得到Y的題詠、記、命名|為Y之建築物題詠、記、命名
13,晁補之,7039,李格非,其他,建築物得到Y的題詠、記、命名|為Y之建築物題詠、記、命名
13,晁補之,7072,曾肇,其他,建築物得到Y的題詠、記、命名|為Y之建築物題詠、記、命名
51214,褚承亮,3767,蘇軾,其他,文風為Y所稱道|稱道Y之文風
14,晁端彥,333,章惇,其他,反對/攻訐|遭到Y的反對/攻訐
14,晁端彥,3029,晁說之,其他,年譜由Y所作|為Y作年譜
14,晁端彥,3767,蘇軾,文學交往,致書Y|被致書由Y
47121,張希元,3767,蘇軾,其他,建築物得到Y的題詠、記、命名|為Y之建築物題詠、記、命名
53270,釋希白,3029,晁說之,文學交往,書跋由Y所作|為Y所著書作跋
53270,釋希白,3767,蘇軾,其他,為Y作畫贊(畫像記)|畫贊(畫像記)由Y所作
43033,孫立節,7364,曾鞏,友人,友
43033,孫立節,3767,蘇軾,其他,收到Y的贈詩、文|欣賞/器重|被Y欣賞/器重|贈詩、文
43033,孫立節,1762,王安石,其他,拒絕在Y主政的政府中任職|拒絕在Y的主政期出仕
43033,孫立節,10084,吳澄,其他,為Y作祠記|祠記由Y所作
49178,程建用,3767,蘇軾,其他,同學、同門|致書Y|被致書由Y
118809,馬閒卿,3767,蘇軾,其他,畫風師法Y|畫風為Y所師法
53286,釋妙善,3767,蘇軾,文學交往,致書Y|被致書由Y
2092,虞策,3767,蘇軾,其他,彈劾|被Y彈劾
2092,虞策,7026,范祖禹,其他,推薦|被Y推薦
49198,程遵彥,3767,蘇軾,其他,推薦|被Y推薦
49198,程遵彥,7026,范祖禹,其他,推薦|被Y推薦
10289,袁燮,3624,樓鑰,其他,墓誌銘由Y所作|為Y作墓誌銘|為Y作祭文|為Y作行狀|祭文由Y所作|行狀由Y所作
10289,袁燮,3257,朱熹,文學交往,書跋由Y所作|為Y所著書作跋
10289,袁燮,3767,蘇軾,其他,書跋由Y所作|為Y作祠記|為Y所著書作跋|祠記由Y所作
10289,袁燮,7111,黃庭堅,文學交往,書跋由Y所作|為Y所著書作跋
10289,袁燮,8043,范仲淹,其他,書、畫由Y作跋|書跋由Y所作|為Y之書、畫作跋|為Y所著書作跋
10289,袁燮,8078,李綱,文學交往,書跋由Y所作|為Y所著書作跋
10289,袁燮,10389,袁桷,其他,建築物得到Y的題詠、記、命名|書跋由Y所作|為Y之建築物題詠、記、命名|為Y所著書作跋
10289,袁燮,10755,程珌,其他,為Y作祭文|祭文由Y所作
10289,袁燮,7045,劉安世,其他,為Y作祠記|祠記由Y所作
10289,袁燮,12431,張九成,其他,為Y作祠記|祠記由Y所作
49201,程懷之,3767,蘇軾,其他,書、畫為Y所稱道|稱道Y的書、畫
47159,張杲之,3767,蘇軾,文學交往,致書Y|被致書由Y
53309,釋法言,3767,蘇軾,其他,從Y遊|從遊者為Y|致書Y|被致書由Y
53309,釋法言,3043,秦觀,其他,佛寺記由Y所作|為Y作佛寺記
49213,舒煥,3767,蘇軾,其他,收到Y的答書|相唱和|答Y書
12354,張耒,7111,黃庭堅,其他,友|同學、同門|致書Y|被致書由Y
12354,張耒,40844,杜輿,其他,友|字說、名述由Y所作|為Y作字說、名述
12354,張耒,3767,蘇軾,師生,學生為Y|收到Y的答書|書跋由Y所作|為Y之學生|為Y所著書作跋|答Y書|致書Y|被致書由Y
12354,張耒,11541,潘大臨,其他,從Y遊|從遊者為Y|書序由Y所作|為Y所著書作序
12354,張耒,7308,歐陽發,墓誌傳記,墓誌銘由Y所作|為Y作墓誌銘
12354,張耒,10101,龐安時,墓誌傳記,墓誌銘由Y所作|為Y作墓誌銘
12354,張耒,1759,汪應辰,其他,書跋由Y所作|為Y之詩文作跋|為Y所著書作跋|詩文跋由Y所作
12354,張耒,4001,魏了翁,文學交往,書跋由Y所作|為Y所著書作跋
12354,張耒,7197,周必大,其他,其書帖由Y作題|書跋由Y所作|為Y所著書作跋|題Y的書帖
12354,張耒,1488,司馬光,其他,收到Y的答書|書跋由Y所作|為Y作祠記|為Y作祭文|為Y所著書作跋|祠記由Y所作|祭文由Y所作|答Y書
12354,張耒,1505,蘇舜元,文學交往,書跋由Y所作|為Y所著書作跋
12354,張耒,3043,秦觀,其他,書跋由Y所作|為Y作祭文|為Y作臨別贈言(送別詩、序)|為Y所著書作跋|祭文由Y所作|臨別得到Y所作贈言(送別詩、序)
12354,張耒,7364,曾鞏,文學交往,書跋由Y所作|為Y所著書作跋|致書Y|被致書由Y
12354,張耒,24925,趙令畤,其他,字說、名述由Y所作|書跋由Y所作|為Y作字說、名述|為Y所著書作跋
12354,張耒,14228,周紫芝,文學交往,書跋由Y所作|為Y所著書作跋
12354,張耒,971,李常,其他,為Y作祭文|祭文由Y所作
12354,張耒,1220,劉攽,其他,為Y作祭文|祭文由Y所作
12354,張耒,3484,李之儀,其他,為Y作臨別贈言(送別詩、序)|臨別得到Y所作贈言(送別詩、序)
12354,張耒,16026,秦覯,其他,為Y作臨別贈言(送別詩、序)|臨別得到Y所作贈言(送別詩、序)
12354,張耒,562,范沖,文學交往,致書Y|被致書由Y
12354,張耒,1555,孫永,文學交往,致書Y|被致書由Y
12354,張耒,1953,文彥博,文學交往,致書Y|被致書由Y
12354,張耒,3081,陳師道,文學交往,收到Y的答書|答Y書|致書Y|被致書由Y
12354,張耒,145,錢勰,文學交往,致書Y|被致書由Y
12354,張耒,29869,徐積,文學交往,致書Y|被致書由Y
12354,張耒,7039,李格非,文學交往,收到Y的答書|答Y書
12354,張耒,20419,劉恕,其他,建築物得到Y的題詠、記、命名|為Y之建築物題詠、記、命名
53320,釋法泉,3767,蘇軾,友人,友
53322,釋法泰,3767,蘇軾,墓誌傳記,墓誌銘由Y所作|為Y作墓誌銘|致書Y|被致書由Y
34891,釋道潛,3043,秦觀,其他,友|建築物得到Y的題詠、記、命名|欣賞/器重|為Y之建築物題詠、記、命名|致書Y|著作被Y評論|被Y欣賞/器重|被致書由Y|評論Y之著作
34891,釋道潛,3767,蘇軾,其他,匾額、器銘由Y所篆|欣賞/器重|為Y篆匾額、器銘|稱道Y的詩作|致書Y|著作被Y評論|被Y欣賞/器重|被致書由Y|評論Y之著作|詩作為Y所稱道
34891,釋道潛,3081,陳師道,其他,書序由Y所作|為Y作臨別贈言(送別詩、序)|為Y所著書作序|臨別得到Y所作贈言(送別詩、序)
34891,釋道潛,3624,樓鑰,文學交往,書跋由Y所作|為Y所著書作跋
34891,釋道潛,19168,蘇過,其他,為Y作臨別贈言(送別詩、序)|臨別得到Y所作贈言(送別詩、序)
34891,釋道潛,1493,蘇轍,文學交往,致書Y|被致書由Y
2124,宋迪,3767,蘇軾,文學交往,書序由Y所作|為Y所著書作序
4171,滕元發,3767,蘇軾,其他,墓誌銘由Y所作|建築物得到Y的題詠、記、命名|為Y之建築物題詠、記、命名|為Y作墓誌銘|致書Y|被致書由Y
4171,滕元發,217,張方平,其他,為Y作祭文|祭文由Y所作
4171,滕元發,8043,范仲淹,其他,以文章、學問受知於|從Y學|教授Y|稱道Y之文章、學問
79,陳師錫,3767,蘇軾,其他,推薦|致書Y|被Y推薦|被致書由Y
79,陳師錫,8079,李光,文學交往,書序由Y所作|為Y所著書作序
79,陳師錫,3484,李之儀,文學交往,書跋由Y所作|為Y所著書作跋
79,陳師錫,1417,畢仲游,文學交往,致書Y|被致書由Y
79,陳師錫,3676,米芾,文學交往,致書Y|被致書由Y
79,陳師錫,3257,朱熹,其他,著作被Y評論|評論Y之著作
18512,蕭世範,3767,蘇軾,文學交往,致書Y|被致書由Y
2133,王廣臨,3767,蘇軾,文學交往,致書Y|被致書由Y
112,程之邵,3767,蘇軾,文學交往,致書Y|被致書由Y
113,程之才,3767,蘇軾,其他,忌/惡|為Y所忌/惡|致書Y|被致書由Y
114,程之元,3767,蘇軾,其他,匾額、器銘由Y所篆|為Y篆匾額、器銘|致書Y|被致書由Y
114,程之元,7111,黃庭堅,文學交往,收到Y的答書|答Y書|致書Y|被致書由Y
41075,李宗晟,3767,蘇軾,其他,書、畫由Y作跋|為Y之書、畫作跋|題Y之畫作|題畫詩文的作者為Y
53372,釋宗襲,3767,蘇軾,其他,佛寺記由Y所作|為Y作佛寺記
51326,鄭少微,3767,蘇軾,師生,為Y之門人|門人為Y
53378,釋居則,3767,蘇軾,其他,佛寺記由Y所作|為Y作佛寺記
131,程筠,3767,蘇軾,其他,政績為Y所稱道|欣賞/器重|稱道Y之政績|被Y欣賞/器重
47238,張敦禮,3767,蘇軾,文學交往,致書Y|被致書由Y
12431,張九成,1759,汪應辰,師生,學生為Y|為Y之學生
12431,張九成,7045,劉安世,文學交往,書序由Y所作|為Y所著書作序
12431,張九成,29944,林表民,文學交往,書序由Y所作|為Y所著書作序
12431,張九成,3257,朱熹,其他,其學為Y所排|排Y之學|書跋由Y所作|為Y所著書作跋
12431,張九成,7197,周必大,文學交往,書跋由Y所作|為Y所著書作跋
12431,張九成,1488,司馬光,文學交往,書跋由Y所作|為Y所著書作跋
12431,張九成,3676,米芾,文學交往,書跋由Y所作|為Y所著書作跋
12431,張九成,3767,蘇軾,文學交往,書跋由Y所作|為Y所著書作跋
12431,張九成,28306,戴表元,文學交往,書跋由Y所作|為Y所著書作跋
145,錢勰,8078,李綱,墓誌傳記,墓誌銘由Y所作|為Y作墓誌銘
145,錢勰,7197,周必大,文學交往,書跋由Y所作|為Y所著書作跋
145,錢勰,1762,王安石,其他,其政策被Y反對/不支持|反對/不支持Y的政策
145,錢勰,3767,蘇軾,文學交往,致書Y|被致書由Y
145,錢勰,13104,錢龢,文學交往,致書Y|被致書由Y
147,錢公輔,1762,王安石,其他,不合|得罪Y|推薦|收到Y的答書|答Y書|被Y得罪|被Y推薦
147,錢公輔,1488,司馬光,其他,為Y作祭文|祭文由Y所作|致書Y|被致書由Y
147,錢公輔,3767,蘇軾,其他,哀辭由Y所作|為Y作哀辭
147,錢公輔,7005,陳襄,文學交往,致書Y|被致書由Y
147,錢公輔,7364,曾鞏,其他,建築物得到Y的題詠、記、命名|為Y之建築物題詠、記、命名
10389,袁桷,3257,朱熹,文學交往,書序由Y所作|書跋由Y所作|為Y所著書作序|為Y所著書作跋
10389,袁桷,28306,戴表元,其他,傳記作者為Y|墓誌銘由Y所作|字說、名述由Y所作|書序由Y所作|為Y作傳|為Y作墓誌銘|為Y作字說、名述|為Y作祭文|為Y作臨別贈言(送別詩、序)|為Y所著書作序|祭文由Y所作|臨別得到Y所作贈言(送別詩、序)
10389,袁桷,10801,虞集,其他,佛寺記由Y所作|墓誌銘由Y所作|為Y作佛寺記|為Y作墓誌銘|為Y作祭文|為Y作臨別贈言(送別詩、序)|祭文由Y所作|臨別得到Y所作贈言(送別詩、序)
10389,袁桷,1408,蒲宗孟,文學交往,書跋由Y所作|為Y所著書作跋
10389,袁桷,1762,王安石,文學交往,書跋由Y所作|為Y所著書作跋
10389,袁桷,1953,文彥博,文學交往,書跋由Y所作|為Y所著書作跋
10389,袁桷,3676,米芾,其他,書、畫由Y作跋|書跋由Y所作|為Y之書、畫作跋|為Y所著書作跋
10389,袁桷,3767,蘇軾,文學交往,書跋由Y所作|為Y所著書作跋
10389,袁桷,19865,李公麟,文學交往,書跋由Y所作|為Y所著書作跋
10389,袁桷,3591,劉震孫,其他,傳記作者為Y|為Y作傳
10389,袁桷,27853,程鉅夫,其他,傳記作者為Y|收到Y的贈詩、文|為Y作傳|贈詩、文
10389,袁桷,10389,袁桷,其他,為Y作祭文|為Y作行狀|祭文由Y所作|行狀由Y所作
10389,袁桷,20743,牟巘,其他,向Y致賀|從Y處收到賀詞 (occasion)
10389,袁桷,27957,吳師道,文學交往,致書Y|被致書由Y
49303,雷勝,3767,蘇軾,文學交往,書序由Y所作|為Y所著書作序
53400,釋知錫,3767,蘇軾,其他,佛寺記由Y所作|為Y作佛寺記
39080,王滌,3767,蘇軾,其他,建築物得到Y的題詠、記、命名|為Y之建築物題詠、記、命名|為Y作祠記|祠記由Y所作|致書Y|被致書由Y
53419,釋省聰,1493,蘇轍,其他,佛寺記由Y所作|墓誌銘由Y所作|書序由Y所作|為Y作佛寺記|為Y作墓誌銘|為Y作祭文|為Y所著書作序|祭文由Y所作
53419,釋省聰,3767,蘇軾,其他,為Y作臨別贈言(送別詩、序)|臨別得到Y所作贈言(送別詩、序)
39086,史炤,3767,蘇軾,師生,學生為Y|為Y之學生
39086,史炤,1651,蔡襄,其他,為Y作臨別贈言(送別詩、序)|臨別得到Y所作贈言(送別詩、序)
39086,史炤,1953,文彥博,其他,同會
39087,史清卿,1493,蘇轍,師生,為Y之門人|門人為Y
39087,史清卿,3767,蘇軾,師生,為Y之門人|門人為Y
45232,郭用孚,3767,蘇軾,其他,從Y遊|從遊者為Y
53430,釋思聰,3767,蘇軾,其他,為Y作臨別贈言(送別詩、序)|稱道Y的詩作|臨別得到Y所作贈言(送別詩、序)|致書Y|被致書由Y|詩作為Y所稱道
16566,周邠,3767,蘇軾,其他,相唱和|致書Y|與Y遊|被致書由Y
51384,鄭惇方,3767,蘇軾,文學交往,書跋由Y所作|為Y所著書作跋
53438,釋若愚,3767,蘇軾,其他,稱道Y的詩作|詩作為Y所稱道
53442,釋重辯,3767,蘇軾,其他,傳記作者為Y|為Y作傳|致書Y|被致書由Y
22723,顏太初,1488,司馬光,文學交往,書序由Y所作|為Y所著書作序
22723,顏太初,3767,蘇軾,文學交往,書序由Y所作|為Y所著書作序
14538,陳慥,3767,蘇軾,其他,傳記作者為Y|為Y作傳|稱道Y的詩作|致書Y|被致書由Y|詩作為Y所稱道|論學
14538,陳慥,7111,黃庭堅,文學交往,收到Y的答書|答Y書|致書Y|被致書由Y
53453,釋祖堂,3767,蘇軾,其他,佛寺記由Y所作|墓誌銘由Y所作|為Y作佛寺記|為Y作墓誌銘
207,張景溫,3767,蘇軾,文學交往,致書Y|被致書由Y
10451,慕容彥逢,24489,單鍔,墓誌傳記,墓誌銘由Y所作|為Y作墓誌銘
10451,慕容彥逢,19865,李公麟,文學交往,書跋由Y所作|為Y所著書作跋
10451,慕容彥逢,7263,葛勝仲,其他,為Y作祭文|祭文由Y所作
10451,慕容彥逢,3767,蘇軾,文學交往,致書Y|被致書由Y
217,張方平,8043,范仲淹,其他,推薦|為Y作祭文|祭文由Y所作|致書Y|被Y推薦|被致書由Y
217,張方平,1092,李大臨,其他,推薦|被Y推薦
217,張方平,3767,蘇軾,其他,墓誌銘由Y所作|書序由Y所作|書跋由Y所作|為Y作墓誌銘|為Y作祭文|為Y所著書作序|為Y所著書作跋|祭文由Y所作|致書Y|被致書由Y
217,張方平,8022,趙槩,其他,書序由Y所作|為Y作祭文|為Y所著書作序|祭文由Y所作
217,張方平,3762,蘇洵,其他,墓表由Y所作|墓誌銘由Y所作|建築物得到Y的題詠、記、命名|為Y之建築物題詠、記、命名|為Y作墓表|為Y作墓誌銘|致書Y|被致書由Y
217,張方平,50124,趙棠,墓誌傳記,墓誌銘由Y所作|為Y作墓誌銘
217,張方平,7084,王鞏,墓誌傳記,墓誌銘由Y所作|為Y作墓誌銘|為Y作行狀|行狀由Y所作
217,張方平,3624,樓鑰,文學交往,書跋由Y所作|為Y所著書作跋
217,張方平,7197,周必大,文學交往,書跋由Y所作|為Y所著書作跋
217,張方平,1762,王安石,其他,其政策被Y反對/不支持|反對/不支持Y的政策|致書Y|被致書由Y
217,張方平,1493,蘇轍,其他,某事由Y所乞|為Y乞某事|為Y作祭文|為Y作諡議|祭文由Y所作|諡議由Y所作
217,張方平,8116,蘇頌,其他,為Y作祭文|祭文由Y所作|致書Y|被致書由Y
217,張方平,1828,王益柔,其他,為Y作祭文|祭文由Y所作
217,張方平,1881,王素,其他,為Y作神道碑|為Y作祭文|神道碑由Y所作|祭文由Y所作
217,張方平,636,韓絳,文學交往,致書Y|被致書由Y
217,張方平,965,雷簡夫,文學交往,致書Y|被致書由Y
217,張方平,1651,蔡襄,文學交往,致書Y|被致書由Y
217,張方平,7111,黃庭堅,文學交往,致書Y|被致書由Y
217,張方平,8136,曾公亮,文學交往,致書Y|被致書由Y
217,張方平,1384,歐陽修,文學交往,收到Y的答書|答Y書
217,張方平,1488,司馬光,其他,上奏論Y|被Y奏論
41202,李德柔,3767,蘇軾,其他,為Y作臨別贈言(送別詩、序)|臨別得到Y所作贈言(送別詩、序)
26882,葛敏修,3767,蘇軾,友人,友
26882,葛敏修,7111,黃庭堅,友人,友
26882,葛敏修,7197,周必大,文學交往,書序由Y所作|書跋由Y所作|為Y所著書作序|為Y所著書作跋
20743,牟巘,28306,戴表元,其他,書序由Y所作|為Y所作詩文作序|為Y所著書作序|詩文序由Y所作
20743,牟巘,3767,蘇軾,文學交往,書跋由Y所作|為Y所著書作跋
20743,牟巘,8043,范仲淹,其他,學記（書院記）由Y所作|廟碑記由Y所作|書、畫由Y作跋|書跋由Y所作|為Y之書、畫作跋|為Y作學記（書院記）|為Y作廟碑記|為Y所著書作跋
20743,牟巘,19865,李公麟,文學交往,書跋由Y所作|為Y所著書作跋
20743,牟巘,27727,方回,其他,收到Y的贈詩、文|相唱和|贈詩、文
20743,牟巘,3257,朱熹,其他,佛寺記由Y所作|為Y作佛寺記|為Y作祝詞|祝詞由Y所作
53511,釋清順,1762,王安石,其他,稱道Y的詩作|詩作為Y所稱道
53511,釋清順,3767,蘇軾,其他,相唱和
22799,王質,10173,文同,文學交往,書跋由Y所作|為Y所著書作跋
22799,王質,3640,陸游,其他,為Y作臨別贈言(送別詩、序)|臨別得到Y所作贈言(送別詩、序)
22799,王質,7197,周必大,文學交往,致書Y|被致書由Y
22799,王質,3767,蘇軾,其他,為Y作祠記|祠記由Y所作
272,張商英,1648,蔡肇,其他,恩主是Y|是Y的恩主
272,張商英,1488,司馬光,其他,反對/攻訐|遭到Y的反對/攻訐
272,張商英,962,來之邵,其他,忌/惡|排擠|為Y之門客|為Y所忌/惡|遭Y排擠|門客為Y
272,張商英,3595,劉克莊,文學交往,書跋由Y所作|為Y所著書作跋
272,張商英,10084,吳澄,文學交往,書跋由Y所作|為Y所著書作跋
272,張商英,27727,方回,文學交往,書跋由Y所作|為Y所著書作跋
272,張商英,3767,蘇軾,文學交往,致書Y|被致書由Y
272,張商英,8043,范仲淹,文學交往,致書Y|被致書由Y
272,張商英,12969,章援,文學交往,致書Y|被致書由Y
272,張商英,333,章惇,其他,推薦Y給他人（第三方）|被Y推薦給他人（第三方）
16667,朱壽昌,1762,王安石,其他,欣賞/器重|被Y欣賞/器重
16667,朱壽昌,3767,蘇軾,其他,欣賞/器重|為Y作畫贊(畫像記)|畫贊(畫像記)由Y所作|致書Y|被Y欣賞/器重|被致書由Y
16667,朱壽昌,8116,蘇頌,其他,欣賞/器重|被Y欣賞/器重
16667,朱壽昌,10173,文同,其他,為Y作臨別贈言(送別詩、序)|相識|臨別得到Y所作贈言(送別詩、序)
16667,朱壽昌,7364,曾鞏,其他,建築物得到Y的題詠、記、命名|為Y之建築物題詠、記、命名
20765,歐陽守道,3257,朱熹,文學交往,書序由Y所作|書跋由Y所作|為Y所著書作序|為Y所著書作跋
20765,歐陽守道,1384,歐陽修,其他,書跋由Y所作|為Y作祠記|為Y所著書作跋|祠記由Y所作
20765,歐陽守道,3767,蘇軾,文學交往,書跋由Y所作|為Y所著書作跋
20765,歐陽守道,7197,周必大,文學交往,書跋由Y所作|為Y所著書作跋
20765,歐陽守道,10543,陳著,其他,字說、名述由Y所作|為Y作字說、名述
20765,歐陽守道,3595,劉克莊,其他,為Y之考官|考官為Y|致書Y|被致書由Y
20765,歐陽守道,11087,林希逸,文學交往,致書Y|被致書由Y
41251,吳復古,3767,蘇軾,其他,建築物得到Y的題詠、記、命名|收到Y的答書|欣賞/器重|為Y之建築物題詠、記、命名|為Y作祭文|為Y作齋、堂銘|祭文由Y所作|稱道Y之節行|答Y書|節行為Y所稱道|被Y欣賞/器重|齋、堂銘由Y所作
41251,吳復古,1078,李師中,其他,從Y遊|從遊者為Y
41251,吳復古,1493,蘇轍,其他,稱道Y之節行|節行為Y所稱道
18726,薛紹彭,11663,呂大臨,其他,論學
18726,薛紹彭,3767,蘇軾,其他,為Y作畫贊(畫像記)|畫贊(畫像記)由Y所作|致書Y|被致書由Y
18726,薛紹彭,18299,趙叔盎,文學交往,致書Y|被致書由Y
18726,薛紹彭,3676,米芾,文學交往,致書Y|被致書由Y
35111,吳可,3484,李之儀,其他,建築物得到Y的題詠、記、命名|書跋由Y所作|為Y之建築物題詠、記、命名|為Y之詩文作跋|為Y作畫贊(畫像記)|為Y所著書作跋|畫贊(畫像記)由Y所作|詩文跋由Y所作|詩社成員
35111,吳可,3767,蘇軾,其他,稱道Y的詩作|詩作為Y所稱道
35111,吳可,7045,劉安世,其他,稱道Y的詩作|詩作為Y所稱道
10543,陳著,3257,朱熹,文學交往,書跋由Y所作|為Y所著書作跋
10543,陳著,3767,蘇軾,文學交往,書跋由Y所作|為Y所著書作跋
10543,陳著,19865,李公麟,其他,書、畫由Y作跋|書跋由Y所作|為Y之書、畫作跋|為Y所著書作跋
10543,陳著,28306,戴表元,其他,收到Y的答書|相唱和|答Y書
43314,胡允文,7111,黃庭堅,其他,書跋由Y所作|為Y所著書作跋|為Y祭文作跋|祭文跋由Y所作
43314,胡允文,3767,蘇軾,其他,為Y作祭文|祭文由Y所作
10548,陳貽序,3767,蘇軾,其他,以文章、學問受知於|稱道Y之文章、學問|稱道Y的詩作|詩作為Y所稱道
10548,陳貽序,7364,曾鞏,其他,稱道Y的詩作|詩作為Y所稱道
51510,歐陽經,3767,蘇軾,其他,推薦|被Y推薦
10551,朱載上,3767,蘇軾,其他,從Y遊|從遊者為Y
10551,朱載上,7111,黃庭堅,其他,從Y遊|從遊者為Y
51512,歐陽闢,7059,梅堯臣,師生,學生為Y|為Y之學生
51512,歐陽闢,3767,蘇軾,其他,致書Y|與Y遊|被致書由Y
51511,歐陽獻,7111,黃庭堅,其他,書跋由Y所作|為Y作硯銘|為Y所著書作跋|硯銘由Y所作|致書Y|被致書由Y
51511,歐陽獻,3767,蘇軾,文學交往,致書Y|被致書由Y
53565,釋常聰,7111,黃庭堅,其他,佛寺記由Y所作|為Y作佛寺記
53565,釋常聰,3767,蘇軾,文學交往,致書Y|被致書由Y
49477,楊薦,3767,蘇軾,其他,字說、名述由Y所作|為Y作字說、名述
53576,釋敏行,10173,文同,其他,佛寺記由Y所作|為Y作佛寺記|為Y作臨別贈言(送別詩、序)|臨別得到Y所作贈言(送別詩、序)
53576,釋敏行,3767,蘇軾,其他,佛寺記由Y所作|收到Y的贈詩、文|為Y作佛寺記|贈詩、文
333,章惇,1324,呂陶,其他,彈劾|被Y彈劾
333,章惇,1493,蘇轍,其他,反對/攻訐|彈劾|被Y彈劾|遭到Y的反對/攻訐
333,章惇,9007,趙煦,其他,彈劾|被Y彈劾
333,章惇,3256,朱服,其他,彈劾|拒絕會面|會面的邀請被Y拒絕|被Y彈劾
333,章惇,634,韓縝,其他,反對/攻訐|遭到Y的反對/攻訐
333,章惇,7026,范祖禹,其他,其政策被Y反對/不支持|反對/不支持Y的政策|反對/攻訐|遭到Y的反對/攻訐
333,章惇,51767,劉渤,其他,反對/攻訐|遭到Y的反對/攻訐
333,章惇,1707,曾布,其他,欣賞/器重|致書Y|被Y欣賞/器重|被致書由Y
333,章惇,1762,王安石,其他,喜爱|得到Y的喜爱|欣賞/器重|致書Y|被Y欣賞/器重|被致書由Y
333,章惇,8085,林希,其他,得到Y的支持|支持|與Y結黨
333,章惇,728,謝景溫,其他,得到Y的支持|支持
333,章惇,962,來之邵,其他,得到Y的支持|支持
333,章惇,1309,呂惠卿,其他,忌/惡|排擠|為Y所忌/惡|遭Y排擠
333,章惇,1327,呂大防,其他,排擠|被Y陷害|遭Y排擠|陷害Y
333,章惇,7045,劉安世,其他,忌/惡|排擠|為Y之門客|為Y所忌/惡|遭Y排擠|門客為Y
333,章惇,3640,陸游,文學交往,書跋由Y所作|為Y所著書作跋
333,章惇,8078,李綱,其他,傳記作者為Y|為Y作傳|稱道Y之節行|節行為Y所稱道
333,章惇,7111,黃庭堅,其他,忌/惡|為Y所忌/惡
333,章惇,25030,孫諤,其他,忌/惡|為Y所忌/惡
333,章惇,1195,劉奉世,其他,拒絕在Y主政的政府中任職|拒絕在Y的主政期出仕
333,章惇,1408,蒲宗孟,其他,相唱和
333,章惇,8126,鄧潤甫,其他,其政策被Y反對/不支持|反對/不支持Y的政策
333,章惇,586,范子奇,友人,同僚
333,章惇,3767,蘇軾,文學交往,致書Y|被致書由Y
345,章楶,1789,王兢,其他,推薦|被Y推薦
345,章楶,1707,曾布,文學交往,致書Y|被致書由Y
345,章楶,3767,蘇軾,其他,建築物得到Y的題詠、記、命名|為Y之建築物題詠、記、命名|致書Y|被致書由Y
345,章楶,1417,畢仲游,其他,建築物得到Y的題詠、記、命名|為Y之建築物題詠、記、命名
345,章楶,427910,郭景脩,其他,上司為Y|下屬為Y
24925,趙令畤,3767,蘇軾,其他,字說、名述由Y所作|從Y遊|從遊者為Y|推薦|為Y作字說、名述|致書Y|被Y推薦|被致書由Y
24925,趙令畤,7026,范祖禹,其他,推薦|被Y推薦
24925,趙令畤,14299,李廌,墓誌傳記,墓誌銘由Y所作|書序由Y所作|書跋由Y所作|為Y作墓誌銘|為Y所著書作序|為Y所著書作跋
24925,趙令畤,7197,周必大,墓誌傳記,墓誌銘由Y所作|書跋由Y所作|為Y作墓誌銘|為Y所著書作跋
24925,趙令畤,3257,朱熹,文學交往,書跋由Y所作|為Y所著書作跋
41315,李伯祥,3767,蘇軾,其他,稱道Y的詩作|詩作為Y所稱道
26981,釋處嚴,10598,王十朋,墓誌傳記,墓誌銘由Y所作|書序由Y所作|為Y作墓誌銘|為Y所著書作序
26981,釋處嚴,3767,蘇軾,其他,與Y遊
10598,王十朋,1651,蔡襄,文學交往,書序由Y所作|為Y所著書作序
10598,王十朋,1759,汪應辰,墓誌傳記,墓誌銘由Y所作|書跋由Y所作|為Y作墓誌銘|為Y所著書作跋|致書Y|被致書由Y
10598,王十朋,3257,朱熹,文學交往,書跋由Y所作|為Y所著書作跋|致書Y|被致書由Y
10598,王十朋,7197,周必大,文學交往,書跋由Y所作|為Y所著書作跋
10598,王十朋,3624,樓鑰,其他,收到Y的啓|為Y作祭文|祭文由Y所作|致Y啓
10598,王十朋,8043,范仲淹,其他,世系碑記由Y所作|為Y作世系碑記|為Y作畫贊(畫像記)|為Y作祠記|畫贊(畫像記)由Y所作|祠記由Y所作
10598,王十朋,375,趙抃,其他,為Y作畫贊(畫像記)|畫贊(畫像記)由Y所作
10598,王十朋,628,富弼,其他,為Y作畫贊(畫像記)|畫贊(畫像記)由Y所作
10598,王十朋,630,韓琦,其他,為Y作畫贊(畫像記)|畫贊(畫像記)由Y所作
10598,王十朋,1384,歐陽修,其他,為Y作畫贊(畫像記)|畫贊(畫像記)由Y所作
10598,王十朋,1488,司馬光,其他,為Y作畫贊(畫像記)|畫贊(畫像記)由Y所作
10598,王十朋,1493,蘇轍,其他,為Y作畫贊(畫像記)|畫贊(畫像記)由Y所作
10598,王十朋,1953,文彥博,其他,為Y作畫贊(畫像記)|畫贊(畫像記)由Y所作
10598,王十朋,3767,蘇軾,其他,為Y作畫贊(畫像記)|畫贊(畫像記)由Y所作
41322,李無晦,1493,蘇轍,其他,建築物得到Y的題詠、記、命名|為Y之建築物題詠、記、命名
41322,李無晦,3767,蘇軾,其他,建築物得到Y的題詠、記、命名|為Y之建築物題詠、記、命名
49518,楊世昌,3767,蘇軾,其他,與Y遊
375,趙抃,13213,毛維瞻,其他,友|同會
375,趙抃,22106,聞人安道,友人,友
375,趙抃,10173,文同,其他,廟碑記由Y所作|建築物得到Y的題詠、記、命名|書序由Y所作|為Y之建築物題詠、記、命名|為Y作廟碑記|為Y作臨別贈言(送別詩、序)|為Y作道觀記|為Y所著書作序|臨別得到Y所作贈言(送別詩、序)|致書Y|被致書由Y|道觀記由Y所作
375,趙抃,12988,楊傑,文學交往,書序由Y所作|為Y所著書作序
375,趙抃,3767,蘇軾,其他,墓誌銘由Y所作|廟碑記由Y所作|為Y作墓誌銘|為Y作廟碑記|為Y作神道碑|神道碑由Y所作
375,趙抃,3029,晁說之,文學交往,書跋由Y所作|為Y所著書作跋
375,趙抃,3257,朱熹,其他,書跋由Y所作|為Y作祠記|為Y所著書作跋|祠記由Y所作
375,趙抃,3595,劉克莊,文學交往,書跋由Y所作|為Y所著書作跋
375,趙抃,3624,樓鑰,文學交往,書跋由Y所作|為Y所著書作跋
375,趙抃,7197,周必大,文學交往,書跋由Y所作|為Y所著書作跋
375,趙抃,8078,李綱,文學交往,書跋由Y所作|為Y所著書作跋
375,趙抃,1762,王安石,其他,不合
375,趙抃,53069,釋元淨,其他,相唱和
375,趙抃,1453,沈遼,文學交往,致書Y|被致書由Y
375,趙抃,3762,蘇洵,文學交往,致書Y|被致書由Y
375,趙抃,628,富弼,文學交往,收到Y的答書|答Y書
375,趙抃,1493,蘇轍,其他,建築物得到Y的題詠、記、命名|為Y之建築物題詠、記、命名
375,趙抃,7364,曾鞏,其他,建築物得到Y的題詠、記、命名|為Y之建築物題詠、記、命名
96642,張逢,3767,蘇軾,文學交往,致書Y|被致書由Y
53639,釋惠勤,1384,歐陽修,師生,學生為Y|為Y之學生
53639,釋惠勤,3767,蘇軾,文學交往,書序由Y所作|為Y所著書作序
395,趙鼎臣,1762,王安石,友人,友
395,趙鼎臣,9004,趙禎,文學交往,書序由Y所作|為Y所著書作序
395,趙鼎臣,3484,李之儀,文學交往,書跋由Y所作|為Y所著書作跋
395,趙鼎臣,3767,蘇軾,其他,相唱和
395,趙鼎臣,2007,楊繪,其他,傳記作者為Y|為Y作傳
395,趙鼎臣,7383,王子韶,其他,為Y作畫贊(畫像記)|畫贊(畫像記)由Y所作
53644,釋惠辯,3767,蘇軾,其他,為Y作畫贊(畫像記)|畫贊(畫像記)由Y所作|稱道Y之節行|節行為Y所稱道
53644,釋惠辯,1493,蘇轍,其他,墓表由Y所作|為Y作墓表
24980,廖正一,3767,蘇軾,文學交往,致書Y|被致書由Y
24980,廖正一,669,韓元吉,其他,建築物得到Y的題詠、記、命名|為Y之建築物題詠、記、命名
18843,錢世雄,7026,范祖禹,其他,推薦|被Y推薦
18843,錢世雄,3767,蘇軾,師生,學生為Y|收到Y的答書|為Y之學生|答Y書|致書Y|被致書由Y
47520,陳開,3767,蘇軾,其他,欣賞/器重|被Y欣賞/器重
24996,蕭刓,1493,蘇轍,其他,相唱和
24996,蕭刓,3767,蘇軾,其他,相唱和
10661,劉松老,3676,米芾,其他,從Y學|教授Y|書風為Y所模仿|模仿Y的書風
10661,劉松老,3767,蘇軾,其他,從Y學|教授Y|畫風師法Y|畫風為Y所師法
10660,劉涇,1762,王安石,其他,推薦|被Y推薦
10660,劉涇,3767,蘇軾,文學交往,收到Y的答書|答Y書
14761,邢居實,1488,司馬光,師生,學生為Y|為Y之學生
14761,邢居實,3029,晁說之,其他,墓表由Y所作|墓誌銘由Y所作|為Y作墓表|為Y作墓誌銘
14761,邢居實,7111,黃庭堅,其他,從Y遊|從遊者為Y|書跋由Y所作|為Y之詩文作跋|為Y所著書作跋|詩文跋由Y所作
14761,邢居實,3767,蘇軾,其他,從Y遊|從遊者為Y
14761,邢居實,3081,陳師道,其他,為Y作臨別贈言(送別詩、序)|臨別得到Y所作贈言(送別詩、序)
96686,徐君猷,3767,蘇軾,文學交往,致書Y|被致書由Y
51632,慕容暉,3767,蘇軾,師生,學生為Y|為Y之學生
53683,釋智通,3767,蘇軾,其他,與Y遊
440,賈易,7026,范祖禹,其他,推薦|被Y推薦
440,賈易,3767,蘇軾,其他,反對/攻訐|遭到Y的反對/攻訐
440,賈易,1417,畢仲游,文學交往,致書Y|被致書由Y
51642,黎子雲,3767,蘇軾,文學交往,致書Y|被致書由Y
444,賈收,3767,蘇軾,其他,從Y遊|從遊者為Y|收到Y的答書|相唱和|答Y書
47554,陳軾,3767,蘇軾,其他,為Y作祭文|祭文由Y所作|致書Y|被致書由Y
51650,樂京,3767,蘇軾,文學交往,致書Y|被致書由Y
25030,孫諤,7026,范祖禹,其他,推薦|被Y推薦
25030,孫諤,3767,蘇軾,文學交往,書跋由Y所作|為Y所著書作跋
33233,釋居簡,3624,樓鑰,文學交往,書跋由Y所作|為Y所著書作跋
33233,釋居簡,3640,陸游,文學交往,書跋由Y所作|為Y所著書作跋
33233,釋居簡,3676,米芾,文學交往,書跋由Y所作|為Y所著書作跋
33233,釋居簡,3767,蘇軾,文學交往,書跋由Y所作|為Y所著書作跋
33233,釋居簡,8098,陸佃,文學交往,書跋由Y所作|為Y所著書作跋
33233,釋居簡,4001,魏了翁,其他,為Y作祭文|祭文由Y所作
10706,王柏,628,富弼,文學交往,書跋由Y所作|為Y所著書作跋
10706,王柏,1384,歐陽修,文學交往,書跋由Y所作|為Y所著書作跋
10706,王柏,1488,司馬光,文學交往,書跋由Y所作|為Y所著書作跋
10706,王柏,1953,文彥博,文學交往,書跋由Y所作|為Y所著書作跋
10706,王柏,3257,朱熹,其他,傳Y之學|其學由Y所傳|書跋由Y所作|為Y所著書作跋
10706,王柏,3624,樓鑰,文學交往,書跋由Y所作|為Y所著書作跋
10706,王柏,3676,米芾,其他,書、畫由Y作跋|書跋由Y所作|為Y之書、畫作跋|為Y所著書作跋
10706,王柏,3767,蘇軾,文學交往,書跋由Y所作|為Y所著書作跋
10706,王柏,7197,周必大,文學交往,書跋由Y所作|為Y所著書作跋
10706,王柏,7364,曾鞏,文學交往,書跋由Y所作|為Y所著書作跋
10706,王柏,8078,李綱,其他,書、畫由Y作跋|書跋由Y所作|為Y之書、畫作跋|為Y所著書作跋
10706,王柏,10840,曹彥約,其他,書跋由Y所作|為Y之詩文作跋|為Y所著書作跋|詩文跋由Y所作
10706,王柏,27957,吳師道,墓誌傳記,書跋由Y所作|為Y作行狀|為Y所著書作跋|行狀由Y所作
10706,王柏,42408,孟德,文學交往,收到Y的答書|答Y書
45523,曹輔,3624,樓鑰,其他,其書帖由Y作題|書跋由Y所作|為Y所著書作跋|題Y的書帖
45523,曹輔,3767,蘇軾,其他,收到Y的啓|致Y啓|致書Y|被致書由Y
45523,曹輔,3672,毛滂,文學交往,致書Y|被致書由Y
45523,曹輔,3043,秦觀,其他,為Y所作詩文作序|詩文序由Y所作
468,蹇序辰,3767,蘇軾,文學交往,致書Y|被致書由Y
468,蹇序辰,7263,葛勝仲,文學交往,致書Y|被致書由Y
45527,許仲蔚,3767,蘇軾,其他,相唱和
47587,陳輔,3767,蘇軾,其他,欣賞/器重|致書Y|被Y欣賞/器重|被致書由Y
47587,陳輔,1762,王安石,師生,學生為Y|為Y之學生
47587,陳輔,27957,吳師道,文學交往,書跋由Y所作|為Y所著書作跋
485,周穜,1762,王安石,其他,恩主是Y|是Y的恩主|欣賞/器重|被Y欣賞/器重
485,周穜,3767,蘇軾,其他,推薦|為Y所聘執教官學、書院|聘Y執教官學、書院|被Y推薦
27114,張先,3767,蘇軾,其他,為Y作祭文|祭文由Y所作
10733,許謙,27957,吳師道,師生,傳記作者為Y|學生為Y|推薦|收到Y的贈詩、文|書序由Y所作|為Y之學生|為Y作傳|為Y作祭文|為Y作臨別贈言(送別詩、序)|為Y所著書作序|祭文由Y所作|臨別得到Y所作贈言(送別詩、序)|致書Y|被Y推薦|被致書由Y|贈詩、文
10733,許謙,3767,蘇軾,文學交往,書跋由Y所作|為Y所著書作跋
10733,許謙,3257,朱熹,其他,傳Y之學|其學由Y所傳
10733,許謙,10801,虞集,其他,批評|收到Y的答書|答Y書|被Y批評
512495,張易簡,3767,蘇軾,師生,學生為Y|為Y之學生
512495,張易簡,47744,陳太初,師生,學生為Y|為Y之學生
39409,江存之,3767,蘇軾,其他,字說、名述由Y所作|為Y作字說、名述
27122,張大亨,7364,曾鞏,師生,學生為Y|為Y之學生
27122,張大亨,3767,蘇軾,文學交往,致書Y|被致書由Y
43508,韋許,3484,李之儀,師生,學生為Y|為Y之學生
43508,韋許,1062,李彌遜,其他,書跋由Y所作|為Y之詩文作跋|為Y所著書作跋|詩文跋由Y所作
43508,韋許,3767,蘇軾,其他,與Y遊
43508,韋許,7111,黃庭堅,其他,收到Y的答書|答Y書|致書Y|與Y遊|被致書由Y
27127,釋惟簡,3767,蘇軾,其他,佛寺記由Y所作|墓誌銘由Y所作|為Y作佛寺記|為Y作墓誌銘|致書Y|被致書由Y
27127,釋惟簡,1493,蘇轍,其他,為Y作祭文|祭文由Y所作
508,周彥質,3767,蘇軾,文學交往,致書Y|被致書由Y
10755,程珌,1314,呂公著,其他,書跋由Y所作|欣賞/器重|為Y所著書作跋|被Y欣賞/器重
10755,程珌,3767,蘇軾,文學交往,書序由Y所作|書跋由Y所作|為Y所著書作序|為Y所著書作跋
10755,程珌,27722,汪莘,文學交往,書序由Y所作|為Y所著書作序
10755,程珌,1488,司馬光,文學交往,書跋由Y所作|為Y所著書作跋
10755,程珌,3257,朱熹,文學交往,書跋由Y所作|為Y所著書作跋
10755,程珌,7111,黃庭堅,文學交往,書跋由Y所作|為Y所著書作跋
53764,釋道臻,7111,黃庭堅,文學交往,書序由Y所作|書跋由Y所作|為Y所著書作序|為Y所著書作跋
53764,釋道臻,3767,蘇軾,其他,佛寺記由Y所作|為Y作佛寺記
25094,姚麟,3767,蘇軾,文學交往,收到Y的答書|答Y書
14881,袁說友,14881,袁說友,文學交往,書序由Y所作|為Y所著書作序
14881,袁說友,630,韓琦,文學交往,書跋由Y所作|為Y所著書作跋
14881,袁說友,1488,司馬光,文學交往,書跋由Y所作|為Y所著書作跋
14881,袁說友,3676,米芾,其他,書、畫由Y作跋|書跋由Y所作|為Y之書、畫作跋|為Y所著書作跋
14881,袁說友,3767,蘇軾,文學交往,書跋由Y所作|為Y所著書作跋
14881,袁說友,7111,黃庭堅,文學交往,書跋由Y所作|為Y所著書作跋
14881,袁說友,4001,魏了翁,其他,哀辭由Y所作|為Y作哀辭|為Y作祭文|祭文由Y所作
546,莊公岳,3767,蘇軾,文學交往,致書Y|被致書由Y
41507,吳範,3081,陳師道,其他,友|與Y遊
41507,吳範,1493,蘇轍,其他,受到Y拜訪|拜訪|與Y遊
41507,吳範,3767,蘇軾,其他,與Y遊
41507,吳範,12988,楊傑,其他,以文章、學問受知於|稱道Y之文章、學問|與Y遊
39464,王宜甫,3767,蘇軾,其他,為Y作祭文|祭文由Y所作
53806,釋維琳,3767,蘇軾,其他,欣賞/器重|致書Y|被Y欣賞/器重|被致書由Y
53806,釋維琳,3672,毛滂,其他,佛寺記由Y所作|為Y作佛寺記
10801,虞集,4001,魏了翁,其他,學記（書院記）由Y所作|書序由Y所作|為Y作學記（書院記）|為Y所著書作序
10801,虞集,8136,曾公亮,文學交往,書序由Y所作|為Y所著書作序
10801,虞集,10084,吳澄,其他,墓誌銘由Y所作|從Y遊|從遊者為Y|收到Y的啓|收到Y的答書|書、畫由Y作跋|書序由Y所作|為Y之書、畫作跋|為Y之詩文作跋|為Y作墓誌銘|為Y作畫贊(畫像記)|為Y作祝詞|為Y作祭文|為Y作行狀|為Y所著書作序|畫贊(畫像記)由Y所作|祝詞由Y所作|祭文由Y所作|答Y書|致Y啓|致書Y|行狀由Y所作|被致書由Y|詩文跋由Y所作
10801,虞集,1220,劉攽,文學交往,書跋由Y所作|為Y所著書作跋
10801,虞集,1384,歐陽修,文學交往,書跋由Y所作|為Y所著書作跋
10801,虞集,1493,蘇轍,文學交往,書跋由Y所作|為Y所著書作跋
10801,虞集,1762,王安石,其他,書跋由Y所作|為Y作祠記|為Y所著書作跋|祠記由Y所作
10801,虞集,3257,朱熹,其他,學記（書院記）由Y所作|書跋由Y所作|為Y作學記（書院記）|為Y作祠記|為Y所著書作跋|祠記由Y所作
10801,虞集,3439,孔文仲,文學交往,書跋由Y所作|為Y所著書作跋
10801,虞集,3676,米芾,其他,其書帖由Y作題|書跋由Y所作|為Y所著書作跋|題Y的書帖
10801,虞集,3767,蘇軾,文學交往,書跋由Y所作|為Y所著書作跋
10801,虞集,7072,曾肇,文學交往,書跋由Y所作|為Y所著書作跋
10801,虞集,7111,黃庭堅,文學交往,書跋由Y所作|為Y所著書作跋
10801,虞集,7364,曾鞏,其他,書跋由Y所作|為Y作祠記|為Y所著書作跋|祠記由Y所作
10801,虞集,8126,鄧潤甫,文學交往,書跋由Y所作|為Y所著書作跋
10801,虞集,10801,虞集,其他,為Y作畫贊(畫像記)|畫贊(畫像記)由Y所作
10801,虞集,27853,程鉅夫,其他,為Y之詩文作跋|詩文跋由Y所作
562,范沖,1488,司馬光,其他,編輯Y之詩/文|詩/文由Y編輯
562,范沖,3767,蘇軾,文學交往,致書Y|被致書由Y
561,范純粹,1417,畢仲游,其他,建築物得到Y的題詠、記、命名|為Y之建築物題詠、記、命名|為Y作祭文|祭文由Y所作|致書Y|被致書由Y
561,范純粹,982,李清臣,文學交往,致書Y|被致書由Y
561,范純粹,7111,黃庭堅,文學交往,致書Y|被致書由Y
561,范純粹,3767,蘇軾,其他,建築物得到Y的題詠、記、命名|為Y之建築物題詠、記、命名
23094,黎錞,1324,呂陶,其他,墓誌銘由Y所作|建築物得到Y的題詠、記、命名|為Y之建築物題詠、記、命名|為Y作墓誌銘
23094,黎錞,3767,蘇軾,其他,建築物得到Y的題詠、記、命名|為Y之建築物題詠、記、命名|致書Y|被致書由Y
51767,劉渤,1309,呂惠卿,其他,反對/攻訐|遭到Y的反對/攻訐
51767,劉渤,1488,司馬光,其他,得到Y的支持|支持
51767,劉渤,3767,蘇軾,其他,得到Y的支持|支持
10809,歐陽奕,3767,蘇軾,其他,為Y作祭文|祭文由Y所作|致書Y|被致書由Y
10809,歐陽奕,1384,歐陽修,文學交往,致書Y|被致書由Y
33340,廉布,3640,陸游,文學交往,書序由Y所作|為Y所著書作序
33340,廉布,3767,蘇軾,其他,畫風師法Y|畫風為Y所師法
49727,董南美,3767,蘇軾,其他,與Y遊
49727,董南美,7111,黃庭堅,其他,與Y遊
578,范百祿,10173,文同,墓誌傳記,墓誌銘由Y所作|為Y作墓誌銘
578,范百祿,7026,范祖禹,其他,墓誌銘由Y所作|從Y學|教授Y|為Y作墓誌銘|為Y作祭文|祭文由Y所作
578,范百祿,1324,呂陶,文學交往,致書Y|被致書由Y
578,范百祿,3767,蘇軾,文學交往,致書Y|被致書由Y
578,范百祿,7111,黃庭堅,其他,建築物得到Y的題詠、記、命名|為Y之建築物題詠、記、命名|致書Y|被致書由Y
578,范百祿,7364,曾鞏,文學交往,收到Y的答書|答Y書|致書Y|被致書由Y
586,范子奇,3767,蘇軾,文學交往,致書Y|被致書由Y
10840,曹彥約,3257,朱熹,師生,從Y學|教授Y|為Y之門人|門人為Y
10840,曹彥約,4001,魏了翁,墓誌傳記,墓誌銘由Y所作|為Y作墓誌銘
10840,曹彥約,1314,呂公著,文學交往,書跋由Y所作|為Y所著書作跋
10840,曹彥約,3767,蘇軾,文學交往,書跋由Y所作|為Y所著書作跋
10840,曹彥約,7197,周必大,文學交往,致書Y|被致書由Y
53859,釋慧辯,3767,蘇軾,其他,為Y作臨別贈言(送別詩、序)|臨別得到Y所作贈言(送別詩、序)
21097,石康伯,10173,文同,友人,友
21097,石康伯,3767,蘇軾,其他,建築物得到Y的題詠、記、命名|書序由Y所作|為Y之建築物題詠、記、命名|為Y作祭文|為Y所著書作序|祭文由Y所作|致書Y|被致書由Y
627,傅堯俞,3081,陳師道,其他,推薦|文風為Y所稱道|稱道Y之文風|被Y推薦
627,傅堯俞,1488,司馬光,其他,欣賞/器重|被Y欣賞/器重
627,傅堯俞,1759,汪應辰,文學交往,書跋由Y所作|為Y所著書作跋
627,傅堯俞,7005,陳襄,其他,為Y作臨別贈言(送別詩、序)|臨別得到Y所作贈言(送別詩、序)
627,傅堯俞,3672,毛滂,文學交往,致書Y|被致書由Y
627,傅堯俞,3767,蘇軾,文學交往,致書Y|被致書由Y
628,富弼,1078,李師中,其他,推薦|被Y推薦
628,富弼,15014,魯有開,其他,推薦|被Y推薦
628,富弼,8116,蘇頌,其他,欣賞/器重|被Y欣賞/器重
628,富弼,1384,歐陽修,其他,得到Y的支持|支持|收到Y的答啓|答Y啓|致書Y|被致書由Y
628,富弼,1488,司馬光,其他,書序由Y所作|為Y之神道碑作額篆|為Y所著書作序|神道碑額篆由Y所作
628,富弼,3029,晁說之,文學交往,書序由Y所作|為Y所著書作序
628,富弼,8043,范仲淹,墓誌傳記,墓誌銘由Y所作|為Y作墓誌銘
628,富弼,3767,蘇軾,其他,墓誌銘由Y所作|某事由Y所乞|為Y乞某事|為Y作墓誌銘|為Y作神道碑|神道碑由Y所作|致書Y|被致書由Y
628,富弼,1062,李彌遜,文學交往,書跋由Y所作|為Y所著書作跋
628,富弼,3257,朱熹,文學交往,書跋由Y所作|為Y所著書作跋
628,富弼,3595,劉克莊,文學交往,書跋由Y所作|為Y所著書作跋
628,富弼,3624,樓鑰,文學交往,書跋由Y所作|為Y所著書作跋
628,富弼,7111,黃庭堅,文學交往,書跋由Y所作|為Y所著書作跋
628,富弼,7197,周必大,文學交往,書跋由Y所作|為Y所著書作跋
628,富弼,8079,李光,文學交往,書跋由Y所作|為Y所著書作跋
628,富弼,1762,王安石,其他,拒絕在Y主政的政府中任職|拒絕在Y的主政期出仕|致書Y|被致書由Y
628,富弼,1555,孫永,其他,為Y之神道碑作書|神道碑的書法由Y所作
628,富弼,1953,文彥博,其他,同僚|同會
628,富弼,8078,李綱,其他,為Y作畫贊(畫像記)|畫贊(畫像記)由Y所作
628,富弼,3105,程頤,文學交往,收到Y的答書|答Y書|致書Y|被致書由Y
628,富弼,3762,蘇洵,其他,收到Y的啓|致Y啓|致書Y|被致書由Y
628,富弼,7005,陳襄,文學交往,致書Y|被致書由Y
628,富弼,11663,呂大臨,文學交往,致書Y|被致書由Y
628,富弼,27761,陳舜俞,文學交往,致書Y|被致書由Y
628,富弼,8118,孫沔,文學交往,致書Y|被致書由Y
629,富元衡,3767,蘇軾,其他,畫風師法Y|畫風為Y所師法
630,韓琦,3828,唐坰,其他,其政策被Y反對/不支持|反對/不支持Y的政策|彈劾|被Y彈劾
630,韓琦,636,韓絳,其他,推薦|被Y推薦
630,韓琦,3762,蘇洵,其他,上司為Y|下屬為Y|挽詩、詞由Y所作|推薦|為Y作挽詩、詞|致書Y|被Y推薦|被致書由Y
630,韓琦,8116,蘇頌,其他,推薦|被Y推薦
630,韓琦,11793,孫洙,其他,欣賞/器重|被Y欣賞/器重
630,韓琦,1384,歐陽修,其他,墓誌銘由Y所作|建築物得到Y的題詠、記、命名|得到Y的支持|支持|收到Y的啓|為Y之建築物題詠、記、命名|為Y作墓誌銘|為Y作祭文|祭文由Y所作|致Y啓|致書Y|被致書由Y
630,韓琦,8022,趙槩,文學交往,書序由Y所作|為Y所著書作序
630,韓琦,8043,范仲淹,其他,同僚|書序由Y所作|為Y作祭文|為Y所著書作序|祭文由Y所作|致書Y|被致書由Y
630,韓琦,982,李清臣,墓誌傳記,墓誌銘由Y所作|為Y作墓誌銘|致書Y|被致書由Y
630,韓琦,3257,朱熹,文學交往,書跋由Y所作|為Y所著書作跋
630,韓琦,3595,劉克莊,其他,建築物得到Y的題詠、記、命名|書跋由Y所作|為Y之建築物題詠、記、命名|為Y所著書作跋
630,韓琦,3640,陸游,文學交往,書跋由Y所作|為Y所著書作跋
630,韓琦,3767,蘇軾,其他,建築物得到Y的題詠、記、命名|書跋由Y所作|為Y之建築物題詠、記、命名|為Y作祭文|為Y所著書作跋|祭文由Y所作|致書Y|被致書由Y
630,韓琦,7111,黃庭堅,文學交往,書跋由Y所作|為Y所著書作跋
630,韓琦,7197,周必大,文學交往,書跋由Y所作|為Y所著書作跋
630,韓琦,10084,吳澄,文學交往,書跋由Y所作|為Y所著書作跋
630,韓琦,8078,李綱,其他,傳記作者為Y|為Y作傳
630,韓琦,1493,蘇轍,其他,為Y作祭文|祭文由Y所作
630,韓琦,8127,狄青,其他,為Y作祭文|祭文由Y所作
630,韓琦,965,雷簡夫,文學交往,致書Y|被致書由Y
630,韓琦,1651,蔡襄,文學交往,致書Y|被致書由Y
630,韓琦,1953,文彥博,文學交往,致書Y|被致書由Y
630,韓琦,7005,陳襄,文學交往,致書Y|被致書由Y
630,韓琦,27761,陳舜俞,文學交往,致書Y|被致書由Y
630,韓琦,1488,司馬光,其他,為Y作祠記|祠記由Y所作|致書Y|被致書由Y
630,韓琦,8118,孫沔,文學交往,致書Y|被致書由Y
634,韓縝,1324,呂陶,其他,彈劾|被Y彈劾
634,韓縝,1493,蘇轍,其他,彈劾|被Y彈劾
634,韓縝,1417,畢仲游,其他,欣賞/器重|被Y欣賞/器重
634,韓縝,1220,劉攽,墓誌傳記,墓誌銘由Y所作|為Y作墓誌銘
634,韓縝,982,李清臣,文學交往,致書Y|被致書由Y
634,韓縝,3767,蘇軾,文學交往,致書Y|被致書由Y
636,韓絳,1309,呂惠卿,其他,排擠|遭Y排擠
636,韓絳,1220,劉攽,其他,佛寺記由Y所作|墓誌銘由Y所作|為Y作佛寺記|為Y作墓誌銘
636,韓絳,28306,戴表元,文學交往,書跋由Y所作|為Y所著書作跋
636,韓絳,3043,秦觀,其他,為Y作祭文|祭文由Y所作
636,韓絳,3105,程頤,其他,收到Y的啓|收到Y的答書|為Y作祭文|祭文由Y所作|答Y書|致Y啓
636,韓絳,7026,范祖禹,其他,為Y作祭文|祭文由Y所作
636,韓絳,7111,黃庭堅,其他,挽詩、詞由Y所作|為Y作挽詩、詞|為Y作祭文|祭文由Y所作
636,韓絳,1384,歐陽修,其他,收到Y的答啓|答Y啓|致書Y|被致書由Y
636,韓絳,1651,蔡襄,文學交往,致書Y|被致書由Y
636,韓絳,3762,蘇洵,文學交往,致書Y|被致書由Y
636,韓絳,3767,蘇軾,文學交往,致書Y|被致書由Y
636,韓絳,26404,家定國,其他,採納Y之獻策|獻策於Y
47744,陳太初,3767,蘇軾,其他,同學、同門
19074,任孜,3762,蘇洵,友人,友
19074,任孜,3767,蘇軾,其他,欣賞/器重|被Y欣賞/器重
19074,任孜,1324,呂陶,墓誌傳記,墓誌銘由Y所作|為Y作墓誌銘
19075,任伋,3762,蘇洵,友人,友
19075,任伋,3043,秦觀,其他,墓表由Y所作|墓誌銘由Y所作|為Y作墓表|為Y作墓誌銘
19075,任伋,10173,文同,墓誌傳記,墓誌銘由Y所作|為Y作墓誌銘
19075,任伋,3257,朱熹,其他,收藏品由Y作跋|書跋由Y所作|為Y之收藏作跋|為Y所著書作跋
19075,任伋,3767,蘇軾,其他,為Y作祭文|祭文由Y所作
19075,任伋,1493,蘇轍,其他,佛寺記由Y所作|建築物得到Y的題詠、記、命名|為Y之建築物題詠、記、命名|為Y作佛寺記
19076,任伯雨,3640,陸游,文學交往,書跋由Y所作|為Y所著書作跋
19076,任伯雨,4001,魏了翁,文學交往,書跋由Y所作|為Y所著書作跋
19076,任伯雨,1707,曾布,其他,忌/惡|為Y所忌/惡
19076,任伯雨,3767,蘇軾,文學交往,致書Y|被致書由Y
39555,朱振,3767,蘇軾,文學交往,致書Y|被致書由Y
669,韓元吉,3257,朱熹,其他,推薦|收到Y的答書|答Y書|被Y推薦
669,韓元吉,3640,陸游,其他,收到Y的贈詩、文|書序由Y所作|為Y作祭文|為Y作臨別贈言(送別詩、序)|為Y所著書作序|祭文由Y所作|臨別得到Y所作贈言(送別詩、序)|贈詩、文
669,韓元吉,10229,袁轂,文學交往,書序由Y所作|為Y所著書作序
669,韓元吉,1384,歐陽修,文學交往,書跋由Y所作|為Y所著書作跋
669,韓元吉,1488,司馬光,文學交往,書跋由Y所作|為Y所著書作跋
669,韓元吉,1651,蔡襄,文學交往,書跋由Y所作|為Y所著書作跋
669,韓元吉,1762,王安石,文學交往,書跋由Y所作|為Y所著書作跋
669,韓元吉,1953,文彥博,文學交往,書跋由Y所作|為Y所著書作跋
669,韓元吉,3767,蘇軾,文學交往,書跋由Y所作|為Y所著書作跋
669,韓元吉,7111,黃庭堅,文學交往,書跋由Y所作|為Y所著書作跋
669,韓元吉,8126,鄧潤甫,文學交往,書跋由Y所作|為Y所著書作跋
669,韓元吉,9011,趙眘,其他,佛寺記由Y所作|為Y作佛寺記
669,韓元吉,1493,蘇轍,其他,為Y作祠記|祠記由Y所作
12964,章衡,3767,蘇軾,其他,為Y作臨別贈言(送別詩、序)|臨別得到Y所作贈言(送別詩、序)|致書Y|被致書由Y
12964,章衡,7005,陳襄,其他,為Y作臨別贈言(送別詩、序)|臨別得到Y所作贈言(送別詩、序)|致書Y|被致書由Y
12964,章衡,27769,郭祥正,文學交往,致書Y|被致書由Y
15014,魯有開,3767,蘇軾,文學交往,致書Y|被致書由Y
15014,魯有開,7111,黃庭堅,其他,建築物得到Y的題詠、記、命名|為Y之建築物題詠、記、命名
15014,魯有開,1762,王安石,其他,得罪Y|被Y得罪
12969,章援,3767,蘇軾,師生,為Y之門人|致書Y|被致書由Y|門人為Y
12969,章援,3595,劉克莊,其他,其書帖由Y作題|書跋由Y所作|為Y所著書作跋|題Y的書帖
12969,章援,7263,葛勝仲,文學交往,書跋由Y所作|為Y所著書作跋
12969,章援,14299,李廌,其他,受到Y拜訪|同場屋/同應舉|拜訪
12988,楊傑,8043,范仲淹,其他,書、畫由Y作跋|書跋由Y所作|為Y之書、畫作跋|為Y所著書作跋
12988,楊傑,1384,歐陽修,其他,從Y遊|從遊者為Y
12988,楊傑,1762,王安石,其他,從Y遊|從遊者為Y
12988,楊傑,3767,蘇軾,其他,匾額、器銘由Y所篆|從Y遊|從遊者為Y|為Y篆匾額、器銘
12988,楊傑,8116,蘇頌,其他,為Y作祭文|祭文由Y所作
10941,趙宗儒,3767,蘇軾,其他,為Y作祭文|祭文由Y所作
33480,郭忠恕,3767,蘇軾,其他,為Y作畫贊(畫像記)|畫贊(畫像記)由Y所作
49871,葛延之,3767,蘇軾,其他,文風效法Y|文風為Y所效法
45778,于伋,3767,蘇軾,其他,為Y作臨別贈言(送別詩、序)|臨別得到Y所作贈言(送別詩、序)
722,蕭世京,3767,蘇軾,文學交往,致書Y|被致書由Y
728,謝景溫,1762,王安石,友人,友
728,謝景溫,3767,蘇軾,其他,彈劾|被Y彈劾
728,謝景溫,3105,程頤,文學交往,致書Y|被致書由Y
728,謝景溫,3676,米芾,文學交往,致書Y|被致書由Y
728,謝景溫,7111,黃庭堅,文學交往,致書Y|被致書由Y
13017,袁陟,3767,蘇軾,文學交往,致書Y|被致書由Y
13017,袁陟,7364,曾鞏,文學交往,收到Y的答書|答Y書
19167,蘇邁,3484,李之儀,文學交往,書跋由Y所作|為Y所著書作跋
19167,蘇邁,3767,蘇軾,其他,為Y作硯銘|硯銘由Y所作|致書Y|被致書由Y
735,鮮于侁,3767,蘇軾,其他,收到Y的答書|書跋由Y所作|欣賞/器重|為Y所著書作跋|答Y書|被Y欣賞/器重
735,鮮于侁,3043,秦觀,墓誌傳記,墓誌銘由Y所作|書序由Y所作|為Y作墓誌銘|為Y作行狀|為Y所著書作序|致書Y|行狀由Y所作|被致書由Y
735,鮮于侁,3279,范鎮,墓誌傳記,墓誌銘由Y所作|為Y作墓誌銘
735,鮮于侁,4001,魏了翁,其他,建築物得到Y的題詠、記、命名|書跋由Y所作|為Y之建築物題詠、記、命名|為Y所著書作跋
735,鮮于侁,1762,王安石,其他,其政策被Y反對/不支持|反對/不支持Y的政策
735,鮮于侁,7026,范祖禹,其他,為Y作祭文|祭文由Y所作
735,鮮于侁,1493,蘇轍,其他,哀辭由Y所作|為Y作哀辭
735,鮮于侁,1488,司馬光,其他,同會
735,鮮于侁,1417,畢仲游,文學交往,致書Y|被致書由Y
735,鮮于侁,7084,王鞏,文學交往,收到Y的答書|答Y書
735,鮮于侁,10173,文同,其他,建築物得到Y的題詠、記、命名|為Y之建築物題詠、記、命名
19168,蘇過,3029,晁說之,墓誌傳記,墓誌銘由Y所作|為Y作墓誌銘
19168,蘇過,19226,王箴,墓誌傳記,墓誌銘由Y所作|為Y作墓誌銘
19168,蘇過,44601,孫勰,墓誌傳記,墓誌銘由Y所作|為Y作墓誌銘
19168,蘇過,4001,魏了翁,文學交往,書跋由Y所作|為Y所著書作跋
19168,蘇過,3767,蘇軾,其他,字說、名述由Y所作|收到Y的贈詩、文|書跋由Y所作|為Y作字說、名述|為Y作畫贊(畫像記)|為Y所著書作跋|畫贊(畫像記)由Y所作|致書Y|被致書由Y|贈詩、文
19168,蘇過,28306,戴表元,文學交往,書跋由Y所作|為Y所著書作跋
19168,蘇過,1493,蘇轍,其他,為Y作祭文|祭文由Y所作
15074,陳敏,1762,王安石,其他,推薦|被Y推薦
15074,陳敏,1488,司馬光,其他,反對/攻訐|受Y之弟子禮|對Y執弟子禮|遭到Y的反對/攻訐
15074,陳敏,3767,蘇軾,其他,從Y遊|從遊者為Y
43748,高俅,3767,蘇軾,其他,推薦|被Y推薦
49892,詹範,3767,蘇軾,師生,學生為Y|為Y之學生
742,徐常,7005,陳襄,友人,友
742,徐常,1493,蘇轍,其他,從Y遊|從遊者為Y
742,徐常,3767,蘇軾,其他,從Y遊|從遊者為Y
19174,蘇元老,3767,蘇軾,文學交往,致書Y|被致書由Y
21239,蘇堅,3767,蘇軾,友人,友|致書Y|被致書由Y
21239,蘇堅,7026,范祖禹,其他,推薦|被Y推薦
21240,蘇庠,3257,朱熹,文學交往,書跋由Y所作|為Y所著書作跋
21240,蘇庠,4001,魏了翁,文學交往,書跋由Y所作|為Y所著書作跋
21240,蘇庠,7197,周必大,文學交往,書跋由Y所作|為Y所著書作跋
21240,蘇庠,19699,張元幹,文學交往,書跋由Y所作|為Y所著書作跋
21240,蘇庠,27957,吳師道,文學交往,書跋由Y所作|為Y所著書作跋
21240,蘇庠,3767,蘇軾,其他,為Y作硯銘|硯銘由Y所作|稱道Y的詩作|詩作為Y所稱道
21240,蘇庠,14228,周紫芝,其他,為Y作畫贊(畫像記)|畫贊(畫像記)由Y所作
39683,仲淵,3767,蘇軾,其他,欣賞/器重|被Y欣賞/器重
19226,王箴,3767,蘇軾,文學交往,致書Y|被致書由Y
19226,王箴,7111,黃庭堅,文學交往,收到Y的答書|答Y書|致書Y|被致書由Y
45850,王蘧,3767,蘇軾,文學交往,收到Y的贈詩、文|致書Y|被致書由Y|贈詩、文
9004,趙禎,1384,歐陽修,其他,建築物得到Y的題詠、記、命名|書序由Y所作|為Y之建築物題詠、記、命名|為Y所著書作序
9004,趙禎,3595,劉克莊,文學交往,書跋由Y所作|為Y所著書作跋
9004,趙禎,3624,樓鑰,文學交往,書跋由Y所作|為Y所著書作跋
9004,趙禎,8116,蘇頌,其他,為Y作諡議|諡議由Y所作
9004,趙禎,3767,蘇軾,其他,建築物得到Y的題詠、記、命名|為Y之建築物題詠、記、命名
9004,趙禎,7111,黃庭堅,其他,建築物得到Y的題詠、記、命名|為Y之建築物題詠、記、命名
41774,吳芘仲,3767,蘇軾,其他,稱道Y的詩作|致書Y|被致書由Y|詩作為Y所稱道
9007,趙煦,3767,蘇軾,其他,得罪Y|為Y作畫贊(畫像記)|畫贊(畫像記)由Y所作|被Y得罪
13104,錢龢,3767,蘇軾,其他,匾額、器銘由Y所篆|為Y篆匾額、器銘
37681,林靈素,3767,蘇軾,其他,稱道Y的詩作|詩作為Y所稱道
9011,趙眘,3767,蘇軾,文學交往,書序由Y所作|為Y所著書作序
9011,趙眘,3595,劉克莊,文學交往,書跋由Y所作|為Y所著書作跋
9011,趙眘,7197,周必大,文學交往,書跋由Y所作|為Y所著書作跋
9011,趙眘,15269,曹勛,文學交往,書跋由Y所作|為Y所著書作跋
9011,趙眘,3624,樓鑰,其他,為Y作祭文|為Y作諡議|祭文由Y所作|諡議由Y所作
52023,劉庭式,3105,程頤,其他,欣賞/器重|被Y欣賞/器重
52023,劉庭式,3767,蘇軾,其他,傳記作者為Y|欣賞/器重|為Y作傳|被Y欣賞/器重
844,黃好謙,3767,蘇軾,其他,為Y作祭文|祭文由Y所作|致書Y|被致書由Y
844,黃好謙,7111,黃庭堅,文學交往,收到Y的答書|答Y書|致書Y|被致書由Y
45900,王定國,3043,秦觀,文學交往,書序由Y所作|為Y所著書作序
45900,王定國,3767,蘇軾,其他,為Y作畫贊(畫像記)|為Y作硯銘|畫贊(畫像記)由Y所作|硯銘由Y所作
45900,王定國,7111,黃庭堅,文學交往,收到Y的答書|答Y書
45900,王定國,1493,蘇轍,其他,建築物得到Y的題詠、記、命名|為Y之建築物題詠、記、命名
11087,林希逸,3591,劉震孫,友人,友
11087,林希逸,3595,劉克莊,其他,友|墓誌銘由Y所作|建築物得到Y的題詠、記、命名|書序由Y所作|書跋由Y所作|為Y之建築物題詠、記、命名|為Y作墓誌銘|為Y作祠記|為Y作祭文|為Y作行狀|為Y所著書作序|為Y所著書作跋|祠記由Y所作|祭文由Y所作|致書Y|行狀由Y所作|被致書由Y
11087,林希逸,3767,蘇軾,文學交往,書跋由Y所作|為Y所著書作跋
11087,林希逸,7111,黃庭堅,文學交往,書跋由Y所作|為Y所著書作跋
11087,林希逸,8116,蘇頌,文學交往,書跋由Y所作|為Y所著書作跋
7005,陳襄,1309,呂惠卿,其他,彈劾|被Y彈劾
7005,陳襄,1488,司馬光,其他,推薦|被Y推薦
7005,陳襄,3767,蘇軾,其他,推薦|被Y推薦
7005,陳襄,1521,孫覺,師生,墓誌銘由Y所作|為Y之門人|為Y作墓誌銘|門人為Y
7005,陳襄,8078,李綱,文學交往,書序由Y所作|為Y所著書作序
7005,陳襄,3595,劉克莊,文學交往,書跋由Y所作|為Y所著書作跋
7005,陳襄,1762,王安石,其他,其政策被Y反對/不支持|反對/不支持Y的政策
7005,陳襄,7197,周必大,其他,學記（書院記）由Y所作|為Y作學記（書院記）
50020,翟逢亨,3767,蘇軾,友人,友
41840,何充,3767,蘇軾,文學交往,致書Y|被致書由Y
7026,范祖禹,971,李常,其他,推薦|被Y推薦
7026,范祖禹,1648,蔡肇,其他,推薦|被Y推薦
7026,范祖禹,3029,晁說之,其他,推薦|被Y推薦
7026,范祖禹,3767,蘇軾,其他,推薦|收到Y的答書|答Y書|致書Y|被Y推薦|被致書由Y
7026,范祖禹,1488,司馬光,其他,合撰(編)著作|建築物得到Y的題詠、記、命名|推薦|收到Y的答書|書序由Y所作|為Y之建築物題詠、記、命名|為Y作祝詞|為Y作祭文|為Y所著書作序|祝詞由Y所作|祭文由Y所作|答Y書|致書Y|被Y推薦|被致書由Y
7026,范祖禹,7098,楊國寶,其他,推薦|被Y推薦
7026,范祖禹,11663,呂大臨,其他,推薦|被Y推薦
7026,范祖禹,19691,張?,其他,推薦|被Y推薦
7026,范祖禹,44601,孫勰,其他,推薦|被Y推薦
7026,范祖禹,1953,文彥博,其他,佛寺記由Y所作|建築物得到Y的題詠、記、命名|書序由Y所作|為Y之建築物題詠、記、命名|為Y作佛寺記|為Y所著書作序
7026,范祖禹,3624,樓鑰,文學交往,書序由Y所作|為Y所著書作序
7026,范祖禹,4001,魏了翁,文學交往,書序由Y所作|為Y所著書作序
7026,范祖禹,1306,呂希道,墓誌傳記,墓誌銘由Y所作|為Y作墓誌銘
7026,范祖禹,2007,楊繪,墓誌傳記,墓誌銘由Y所作|為Y作墓誌銘
7026,范祖禹,3283,范百嘉,其他,墓誌銘由Y所作|為Y作墓誌銘|為Y作祭文|祭文由Y所作
7026,范祖禹,19437,趙宗瑗,墓誌傳記,墓誌銘由Y所作|為Y作墓誌銘
7026,范祖禹,20419,劉恕,墓誌傳記,墓誌銘由Y所作|為Y作墓誌銘
7026,范祖禹,1759,汪應辰,文學交往,書跋由Y所作|為Y所著書作跋
7026,范祖禹,7197,周必大,其他,其書帖由Y作題|書跋由Y所作|為Y所著書作跋|題Y的書帖
7026,范祖禹,1314,呂公著,其他,為Y作祭文|祭文由Y所作
7026,范祖禹,3279,范鎮,其他,從Y學|教授Y|為Y作祭文|祭文由Y所作
7026,范祖禹,3105,程頤,文學交往,致書Y|被致書由Y
7026,范祖禹,14299,李廌,文學交往,致書Y|被致書由Y
7026,范祖禹,7343,孫覿,其他,著作被Y評論|評論Y之著作
43894,侯晉升,1493,蘇轍,友人,友
43894,侯晉升,3767,蘇軾,其他,友|欣賞/器重|致書Y|被Y欣賞/器重|被致書由Y
7039,李格非,3767,蘇軾,其他,以文章、學問受知於|稱道Y之文章、學問|致書Y|被致書由Y
7039,李格非,1417,畢仲游,文學交往,致書Y|被致書由Y
901,孔平仲,7197,周必大,文學交往,書序由Y所作|為Y所著書作序
901,孔平仲,3257,朱熹,文學交往,書跋由Y所作|為Y所著書作跋
901,孔平仲,3767,蘇軾,其他,為Y作硯銘|硯銘由Y所作|致書Y|被致書由Y
901,孔平仲,7111,黃庭堅,文學交往,致書Y|被致書由Y
7045,劉安世,1488,司馬光,師生,學生為Y|推薦|為Y之學生|被Y推薦
7045,劉安世,7383,王子韶,其他,反對/攻訐|遭到Y的反對/攻訐
7045,劉安世,8079,李光,師生,學生為Y|為Y之學生
7045,劉安世,1759,汪應辰,文學交往,書跋由Y所作|為Y所著書作跋
7045,劉安世,3029,晁說之,文學交往,書跋由Y所作|為Y所著書作跋
7045,劉安世,3257,朱熹,文學交往,書跋由Y所作|為Y所著書作跋
7045,劉安世,19699,張元幹,文學交往,書跋由Y所作|為Y所著書作跋
7045,劉安世,7197,周必大,文學交往,書跋由Y所作|為Y所著書作跋
7045,劉安世,3767,蘇軾,文學交往,致書Y|被致書由Y
7059,梅堯臣,1384,歐陽修,其他,友|墓誌銘由Y所作|推薦|書序由Y所作|書跋由Y所作|為Y作墓誌銘|為Y作祭文|為Y作臨別贈言(送別詩、序)|為Y所著書作序|為Y所著書作跋|祭文由Y所作|臨別得到Y所作贈言(送別詩、序)|致書Y|被Y推薦|被致書由Y
7059,梅堯臣,3762,蘇洵,其他,友|建築物得到Y的題詠、記、命名|為Y之建築物題詠、記、命名|致書Y|被致書由Y
7059,梅堯臣,3640,陸游,文學交往,書序由Y所作|為Y所著書作序
7059,梅堯臣,3484,李之儀,文學交往,書跋由Y所作|為Y所著書作跋
7059,梅堯臣,3595,劉克莊,文學交往,書跋由Y所作|為Y所著書作跋
7059,梅堯臣,3767,蘇軾,文學交往,書跋由Y所作|為Y所著書作跋|致書Y|被致書由Y
7059,梅堯臣,7111,黃庭堅,文學交往,書跋由Y所作|為Y所著書作跋
7059,梅堯臣,14228,周紫芝,文學交往,書跋由Y所作|為Y所著書作跋
7059,梅堯臣,27957,吳師道,其他,建築物得到Y的題詠、記、命名|書跋由Y所作|為Y之建築物題詠、記、命名|為Y所著書作跋
7059,梅堯臣,27769,郭祥正,其他,稱道Y的詩作|詩作為Y所稱道
7059,梅堯臣,44423,柳瑾,其他,相唱和
7059,梅堯臣,3580,劉敞,其他,為Y作祭文|為Y作臨別贈言(送別詩、序)|祭文由Y所作|臨別得到Y所作贈言(送別詩、序)
922,高述,3767,蘇軾,其他,畫風師法Y|畫風為Y所師法
13213,毛維瞻,1493,蘇轍,其他,友|建築物得到Y的題詠、記、命名|為Y之建築物題詠、記、命名
13213,毛維瞻,3767,蘇軾,文學交往,致書Y|被致書由Y
7072,曾肇,3849,丁隲,其他,推薦|被Y推薦
7072,曾肇,1384,歐陽修,其他,推薦|被Y推薦
7072,曾肇,8116,蘇頌,墓誌傳記,墓誌銘由Y所作|為Y作墓誌銘|致書Y|被致書由Y
7072,曾肇,8136,曾公亮,墓誌傳記,墓誌銘由Y所作|為Y作墓誌銘
7072,曾肇,3595,劉克莊,文學交往,書跋由Y所作|為Y所著書作跋
7072,曾肇,1220,劉攽,其他,為Y作祭文|祭文由Y所作
7072,曾肇,1488,司馬光,其他,為Y作祭文|祭文由Y所作
7072,曾肇,1707,曾布,其他,廟碑記由Y所作|收到Y的答書|為Y作廟碑記|答Y書|致書Y|被致書由Y
7072,曾肇,7364,曾鞏,墓誌傳記,為Y作行狀|行狀由Y所作
7072,曾肇,3043,秦觀,文學交往,致書Y|被致書由Y
7072,曾肇,3767,蘇軾,文學交往,致書Y|被致書由Y
7076,王安國,3767,蘇軾,友人,友
7076,王安國,3081,陳師道,文學交往,書序由Y所作|書跋由Y所作|為Y所著書作序|為Y所著書作跋
7076,王安國,7364,曾鞏,其他,書序由Y所作|為Y作祭文|為Y所著書作序|祭文由Y所作
7076,王安國,1762,王安石,墓誌傳記,墓誌銘由Y所作|為Y作墓誌銘
7076,王安國,7197,周必大,文學交往,書跋由Y所作|為Y所著書作跋
7076,王安國,7084,王鞏,文學交往,致書Y|被致書由Y
7076,王安國,1384,歐陽修,文學交往,收到Y的答書|答Y書
7076,王安國,1309,呂惠卿,其他,被Y陷害|陷害Y
15269,曹勛,3624,樓鑰,文學交往,書序由Y所作|為Y所著書作序
15269,曹勛,3672,毛滂,其他,書跋由Y所作|為Y之詩文作跋|為Y所著書作跋|詩文跋由Y所作
15269,曹勛,3676,米芾,其他,書、畫由Y作跋|書跋由Y所作|為Y之書、畫作跋|為Y所著書作跋
15269,曹勛,3767,蘇軾,文學交往,書跋由Y所作|為Y所著書作跋
15269,曹勛,7111,黃庭堅,文學交往,書跋由Y所作|為Y所著書作跋
935,顧臨,3767,蘇軾,其他,欣賞/器重|被Y欣賞/器重
935,顧臨,3439,孔文仲,其他,為Y作臨別贈言(送別詩、序)|臨別得到Y所作贈言(送別詩、序)
935,顧臨,3490,李中行,文學交往,收到Y的答書|答Y書
7084,王鞏,13612,張恕,友人,友
7084,王鞏,1493,蘇轍,其他,同道|建築物得到Y的題詠、記、命名|推薦|收到Y的贈詩、文|為Y之建築物題詠、記、命名|被Y推薦|贈詩、文
7084,王鞏,3043,秦觀,文學交往,書序由Y所作|為Y所著書作序
7084,王鞏,3767,蘇軾,其他,從Y遊|從遊者為Y|書序由Y所作|為Y作畫贊(畫像記)|為Y作齋、堂銘|為Y所著書作序|畫贊(畫像記)由Y所作|致書Y|被致書由Y|齋、堂銘由Y所作
7084,王鞏,7111,黃庭堅,文學交往,書序由Y所作|為Y所著書作序
7084,王鞏,7197,周必大,文學交往,書跋由Y所作|為Y所著書作跋
7084,王鞏,44357,姚安世,其他,從Y遊|從遊者為Y
7098,楊國寶,3105,程頤,其他,欣賞/器重|為Y作祭文|祭文由Y所作|被Y欣賞/器重
7098,楊國寶,3767,蘇軾,文學交往,致書Y|被致書由Y
46015,李斯立,3767,蘇軾,師生,學生為Y|為Y之學生
962,來之邵,3767,蘇軾,其他,彈劾|被Y彈劾
962,來之邵,8116,蘇頌,其他,反對/攻訐|遭到Y的反對/攻訐
962,來之邵,1309,呂惠卿,其他,得到Y的支持|支持
39874,朱象先,3767,蘇軾,其他,書、畫由Y作跋|書跋由Y所作|為Y之書、畫作跋|為Y所著書作跋
11204,林豫,3767,蘇軾,其他,推薦|被Y推薦
50115,趙逵,3767,蘇軾,其他,文風效法Y|文風為Y所效法
965,雷簡夫,7111,黃庭堅,文學交往,書跋由Y所作|為Y所著書作跋
965,雷簡夫,1493,蘇轍,其他,受到Y拜訪|拜訪
965,雷簡夫,3762,蘇洵,其他,受到Y拜訪|拜訪|收到Y的答書|答Y書
965,雷簡夫,3767,蘇軾,其他,受到Y拜訪|拜訪
965,雷簡夫,1384,歐陽修,文學交往,致書Y|被致書由Y
7111,黃庭堅,3081,陳師道,其他,友|書序由Y所作|為Y所著書作序|稱道Y的詩作|致書Y|被致書由Y|詩作為Y所稱道
7111,黃庭堅,3767,蘇軾,師生,友|字說、名述由Y所作|推薦|收到Y的答書|書跋由Y所作|欣賞/器重|為Y之門人|為Y作字說、名述|為Y作畫贊(畫像記)|為Y作硯銘|為Y所著書作跋|畫贊(畫像記)由Y所作|硯銘由Y所作|答Y書|致書Y|被Y推薦|被Y欣賞/器重|被致書由Y|門人為Y
7111,黃庭堅,13798,王直方,友人,友|致書Y|被致書由Y
7111,黃庭堅,51148,潘谷,友人,友
7111,黃庭堅,1762,王安石,其他,書跋由Y所作|欣賞/器重|為Y所著書作跋|被Y欣賞/器重
7111,黃庭堅,971,李常,師生,學生為Y|從Y遊|從遊者為Y|書跋由Y所作|為Y之學生|為Y作祭文|為Y所著書作跋|祭文由Y所作
7111,黃庭堅,48194,崔子方,師生,學生為Y|為Y之學生
7111,黃庭堅,4001,魏了翁,文學交往,書序由Y所作|書跋由Y所作|為Y所著書作序|為Y所著書作跋
7111,黃庭堅,10101,龐安時,文學交往,書序由Y所作|書跋由Y所作|為Y所著書作序|為Y所著書作跋
7111,黃庭堅,20450,劉季孫,文學交往,書序由Y所作|書跋由Y所作|為Y所著書作序|為Y所著書作跋
7111,黃庭堅,13384,江端禮,師生,弟子為Y|為Y之弟子
7111,黃庭堅,1453,沈遼,墓誌傳記,墓誌銘由Y所作|書跋由Y所作|為Y作墓誌銘|為Y所著書作跋
7111,黃庭堅,3025,晁端友,墓誌傳記,墓誌銘由Y所作|為Y作墓誌銘
7111,黃庭堅,20419,劉恕,墓誌傳記,墓誌銘由Y所作|為Y作墓誌銘
7111,黃庭堅,1759,汪應辰,文學交往,書跋由Y所作|為Y所著書作跋
7111,黃庭堅,3029,晁說之,其他,匾額、器銘由Y所篆|書跋由Y所作|為Y作硯銘|為Y所著書作跋|為Y篆匾額、器銘|硯銘由Y所作
7111,黃庭堅,3257,朱熹,文學交往,書跋由Y所作|為Y所著書作跋
7111,黃庭堅,3484,李之儀,文學交往,書跋由Y所作|為Y所著書作跋|致書Y|被致書由Y
7111,黃庭堅,3595,劉克莊,文學交往,書跋由Y所作|為Y所著書作跋
7111,黃庭堅,3624,樓鑰,其他,建築物得到Y的題詠、記、命名|書跋由Y所作|為Y之建築物題詠、記、命名|為Y所著書作跋
7111,黃庭堅,3640,陸游,文學交往,書跋由Y所作|為Y所著書作跋
7111,黃庭堅,1384,歐陽修,文學交往,書跋由Y所作|為Y所著書作跋|致書Y|被致書由Y
7111,黃庭堅,1493,蘇轍,文學交往,收到Y的答書|書跋由Y所作|為Y所著書作跋|答Y書|致書Y|被致書由Y
7111,黃庭堅,1651,蔡襄,文學交往,書跋由Y所作|為Y所著書作跋
7111,黃庭堅,3279,范鎮,其他,挽詩、詞由Y所作|書跋由Y所作|為Y之詩文作跋|為Y作挽詩、詞|為Y所著書作跋|詩文跋由Y所作
7111,黃庭堅,3580,劉敞,文學交往,書跋由Y所作|為Y所著書作跋
7111,黃庭堅,3676,米芾,其他,書、畫由Y作跋|書跋由Y所作|為Y之書、畫作跋|為Y所著書作跋
7111,黃庭堅,3997,王禹偁,其他,書跋由Y所作|為Y作畫贊(畫像記)|為Y作祭文|為Y所著書作跋|畫贊(畫像記)由Y所作|祭文由Y所作
7111,黃庭堅,7166,張田,文學交往,書跋由Y所作|為Y所著書作跋
7111,黃庭堅,7364,曾鞏,文學交往,書跋由Y所作|為Y所著書作跋
7111,黃庭堅,8043,范仲淹,其他,書、畫由Y作跋|書跋由Y所作|為Y之書、畫作跋|為Y之詩文作跋|為Y所著書作跋|詩文跋由Y所作
7111,黃庭堅,10173,文同,文學交往,書跋由Y所作|為Y所著書作跋
7111,黃庭堅,16026,秦覯,其他,書跋由Y所作|書風為Y所模仿|模仿Y的書風|為Y所著書作跋|致書Y|被致書由Y
7111,黃庭堅,19865,李公麟,其他,書、畫由Y作跋|書跋由Y所作|為Y之書、畫作跋|為Y所著書作跋|致書Y|被致書由Y
7111,黃庭堅,20457,劉羲仲,其他,傳記作者為Y|收到Y的答書|書跋由Y所作|為Y作傳|為Y所著書作跋|答Y書
7111,黃庭堅,42086,李康年,其他,從Y遊|從遊者為Y|書、畫由Y作跋|書跋由Y所作|為Y之書、畫作跋|為Y所著書作跋
7111,黃庭堅,7197,周必大,其他,佛寺記由Y所作|書跋由Y所作|為Y作佛寺記|為Y作祠記|為Y所著書作跋|祠記由Y所作
7111,黃庭堅,8078,李綱,文學交往,書跋由Y所作|為Y所著書作跋
7111,黃庭堅,14228,周紫芝,文學交往,書跋由Y所作|為Y所著書作跋
7111,黃庭堅,19699,張元幹,文學交往,書跋由Y所作|為Y所著書作跋
7111,黃庭堅,27791,張侃,文學交往,書跋由Y所作|為Y所著書作跋
7111,黃庭堅,27853,程鉅夫,文學交往,書跋由Y所作|為Y所著書作跋
7111,黃庭堅,27957,吳師道,文學交往,書跋由Y所作|為Y所著書作跋
7111,黃庭堅,28617,王惲,文學交往,書跋由Y所作|為Y所著書作跋
7111,黃庭堅,11541,潘大臨,其他,從Y遊|從遊者為Y|致書Y|被致書由Y
7111,黃庭堅,19869,李亮工,其他,從Y遊|從遊者為Y
7111,黃庭堅,3043,秦觀,其他,同學、同門|收到Y的答書|答Y書|致書Y|被致書由Y
7111,黃庭堅,14299,李廌,其他,同學、同門
7111,黃庭堅,1488,司馬光,其他,為Y作祭文|祭文由Y所作
7111,黃庭堅,1521,孫覺,其他,為Y作祭文|祭文由Y所作|致書Y|被致書由Y
7111,黃庭堅,3028,晁詠之,其他,為Y作祝詞|祝詞由Y所作
7111,黃庭堅,7376,王詵,其他,書、畫由Y作跋|為Y之書、畫作跋
7111,黃庭堅,40312,李中,其他,其學為Y所宗|宗Y之學
7111,黃庭堅,1343,馬瑊,其他,因與Y的交往受牽連|致書Y|與他的交往導致Y受牽連|被致書由Y
7111,黃庭堅,19771,李彭,其他,為Y作齋、堂銘|齋、堂銘由Y所作
7111,黃庭堅,1951,文勛,其他,為Y作畫贊(畫像記)|畫贊(畫像記)由Y所作
7111,黃庭堅,1099,李琮,文學交往,致書Y|被致書由Y
7111,黃庭堅,1542,孫升,文學交往,致書Y|被致書由Y
7111,黃庭堅,1700,曾孝蘊,文學交往,致書Y|被致書由Y
7111,黃庭堅,7375,王庠,文學交往,收到Y的答書|答Y書|致書Y|被致書由Y
7111,黃庭堅,8062,許翰,文學交往,致書Y|被致書由Y
7111,黃庭堅,18299,趙叔盎,文學交往,收到Y的答書|答Y書|致書Y|被致書由Y
7111,黃庭堅,1188,劉瑾,文學交往,收到Y的答書|答Y書
7111,黃庭堅,42112,何頡,文學交往,收到Y的答書|答Y書
7111,黃庭堅,53002,釋了元,文學交往,收到Y的答書|答Y書
7111,黃庭堅,44358,柳閎,文學交往,收到Y的贈詩、文|贈詩、文
7112,饒蒙,1453,沈遼,文學交往,書跋由Y所作|為Y所著書作跋
7112,饒蒙,3767,蘇軾,文學交往,書跋由Y所作|為Y所著書作跋
971,李常,1762,王安石,友人,友
971,李常,3767,蘇軾,其他,友|建築物得到Y的題詠、記、命名|為Y之建築物題詠、記、命名|致書Y|被致書由Y
971,李常,3043,秦觀,墓誌傳記,墓誌銘由Y所作|為Y作墓誌銘|為Y作行狀|行狀由Y所作
971,李常,8116,蘇頌,墓誌傳記,墓誌銘由Y所作|為Y作墓誌銘
971,李常,3029,晁說之,文學交往,書跋由Y所作|為Y所著書作跋
971,李常,10084,吳澄,文學交往,書跋由Y所作|為Y所著書作跋
50124,趙棠,3767,蘇軾,其他,建築物得到Y的題詠、記、命名|為Y之建築物題詠、記、命名
37838,艾宣,3767,蘇軾,其他,書、畫為Y所稱道|稱道Y的書、畫|題Y之畫作|題畫詩文的作者為Y
3025,晁端友,3767,蘇軾,其他,收到Y的答書|書序由Y所作|為Y所著書作序|稱道Y的詩作|答Y書|詩作為Y所稱道
43985,段縫,3767,蘇軾,文學交往,致書Y|被致書由Y
43985,段縫,1762,王安石,文學交往,收到Y的答書|答Y書
37843,王頤,3767,蘇軾,其他,為Y作硯銘|硯銘由Y所作
3028,晁詠之,3767,蘇軾,其他,欣賞/器重|被Y欣賞/器重
3028,晁詠之,3029,晁說之,文學交往,書序由Y所作|為Y所著書作序
3028,晁詠之,1707,曾布,文學交往,致書Y|被致書由Y
3028,晁詠之,3081,陳師道,文學交往,收到Y的答書|答Y書
3029,晁說之,3767,蘇軾,其他,建築物得到Y的題詠、記、命名|推薦|書跋由Y所作|為Y之建築物題詠、記、命名|為Y所著書作跋|被Y推薦
3029,晁說之,1488,司馬光,其他,書跋由Y所作|欣賞/器重|為Y所著書作跋|稱道Y之節行|節行為Y所稱道|被Y欣賞/器重
3029,晁說之,13384,江端禮,墓誌傳記,墓誌銘由Y所作|為Y作墓誌銘
3029,晁說之,13798,王直方,墓誌傳記,墓誌銘由Y所作|為Y作墓誌銘
3029,晁說之,1453,沈遼,文學交往,書跋由Y所作|為Y所著書作跋
3029,晁說之,1651,蔡襄,文學交往,書跋由Y所作|為Y所著書作跋
3029,晁說之,3676,米芾,文學交往,書跋由Y所作|為Y所著書作跋
3029,晁說之,8145,王舉正,其他,書、畫由Y作跋|書跋由Y所作|為Y之書、畫作跋|為Y所著書作跋
3029,晁說之,20419,劉恕,其他,建築物得到Y的題詠、記、命名|書跋由Y所作|為Y之建築物題詠、記、命名|為Y所著書作跋
3029,晁說之,20457,劉羲仲,其他,建築物得到Y的題詠、記、命名|書跋由Y所作|為Y之建築物題詠、記、命名|為Y所著書作跋|致書Y|著作被Y評論|被致書由Y|評論Y之著作
3029,晁說之,3640,陸游,其他,世系碑記由Y所作|其書帖由Y作題|書跋由Y所作|為Y作世系碑記|為Y作祠記|為Y所著書作跋|祠記由Y所作|題Y的書帖
3029,晁說之,40312,李中,其他,從Y遊|從遊者為Y
3029,晁說之,1314,呂公著,其他,匾額、器銘由Y所篆|為Y作祭文|為Y篆匾額、器銘|祭文由Y所作
3029,晁說之,19865,李公麟,其他,書、畫由Y作跋|為Y之書、畫作跋|為Y作畫贊(畫像記)|畫贊(畫像記)由Y所作
3029,晁說之,1384,歐陽修,其他,為Y作畫贊(畫像記)|畫贊(畫像記)由Y所作
3029,晁說之,3105,程頤,文學交往,收到Y的答書|答Y書
982,李清臣,3767,蘇軾,友人,友|致書Y|被致書由Y
982,李清臣,13565,李昭玘,其他,推薦|文風為Y所稱道|稱道Y之文風|被Y推薦
982,李清臣,11793,孫洙,墓誌傳記,墓誌銘由Y所作|為Y作墓誌銘
982,李清臣,4001,魏了翁,文學交往,書跋由Y所作|為Y所著書作跋
982,李清臣,3105,程頤,其他,為Y作祭文|祭文由Y所作
982,李清臣,1493,蘇轍,其他,因與Y的交往受牽連|為Y之考官|考官為Y|與他的交往導致Y受牽連
982,李清臣,1417,畢仲游,文學交往,致書Y|被致書由Y
982,李清臣,1707,曾布,其他,被Y陷害|陷害Y
982,李清臣,1488,司馬光,其他,與Y旅遊
7126,陳希亮,3279,范鎮,墓誌傳記,墓誌銘由Y所作|為Y作墓誌銘
7126,陳希亮,3767,蘇軾,其他,傳記作者為Y|為Y作傳
13275,謝舉廉,3767,蘇軾,其他,以文章、學問受知於|稱道Y之文章、學問|稱道Y的詩作|致書Y|被致書由Y|詩作為Y所稱道
3037,錢俶,3595,劉克莊,文學交往,書跋由Y所作|為Y所著書作跋
3037,錢俶,3767,蘇軾,其他,廟碑記由Y所作|為Y作廟碑記
37856,王槩,3767,蘇軾,文學交往,致書Y|被致書由Y
3043,秦觀,3767,蘇軾,其他,建築物得到Y的題詠、記、命名|推薦Y參加制科考試|收到Y的答書|文風為Y所稱道|欣賞/器重|為Y之建築物題詠、記、命名|為Y作畫贊(畫像記)|畫贊(畫像記)由Y所作|稱道Y之文風|答Y書|致書Y|被Y推薦參加制科考試|被Y欣賞/器重|被致書由Y
3043,秦觀,3484,李之儀,其他,書跋由Y所作|為Y作祭文|為Y所著書作跋|祭文由Y所作
3043,秦觀,3624,樓鑰,其他,建築物得到Y的題詠、記、命名|書跋由Y所作|為Y之建築物題詠、記、命名|為Y所著書作跋
3043,秦觀,3640,陸游,文學交往,書跋由Y所作|為Y所著書作跋
3043,秦觀,7197,周必大,文學交往,書跋由Y所作|為Y所著書作跋
3043,秦觀,8078,李綱,文學交往,書跋由Y所作|為Y所著書作跋
3043,秦觀,3081,陳師道,其他,字說、名述由Y所作|為Y作字說、名述|致書Y|被致書由Y
3043,秦觀,53069,釋元淨,其他,佛寺記由Y所作|傳記作者為Y|為Y作佛寺記|為Y作傳|相唱和
3043,秦觀,1384,歐陽修,其他,為Y作祭文|祭文由Y所作
3043,秦觀,5095,薛氏(歐陽修妻),其他,為Y作祭文|祭文由Y所作
3043,秦觀,7364,曾鞏,其他,哀辭由Y所作|為Y作哀辭
3043,秦觀,1521,孫覺,其他,挽詩、詞由Y所作|為Y作挽詩、詞|致書Y|被致書由Y
3043,秦觀,11663,呂大臨,其他,挽詩、詞由Y所作|為Y作挽詩、詞
3043,秦觀,1314,呂公著,文學交往,致書Y|被致書由Y
3043,秦觀,1493,蘇轍,文學交往,致書Y|被致書由Y
3043,秦觀,29869,徐積,文學交往,致書Y|被致書由Y
3043,秦觀,46262,徐大正,其他,建築物得到Y的題詠、記、命名|為Y之建築物題詠、記、命名
3043,秦觀,43007,羅適,其他,為Y作祠記|祠記由Y所作
5095,薛氏(歐陽修妻),1493,蘇轍,墓誌傳記,墓誌銘由Y所作|為Y作墓誌銘
5095,薛氏(歐陽修妻),3767,蘇軾,其他,為Y作祭文|祭文由Y所作
1000,李之純,1953,文彥博,其他,推薦|被Y推薦
1000,李之純,1493,蘇轍,其他,因與Y的交往受牽連|得到Y的支持|支持|與他的交往導致Y受牽連
1000,李之純,3767,蘇軾,其他,得到Y的支持|支持|致書Y|被致書由Y
1000,李之純,1748,董敦逸,其他,其政策被Y反對/不支持|反對/不支持Y的政策
1000,李之純,3105,程頤,其他,為Y作祭文|祭文由Y所作
19437,趙宗瑗,3767,蘇軾,其他,為Y作祭文|祭文由Y所作
48114,陸惟忠,3767,蘇軾,墓誌傳記,墓誌銘由Y所作|為Y作墓誌銘|致書Y|被致書由Y
5108,王弗,3767,蘇軾,墓誌傳記,墓誌銘由Y所作|為Y作墓誌銘
5108,王弗,1493,蘇轍,其他,為Y作祭文|祭文由Y所作
5109,王閏之,3767,蘇軾,其他,書跋由Y所作|為Y作畫贊(畫像記)|為Y作祭文|為Y所著書作跋|畫贊(畫像記)由Y所作|祭文由Y所作
5111,劉氏(蘇舜元妻),3767,蘇軾,墓誌傳記,墓誌銘由Y所作|為Y作墓誌銘
41976,狄咸,3767,蘇軾,其他,匾額、器銘由Y所篆|建築物得到Y的題詠、記、命名|為Y之建築物題詠、記、命名|為Y篆匾額、器銘
7166,張田,1384,歐陽修,其他,推薦|被Y推薦
7166,張田,3767,蘇軾,其他,政績為Y所稱道|稱道Y之政績
46084,周尹,3767,蘇軾,文學交往,書跋由Y所作|為Y所著書作跋
39942,尹白,3767,蘇軾,其他,欣賞/器重|被Y欣賞/器重|題Y之畫作|題畫詩文的作者為Y
3081,陳師道,3767,蘇軾,其他,推薦|收到Y的答書|文風為Y所稱道|稱道Y之文風|答Y書|致書Y|被Y推薦|被致書由Y
3081,陳師道,7363,曾易占,墓誌傳記,墓誌銘由Y所作|為Y作墓誌銘|為Y作神道碑|神道碑由Y所作
3081,陳師道,1759,汪應辰,文學交往,書跋由Y所作|為Y所著書作跋
3081,陳師道,3640,陸游,文學交往,書跋由Y所作|為Y所著書作跋
3081,陳師道,27727,方回,其他,書跋由Y所作|為Y所著書作跋|著作被Y評論|評論Y之著作
3081,陳師道,27791,張侃,文學交往,書跋由Y所作|為Y所著書作跋
3081,陳師道,1384,歐陽修,其他,為Y作祭文|祭文由Y所作
3081,陳師道,7364,曾鞏,其他,從Y學|教授Y
3081,陳師道,20419,劉恕,其他,為Y作畫贊(畫像記)|畫贊(畫像記)由Y所作
3081,陳師道,8136,曾公亮,文學交往,致書Y|被致書由Y
3081,陳師道,3484,李之儀,文學交往,收到Y的答書|答Y書
3081,陳師道,13384,江端禮,文學交往,收到Y的答書|答Y書
3081,陳師道,16026,秦覯,文學交往,收到Y的答書|答Y書
3081,陳師道,20457,劉羲仲,其他,建築物得到Y的題詠、記、命名|為Y之建築物題詠、記、命名
7197,周必大,3640,陸游,其他,友|收到Y的贈詩、文|書跋由Y所作|為Y作祭文|為Y所著書作跋|祭文由Y所作|致書Y|被致書由Y|贈詩、文
7197,周必大,1384,歐陽修,其他,建築物得到Y的題詠、記、命名|書序由Y所作|書跋由Y所作|為Y之建築物題詠、記、命名|為Y所著書作序|為Y所著書作跋
7197,周必大,1493,蘇轍,文學交往,書序由Y所作|書跋由Y所作|為Y所著書作序|為Y所著書作跋
7197,周必大,3439,孔文仲,文學交往,書序由Y所作|為Y所著書作序
7197,周必大,7343,孫覿,文學交往,書序由Y所作|為Y所著書作序
7197,周必大,8116,蘇頌,文學交往,書序由Y所作|為Y所著書作序
7197,周必大,3624,樓鑰,其他,墓誌銘由Y所作|為Y作墓誌銘|為Y作神道碑|為Y作祠記|神道碑由Y所作|祠記由Y所作
7197,周必大,1195,劉奉世,文學交往,書跋由Y所作|為Y所著書作跋
7197,周必大,1220,劉攽,文學交往,書跋由Y所作|為Y所著書作跋
7197,周必大,1309,呂惠卿,其他,書、畫由Y作跋|書跋由Y所作|為Y之書、畫作跋|為Y所著書作跋
7197,周必大,1314,呂公著,其他,書跋由Y所作|為Y所著書作跋|稱道Y之節行|節行為Y所稱道
7197,周必大,1327,呂大防,其他,書、畫由Y作跋|書跋由Y所作|為Y之書、畫作跋|為Y所著書作跋
7197,周必大,1488,司馬光,文學交往,書跋由Y所作|為Y所著書作跋
7197,周必大,1521,孫覺,文學交往,書跋由Y所作|為Y所著書作跋
7197,周必大,1651,蔡襄,文學交往,書跋由Y所作|為Y所著書作跋
7197,周必大,1759,汪應辰,其他,書跋由Y所作|為Y作祭文|為Y所著書作跋|祭文由Y所作
7197,周必大,1762,王安石,文學交往,書跋由Y所作|為Y所著書作跋
7197,周必大,1953,文彥博,文學交往,書跋由Y所作|為Y所著書作跋
7197,周必大,3257,朱熹,文學交往,收到Y的答書|書跋由Y所作|為Y所著書作跋|答Y書|致書Y|被致書由Y
7197,周必大,3279,范鎮,文學交往,書跋由Y所作|為Y所著書作跋
7197,周必大,3580,劉敞,文學交往,書跋由Y所作|為Y所著書作跋
7197,周必大,3676,米芾,文學交往,書跋由Y所作|為Y所著書作跋
7197,周必大,3767,蘇軾,墓誌傳記,書跋由Y所作|為Y作神道碑|為Y所著書作跋|神道碑由Y所作
7197,周必大,7364,曾鞏,文學交往,書跋由Y所作|為Y所著書作跋
7197,周必大,8043,范仲淹,其他,其書帖由Y作題|書跋由Y所作|為Y所著書作跋|題Y的書帖
7197,周必大,8078,李綱,其他,書、畫由Y作跋|書跋由Y所作|為Y之書、畫作跋|為Y所著書作跋
7197,周必大,10173,文同,文學交往,書跋由Y所作|為Y所著書作跋
7197,周必大,16026,秦覯,文學交往,書跋由Y所作|為Y所著書作跋
7197,周必大,19699,張元幹,文學交往,書跋由Y所作|為Y所著書作跋
7197,周必大,19865,李公麟,其他,書、畫由Y作跋|書跋由Y所作|為Y之書、畫作跋|為Y所著書作跋
7197,周必大,48522,曾安止,文學交往,書跋由Y所作|為Y所著書作跋
7197,周必大,3828,唐坰,其他,建築物得到Y的題詠、記、命名|為Y之建築物題詠、記、命名
3105,程頤,1488,司馬光,其他,推薦|被Y推薦
3105,程頤,3257,朱熹,其他,年譜由Y所作|書跋由Y所作|為Y作年譜|為Y作祠記|為Y所著書作跋|祠記由Y所作
3105,程頤,4001,魏了翁,其他,書跋由Y所作|為Y作祠記|為Y所著書作跋|祠記由Y所作
3105,程頤,10084,吳澄,文學交往,書跋由Y所作|為Y所著書作跋
3105,程頤,15459,陳造,文學交往,書跋由Y所作|為Y所著書作跋
3105,程頤,28306,戴表元,文學交往,書跋由Y所作|為Y所著書作跋
3105,程頤,11663,呂大臨,其他,從Y遊|從遊者為Y|收到Y的答書|答Y書|致書Y|被致書由Y
3105,程頤,3767,蘇軾,其他,其學為Y所排|其黨攻訐Y|排Y之學|遭Y黨羽的攻訐
3105,程頤,1314,呂公著,其他,為Y作祭文|祭文由Y所作
3105,程頤,1953,文彥博,文學交往,致書Y|被致書由Y
3105,程頤,11316,朱長文,文學交往,收到Y的答書|答Y書
1062,李彌遜,3624,樓鑰,文學交往,書序由Y所作|為Y所著書作序
1062,李彌遜,1651,蔡襄,文學交往,書跋由Y所作|為Y所著書作跋
1062,李彌遜,3767,蘇軾,文學交往,書跋由Y所作|為Y所著書作跋
1062,李彌遜,19699,張元幹,文學交往,書跋由Y所作|為Y所著書作跋
1062,李彌遜,3257,朱熹,其他,書跋由Y所作|為Y之詩文作跋|為Y所著書作跋|詩文跋由Y所作
1062,李彌遜,8078,李綱,其他,為Y作祭文|祭文由Y所作
48180,崔閑,3767,蘇軾,師生,收到Y的贈詩、文|為Y之門人|贈詩、文|門人為Y
11316,朱長文,8085,林希,友人,友
11316,朱長文,3676,米芾,其他,墓表由Y所作|墓誌銘由Y所作|為Y作墓表|為Y作墓誌銘
11316,朱長文,3767,蘇軾,文學交往,致書Y|被致書由Y
1078,李師中,8043,范仲淹,其他,推薦|被Y推薦
1078,李師中,1488,司馬光,其他,得到Y的支持|推薦|支持|被Y推薦
1078,李師中,3767,蘇軾,其他,得到Y的支持|推薦|支持|被Y推薦
1078,李師中,1762,王安石,其他,反對/攻訐|遭到Y的反對/攻訐
1078,李師中,1309,呂惠卿,其他,排擠|遭Y排擠
1078,李師中,1417,畢仲游,文學交往,致書Y|被致書由Y
48194,崔子方,3767,蘇軾,師生,學生為Y|為Y之學生
1092,李大臨,1097,李定,其他,拒絕在Y主政的政府中任職|拒絕在Y的主政期出仕
1092,李大臨,3279,范鎮,其他,為Y作祭文|祭文由Y所作
1092,李大臨,1384,歐陽修,文學交往,收到Y的答書|答Y書
1092,李大臨,3767,蘇軾,文學交往,收到Y的答書|答Y書
13384,江端禮,29869,徐積,其他,與Y遊|論學
13384,江端禮,3767,蘇軾,其他,以文章、學問受知於|其學得到Y之讚揚|稱道Y之文章、學問|致書Y|被致書由Y|讚揚Y之學
1097,李定,3767,蘇軾,其他,彈劾|被Y彈劾
1097,李定,1762,王安石,師生,學生為Y|收到Y的答書|為Y之學生|答Y書
1097,李定,3849,丁隲,其他,拒為Y掾屬|欲辟Y為幕僚但被拒絕|為Y所辟|辟
1097,李定,1488,司馬光,其他,上奏論Y|被Y奏論
40010,胡伸,3767,蘇軾,其他,欣賞/器重|被Y欣賞/器重
27722,汪莘,3257,朱熹,其他,世系碑記由Y所作|收到Y的答書|欣賞/器重|為Y作世系碑記|為Y作祠記|祠記由Y所作|答Y書|致書Y|被Y欣賞/器重|被致書由Y
27722,汪莘,3767,蘇軾,文學交往,書序由Y所作|為Y所著書作序
27722,汪莘,29944,林表民,文學交往,書序由Y所作|為Y所著書作序
1099,李琮,3767,蘇軾,文學交往,收到Y的答書|答Y書
27727,方回,3257,朱熹,其他,學記（書院記）由Y所作|書序由Y所作|書跋由Y所作|為Y作學記（書院記）|為Y所著書作序|為Y所著書作跋|著作被Y評論|評論Y之著作
27727,方回,28306,戴表元,其他,書序由Y所作|為Y作臨別贈言(送別詩、序)|為Y所作詩文作序|為Y所著書作序|相唱和|臨別得到Y所作贈言(送別詩、序)|詩文序由Y所作
27727,方回,1762,王安石,其他,書跋由Y所作|為Y所著書作跋|著作被Y評論|評論Y之著作
27727,方回,3595,劉克莊,文學交往,書跋由Y所作|為Y所著書作跋
27727,方回,3640,陸游,文學交往,書跋由Y所作|為Y所著書作跋
27727,方回,3767,蘇軾,其他,書跋由Y所作|為Y所著書作跋|著作被Y評論|評論Y之著作
27727,方回,8046,馮澥,文學交往,書跋由Y所作|為Y所著書作跋
27727,方回,14228,周紫芝,其他,書跋由Y所作|為Y所著書作跋|著作被Y評論|評論Y之著作
27727,方回,27853,程鉅夫,其他,為Y作臨別贈言(送別詩、序)|臨別得到Y所作贈言(送別詩、序)
21592,張縝,3767,蘇軾,其他,稱道Y的詩作|詩作為Y所稱道
44122,俞括,3767,蘇軾,其他,以文章、學問受知於|收到Y的答書|欣賞/器重|稱道Y之文章、學問|答Y書|致書Y|被Y欣賞/器重|被致書由Y
7263,葛勝仲,7343,孫覿,文學交往,書序由Y所作|為Y所著書作序|致書Y|被致書由Y
7263,葛勝仲,1651,蔡襄,文學交往,書跋由Y所作|為Y所著書作跋
7263,葛勝仲,3767,蘇軾,文學交往,書跋由Y所作|為Y所著書作跋
7263,葛勝仲,21820,錢顗,其他,建築物得到Y的題詠、記、命名|為Y之建築物題詠、記、命名
15459,陳造,3640,陸游,文學交往,書序由Y所作|為Y所著書作序
15459,陳造,1521,孫覺,文學交往,書跋由Y所作|為Y所著書作跋
15459,陳造,1542,孫升,其他,其書帖由Y作題|書跋由Y所作|為Y所著書作跋|題Y的書帖
15459,陳造,3279,范鎮,文學交往,書跋由Y所作|為Y所著書作跋
15459,陳造,3672,毛滂,其他,書跋由Y所作|為Y之詩文作跋|為Y所著書作跋|詩文跋由Y所作
15459,陳造,3767,蘇軾,文學交往,書跋由Y所作|為Y所著書作跋
15459,陳造,14228,周紫芝,文學交往,書跋由Y所作|為Y所著書作跋
42086,李康年,3767,蘇軾,其他,從Y遊|從遊者為Y|收到Y的答書|答Y書|致書Y|被致書由Y
27761,陳舜俞,3624,樓鑰,文學交往,書序由Y所作|為Y所著書作序
27761,陳舜俞,3640,陸游,墓誌傳記,墓誌銘由Y所作|書跋由Y所作|為Y作墓誌銘|為Y所著書作跋
27761,陳舜俞,3767,蘇軾,其他,為Y作祝詞|為Y作祭文|祝詞由Y所作|祭文由Y所作
27761,陳舜俞,1384,歐陽修,文學交往,致書Y|被致書由Y
27761,陳舜俞,1449,沈遘,其他,建築物得到Y的題詠、記、命名|為Y之建築物題詠、記、命名|為Y作祠記|祠記由Y所作
27761,陳舜俞,7343,孫覿,其他,建築物得到Y的題詠、記、命名|為Y之建築物題詠、記、命名
7282,李育,3762,蘇洵,友人,友
7282,李育,3767,蘇軾,其他,哀辭由Y所作|為Y作哀辭
7282,李育,10173,文同,其他,哀辭由Y所作|為Y作哀辭
46194,徐信,3767,蘇軾,其他,受到Y拜訪|拜訪
38007,王元甫,3767,蘇軾,其他,拒絕會面|會面的邀請被Y拒絕
27769,郭祥正,1762,王安石,文學交往,致書Y|被致書由Y
27769,郭祥正,3767,蘇軾,文學交往,致書Y|被致書由Y
27773,高登,8078,李綱,其他,得到Y的支持|支持
27773,高登,8085,林希,文學交往,書序由Y所作|為Y所著書作序
27773,高登,3257,朱熹,其他,世系碑記由Y所作|某事由Y所乞|為Y乞某事|為Y作世系碑記|為Y作祭文|祭文由Y所作
27773,高登,3767,蘇軾,其他,為Y作畫贊(畫像記)|畫贊(畫像記)由Y所作
42112,何頡,3767,蘇軾,其他,從Y遊|從遊者為Y
25731,程驤,1493,蘇轍,其他,文風效法Y|文風為Y所效法
25731,程驤,3762,蘇洵,其他,文風效法Y|文風為Y所效法
25731,程驤,3767,蘇軾,其他,文風效法Y|文風為Y所效法
7308,歐陽發,3767,蘇軾,其他,友|為Y作祭文|祭文由Y所作
7308,歐陽發,1384,歐陽修,文學交往,致書Y|被致書由Y
27791,張侃,3767,蘇軾,其他,為Y作畫贊(畫像記)|畫贊(畫像記)由Y所作
11415,方子容,3595,劉克莊,其他,收藏品由Y作跋|書跋由Y所作|為Y之收藏作跋|為Y所著書作跋
11415,方子容,3767,蘇軾,其他,建築物得到Y的題詠、記、命名|文風效法Y|文風為Y所效法|為Y之建築物題詠、記、命名|相唱和|致書Y|被致書由Y
1188,劉瑾,1762,王安石,文學交往,致書Y|被致書由Y
1188,劉瑾,3767,蘇軾,文學交往,收到Y的答書|答Y書
23723,丘崇,3767,蘇軾,其他,從Y遊|從遊者為Y
1195,劉奉世,1417,畢仲游,文學交往,致書Y|被致書由Y
1195,劉奉世,3767,蘇軾,文學交往,致書Y|被致書由Y
29869,徐積,1759,汪應辰,墓誌傳記,書跋由Y所作|為Y作行狀|為Y所著書作跋|行狀由Y所作
29869,徐積,3640,陸游,文學交往,書跋由Y所作|為Y所著書作跋
29869,徐積,3767,蘇軾,文學交往,致書Y|被致書由Y
7343,孫覿,8079,李光,其他,上奏論Y|反對/攻訐|致書Y|被Y奏論|被致書由Y|遭到Y的反對/攻訐
7343,孫覿,1309,呂惠卿,其他,書、畫由Y作跋|書序由Y所作|書跋由Y所作|為Y之書、畫作跋|為Y所著書作序|為Y所著書作跋
7343,孫覿,3767,蘇軾,文學交往,書跋由Y所作|為Y所著書作跋
7343,孫覿,3257,朱熹,其他,傳記作者為Y|批評|為Y作傳|被Y批評
7343,孫覿,1384,歐陽修,其他,建築物得到Y的題詠、記、命名|為Y之建築物題詠、記、命名
7343,孫覿,1488,司馬光,其他,建築物得到Y的題詠、記、命名|為Y之建築物題詠、記、命名
7343,孫覿,1762,王安石,其他,著作被Y評論|評論Y之著作
1202,劉誼,3767,蘇軾,文學交往,致書Y|被致書由Y
46262,徐大正,3767,蘇軾,友人,友|致書Y|被致書由Y
3256,朱服,3767,蘇軾,師生,友|學生為Y|為Y之學生|致書Y|被致書由Y
3257,朱熹,3624,樓鑰,其他,上奏論Y|得到Y的支持|支持|收到Y的答書|書跋由Y所作|為Y所著書作跋|答Y書|被Y奏論|論學
3257,朱熹,1488,司馬光,文學交往,書序由Y所作|書跋由Y所作|為Y所著書作序|為Y所著書作跋
3257,朱熹,4001,魏了翁,其他,其學為Y所私淑|書序由Y所作|書跋由Y所作|為Y所著書作序|為Y所著書作跋|私淑Y之學
3257,朱熹,7364,曾鞏,文學交往,書序由Y所作|書跋由Y所作|為Y所著書作序|為Y所著書作跋
3257,朱熹,8078,李綱,其他,建築物得到Y的題詠、記、命名|書序由Y所作|書跋由Y所作|為Y之建築物題詠、記、命名|為Y作祠記|為Y所著書作序|為Y所著書作跋|祠記由Y所作
3257,朱熹,8079,李光,墓誌傳記,墓誌銘由Y所作|為Y作墓誌銘
3257,朱熹,1314,呂公著,其他,書跋由Y所作|為Y所著書作跋|稱道Y之節行|節行為Y所稱道
3257,朱熹,1327,呂大防,其他,書跋由Y所作|為Y所著書作跋|編輯Y之詩/文|詩/文由Y編輯
3257,朱熹,1384,歐陽修,其他,傳記作者為Y|書跋由Y所作|為Y作傳|為Y所著書作跋
3257,朱熹,1417,畢仲游,文學交往,書跋由Y所作|為Y所著書作跋
3257,朱熹,1493,蘇轍,文學交往,書跋由Y所作|為Y所著書作跋
3257,朱熹,1651,蔡襄,文學交往,書跋由Y所作|為Y所著書作跋
3257,朱熹,1759,汪應辰,其他,收到Y的答書|書跋由Y所作|為Y作祭文|為Y所著書作跋|祭文由Y所作|答Y書|致書Y|被致書由Y
3257,朱熹,1762,王安石,文學交往,書跋由Y所作|為Y所著書作跋
3257,朱熹,3279,范鎮,文學交往,書跋由Y所作|為Y所著書作跋
3257,朱熹,3640,陸游,文學交往,書跋由Y所作|為Y所著書作跋|致書Y|被致書由Y
3257,朱熹,3676,米芾,其他,書、畫由Y作跋|書跋由Y所作|為Y之書、畫作跋|為Y所著書作跋
3257,朱熹,3767,蘇軾,文學交往,書跋由Y所作|為Y所著書作跋
3257,朱熹,8043,范仲淹,其他,其書帖由Y作題|書跋由Y所作|為Y之詩文作跋|為Y所著書作跋|詩文跋由Y所作|題Y的書帖
3257,朱熹,8085,林希,其他,收藏品由Y作跋|書跋由Y所作|為Y之收藏作跋|為Y所著書作跋
3257,朱熹,3595,劉克莊,其他,學記（書院記）由Y所作|書跋由Y所作|為Y作學記（書院記）|為Y作諡議|為Y所著書作跋|諡議由Y所作
3257,朱熹,10084,吳澄,文學交往,書跋由Y所作|為Y所著書作跋
3257,朱熹,27853,程鉅夫,文學交往,書跋由Y所作|為Y所著書作跋
3257,朱熹,28306,戴表元,文學交往,書跋由Y所作|為Y所著書作跋
3257,朱熹,28617,王惲,文學交往,書跋由Y所作|為Y所著書作跋
3257,朱熹,8116,蘇頌,其他,世系碑記由Y所作|為Y作世系碑記
7363,曾易占,1762,王安石,其他,墓誌銘由Y所作|為Y作墓誌銘|為Y作祭文|祭文由Y所作
7363,曾易占,7364,曾鞏,其他,墓誌銘由Y所作|為Y作墓誌銘|為Y作祭文|祭文由Y所作
7363,曾易占,3767,蘇軾,其他,建築物得到Y的題詠、記、命名|為Y之建築物題詠、記、命名
1220,劉攽,3767,蘇軾,友人,友|致書Y|被致書由Y
1220,劉攽,1384,歐陽修,其他,推薦|致書Y|被Y推薦|被致書由Y
1220,劉攽,3580,劉敞,墓誌傳記,書序由Y所作|為Y作行狀|為Y所著書作序|行狀由Y所作
1220,劉攽,1759,汪應辰,文學交往,書跋由Y所作|為Y所著書作跋
1220,劉攽,1762,王安石,其他,其政策被Y反對/不支持|反對/不支持Y的政策|致書Y|被致書由Y
1220,劉攽,1521,孫覺,其他,佛寺記由Y所作|建築物得到Y的題詠、記、命名|為Y之建築物題詠、記、命名|為Y作佛寺記
1220,劉攽,1488,司馬光,其他,合撰(編)著作
1220,劉攽,1417,畢仲游,文學交往,收到Y的答書|答Y書|致書Y|被致書由Y
1220,劉攽,1953,文彥博,文學交往,致書Y|被致書由Y
7364,曾鞏,1762,王安石,友人,友|收到Y的答書|答Y書|致書Y|被致書由Y
7364,曾鞏,3767,蘇軾,友人,友|致書Y|被致書由Y
7364,曾鞏,1384,歐陽修,師生,學生為Y|建築物得到Y的題詠、記、命名|推薦|收到Y的答書|為Y之學生|為Y之建築物題詠、記、命名|為Y作祭文|為Y作臨別贈言(送別詩、序)|祭文由Y所作|答Y書|臨別得到Y所作贈言(送別詩、序)|致書Y|被Y推薦|被致書由Y
7364,曾鞏,27853,程鉅夫,文學交往,書序由Y所作|為Y所著書作序
7364,曾鞏,3761,蘇序,墓誌傳記,墓誌銘由Y所作|為Y作墓誌銘
7364,曾鞏,1453,沈遼,其他,為Y作祭文|祭文由Y所作
7364,曾鞏,3762,蘇洵,其他,哀辭由Y所作|為Y作哀辭
7364,曾鞏,1651,蔡襄,文學交往,收到Y的答書|答Y書|致書Y|被致書由Y
7364,曾鞏,1343,馬瑊,文學交往,收到Y的贈詩、文|贈詩、文
7364,曾鞏,1555,孫永,其他,建築物得到Y的題詠、記、命名|為Y之建築物題詠、記、命名
7364,曾鞏,27957,吳師道,其他,為Y作祠記|祠記由Y所作
19661,李隲,3767,蘇軾,師生,學生為Y|為Y之學生
27853,程鉅夫,1488,司馬光,文學交往,書序由Y所作|為Y所著書作序
27853,程鉅夫,1505,蘇舜元,文學交往,書跋由Y所作|為Y所著書作跋
27853,程鉅夫,3767,蘇軾,文學交往,書跋由Y所作|為Y所著書作跋
27853,程鉅夫,4001,魏了翁,文學交往,書跋由Y所作|為Y所著書作跋
27853,程鉅夫,10084,吳澄,其他,向Y致賀|建築物得到Y的題詠、記、命名|從Y處收到賀詞 (occasion)|為Y之建築物題詠、記、命名|為Y之詩文作跋|詩文跋由Y所作
27853,程鉅夫,28617,王惲,其他,挽詩、詞由Y所作|為Y作挽詩、詞
3279,范鎮,1488,司馬光,其他,傳記作者為Y|友|同年友|同道|墓誌銘由Y所作|收到Y的答書|為Y作傳|為Y作墓誌銘|相唱和|答Y書|致書Y|被致書由Y
3279,范鎮,3767,蘇軾,其他,墓誌銘由Y所作|收到Y的答書|欣賞/器重|為Y作墓誌銘|為Y作祭文|祭文由Y所作|稱道Y之節行|答Y書|節行為Y所稱道|致書Y|被Y欣賞/器重|被致書由Y
3279,范鎮,1493,蘇轍,其他,書序由Y所作|為Y作祭文|為Y所著書作序|祭文由Y所作
3279,范鎮,1759,汪應辰,文學交往,書跋由Y所作|為Y所著書作跋
3279,范鎮,1762,王安石,其他,不合
3279,范鎮,1314,呂公著,其他,相唱和
3279,范鎮,7376,王詵,其他,為Y作臨別贈言(送別詩、序)|臨別得到Y所作贈言(送別詩、序)
3279,范鎮,1953,文彥博,其他,同會
3279,范鎮,1384,歐陽修,文學交往,致書Y|被致書由Y
3279,范鎮,14299,李廌,其他,學記（書院記）由Y所作|建築物得到Y的題詠、記、命名|為Y之建築物題詠、記、命名|為Y作學記（書院記）
7376,王詵,3767,蘇軾,其他,友|建築物得到Y的題詠、記、命名|收到Y的贈詩、文|為Y之建築物題詠、記、命名|致書Y|被致書由Y|贈詩、文
7376,王詵,10084,吳澄,文學交往,書跋由Y所作|為Y所著書作跋
7375,王庠,3767,蘇軾,文學交往,致書Y|被致書由Y
3283,范百嘉,3767,蘇軾,文學交往,致書Y|被致書由Y
7383,王子韶,1762,王安石,其他,恩主是Y|推薦|是Y的恩主|被Y推薦
7383,王子韶,1417,畢仲游,文學交往,致書Y|被致書由Y
7383,王子韶,3767,蘇軾,文學交往,收到Y的答書|答Y書
40160,杜介,3767,蘇軾,文學交往,致書Y|被致書由Y
36071,傅質,3767,蘇軾,文學交往,致書Y|被致書由Y
46314,徐問真,1384,歐陽修,友人,友
46314,徐問真,3767,蘇軾,其他,被Y醫愈|醫愈
19691,張?,3767,蘇軾,其他,推薦|被Y推薦
19691,張?,1759,汪應辰,文學交往,書跋由Y所作|為Y所著書作跋
19699,張元幹,8078,李綱,其他,因與Y的交往受牽連|書跋由Y所作|為Y作祭文|為Y所著書作跋|祭文由Y所作|與他的交往導致Y受牽連
19699,張元幹,8079,李光,文學交往,書跋由Y所作|為Y所著書作跋
19699,張元幹,3676,米芾,其他,書、畫由Y作跋|書跋由Y所作|為Y之書、畫作跋|為Y所著書作跋
19699,張元幹,3767,蘇軾,文學交往,書跋由Y所作|為Y所著書作跋
29944,林表民,3484,李之儀,文學交往,書序由Y所作|為Y所著書作序
29944,林表民,8043,范仲淹,文學交往,書序由Y所作|為Y所著書作序
29944,林表民,3767,蘇軾,文學交往,書跋由Y所作|為Y所著書作跋
13565,李昭玘,1493,蘇轍,其他,為Y學派的成員|致書Y|被致書由Y|該學派的成員為Y
13565,李昭玘,3767,蘇軾,其他,建築物得到Y的題詠、記、命名|收到Y的答書|收到Y的贈詩、文|書跋由Y所作|為Y之建築物題詠、記、命名|為Y學派的成員|為Y所著書作跋|答Y書|致書Y|被致書由Y|該學派的成員為Y|贈詩、文
13565,李昭玘,22342,吳琯,墓誌傳記,墓誌銘由Y所作|為Y作墓誌銘
13565,李昭玘,1521,孫覺,其他,文風為Y所稱道|稱道Y之文風|致書Y|被致書由Y
11541,潘大臨,3767,蘇軾,其他,從Y遊|從遊者為Y
1301,呂仲甫,3767,蘇軾,其他,相唱和
1306,呂希道,3767,蘇軾,文學交往,收到Y的答書|答Y書
1309,呂惠卿,1707,曾布,其他,同僚|同年友|忌/惡|排擠|為Y所忌/惡|遭Y排擠
1309,呂惠卿,3767,蘇軾,其他,同年友
1309,呂惠卿,1384,歐陽修,其他,推薦|為Y之考官|考官為Y|被Y推薦
1309,呂惠卿,1762,王安石,其他,推薦|收到Y的啓|收到Y的答書|政見趨同|答Y書|致Y啓|致書Y|被Y推薦|被Y陷害|被致書由Y|陷害Y
1309,呂惠卿,1493,蘇轍,其他,反對/攻訐|遭到Y的反對/攻訐
1309,呂惠卿,1645,蔡承禧,其他,反對/攻訐|遭到Y的反對/攻訐
1309,呂惠卿,1789,王兢,其他,為Y所辟|辟
1309,呂惠卿,1408,蒲宗孟,其他,得到Y的支持|支持
1309,呂惠卿,1417,畢仲游,文學交往,致書Y|被致書由Y
1309,呂惠卿,1449,沈遘,文學交往,致書Y|被致書由Y
1309,呂惠卿,3672,毛滂,文學交往,致書Y|被致書由Y
99613,趙昶,3767,蘇軾,文學交往,致書Y|被致書由Y
1314,呂公著,1488,司馬光,友人,友|致書Y|被致書由Y
1314,呂公著,1384,歐陽修,其他,推薦|收到Y的答書|答Y書|致書Y|被Y推薦|被致書由Y
1314,呂公著,1762,王安石,其他,推薦|致書Y|被Y推薦|被致書由Y
1314,呂公著,1759,汪應辰,其他,書序由Y所作|書跋由Y所作|為Y所著書作序|為Y所著書作跋|稱道Y之節行|節行為Y所稱道|著作被Y評論|評論Y之著作
1314,呂公著,4001,魏了翁,其他,書跋由Y所作|為Y之詩文作跋|為Y所著書作跋|詩文跋由Y所作
1314,呂公著,1417,畢仲游,其他,為Y作祭文|祭文由Y所作
1314,呂公著,3767,蘇軾,文學交往,致書Y|被致書由Y
1314,呂公著,1953,文彥博,文學交往,致書Y|被致書由Y
13612,張恕,1493,蘇轍,友人,友
13612,張恕,3767,蘇軾,其他,友|字說、名述由Y所作|為Y作字說、名述|致書Y|被致書由Y
1324,呂陶,1762,王安石,其他,其政策被Y反對/不支持|反對/不支持Y的政策|排擠|為Y之門客|遭Y排擠|門客為Y
1324,呂陶,26404,家定國,墓誌傳記,墓誌銘由Y所作|為Y作墓誌銘
1324,呂陶,3766,蘇不欺,墓誌傳記,墓誌銘由Y所作|為Y作墓誌銘
1324,呂陶,3767,蘇軾,文學交往,收到Y的答書|答Y書
1324,呂陶,10173,文同,其他,建築物得到Y的題詠、記、命名|為Y之建築物題詠、記、命名
1327,呂大防,427910,郭景脩,其他,推薦|被Y推薦
1327,呂大防,8085,林希,其他,反對/攻訐|遭到Y的反對/攻訐
1327,呂大防,8126,鄧潤甫,其他,得到Y的支持|支持
1327,呂大防,3767,蘇軾,文學交往,致書Y|被致書由Y
1327,呂大防,11663,呂大臨,文學交往,致書Y|被致書由Y
1327,呂大防,1384,歐陽修,文學交往,致書Y|被致書由Y
27957,吳師道,1384,歐陽修,文學交往,書跋由Y所作|為Y所著書作跋
27957,吳師道,1762,王安石,文學交往,書跋由Y所作|為Y所著書作跋
27957,吳師道,3676,米芾,文學交往,書跋由Y所作|為Y所著書作跋
27957,吳師道,3767,蘇軾,其他,傳記作者為Y|書跋由Y所作|為Y作傳|為Y作畫贊(畫像記)|為Y所著書作跋|畫贊(畫像記)由Y所作
27957,吳師道,14299,李廌,文學交往,書跋由Y所作|為Y所著書作跋
27957,吳師道,19865,李公麟,文學交往,書跋由Y所作|為Y所著書作跋
27957,吳師道,48614,黃寔,文學交往,書跋由Y所作|為Y所著書作跋
27957,吳師道,10084,吳澄,其他,書、畫由Y作跋|為Y之書、畫作跋
27957,吳師道,1488,司馬光,其他,建築物得到Y的題詠、記、命名|為Y之建築物題詠、記、命名
19771,李彭,3767,蘇軾,文學交往,致書Y|被致書由Y
21820,錢顗,1762,王安石,其他,其政策被Y反對/不支持|反對/不支持Y的政策
21820,錢顗,3767,蘇軾,文學交往,收到Y的贈詩、文|贈詩、文
1343,馬瑊,3767,蘇軾,文學交往,致書Y|被致書由Y
44357,姚安世,3767,蘇軾,其他,收到Y的贈詩、文|稱道Y的詩作|詩作為Y所稱道|贈詩、文
44358,柳閎,3767,蘇軾,其他,書、畫由Y作跋|為Y之書、畫作跋
1359,梅摯,1384,歐陽修,其他,建築物得到Y的題詠、記、命名|為Y之建築物題詠、記、命名|致書Y|被致書由Y
1359,梅摯,3767,蘇軾,文學交往,致書Y|被致書由Y
1359,梅摯,1488,司馬光,其他,收到Y的答啓|答Y啓
25939,方其義,3595,劉克莊,墓誌傳記,墓誌銘由Y所作|為Y作墓誌銘
25939,方其義,3767,蘇軾,其他,文風效法Y|文風為Y所效法
3415,黃孝先,1408,蒲宗孟,墓誌傳記,墓誌銘由Y所作|為Y作墓誌銘
3415,黃孝先,3767,蘇軾,其他,書跋由Y所作|為Y所作詩文作序|為Y所著書作跋|詩文序由Y所作
3415,黃孝先,1651,蔡襄,其他,為Y作臨別贈言(送別詩、序)|臨別得到Y所作贈言(送別詩、序)
1384,歐陽修,3767,蘇軾,其他,以文章、學問受知於|推薦|推薦Y參加制科考試|書序由Y所作|書跋由Y所作|為Y作祭文|為Y所著書作序|為Y所著書作跋|祭文由Y所作|稱道Y之文章、學問|致書Y|被Y推薦|被Y推薦參加制科考試|被致書由Y|黨羽為Y|黨魁為Y
1384,歐陽修,1651,蔡襄,其他,友|墓誌銘由Y所作|學記（書院記）由Y所作|收到Y的答書|書序由Y所作|書跋由Y所作|為Y作墓誌銘|為Y作學記（書院記）|為Y作祭文|為Y所著書作序|為Y所著書作跋|祭文由Y所作|答Y書|致書Y|被致書由Y
1384,歐陽修,8043,范仲淹,其他,推薦|收到Y的答書|為Y作神道碑|為Y作祭文|神道碑由Y所作|祭文由Y所作|答Y書|致書Y|被Y推薦|被致書由Y
1384,歐陽修,1488,司馬光,其他,推薦|致書Y|被Y推薦|被致書由Y
1384,歐陽修,1762,王安石,師生,不合|學生為Y|推薦|收到Y的啓|為Y之學生|為Y作祭文|祭文由Y所作|致Y啓|致書Y|被Y推薦|被致書由Y
1384,歐陽修,3762,蘇洵,其他,墓誌銘由Y所作|推薦|收到Y的啓|為Y作墓誌銘|致Y啓|致書Y|被Y推薦|被致書由Y
1384,歐陽修,11793,孫洙,其他,推薦|被Y推薦
1384,歐陽修,3484,李之儀,其他,書序由Y所作|為Y作畫贊(畫像記)|為Y所著書作序|畫贊(畫像記)由Y所作
1384,歐陽修,4001,魏了翁,文學交往,書序由Y所作|為Y所著書作序
1384,歐陽修,3580,劉敞,其他,墓誌銘由Y所作|為Y作墓誌銘|為Y作祭文|祭文由Y所作|致書Y|被致書由Y|論學
1384,歐陽修,1493,蘇轍,其他,墓誌銘由Y所作|為Y作墓誌銘|為Y作神道碑|為Y作祭文|神道碑由Y所作|祭文由Y所作
1384,歐陽修,8145,王舉正,其他,收到Y的啓|書、畫由Y作跋|書跋由Y所作|為Y之書、畫作跋|為Y所著書作跋|致Y啓
1384,歐陽修,3595,劉克莊,文學交往,書跋由Y所作|為Y所著書作跋
1384,歐陽修,3624,樓鑰,文學交往,書跋由Y所作|為Y所著書作跋
1384,歐陽修,3640,陸游,文學交往,書跋由Y所作|為Y所著書作跋
1384,歐陽修,8078,李綱,文學交往,書跋由Y所作|為Y所著書作跋
1384,歐陽修,10084,吳澄,文學交往,書跋由Y所作|為Y所著書作跋
1384,歐陽修,2020,楊蟠,其他,稱道Y的詩作|詩作為Y所稱道
1384,歐陽修,1417,畢仲游,文學交往,致書Y|被致書由Y
1384,歐陽修,1449,沈遘,文學交往,致書Y|被致書由Y
1384,歐陽修,1635,刁約,文學交往,致書Y|被致書由Y
1384,歐陽修,1828,王益柔,文學交往,致書Y|被致書由Y
1384,歐陽修,1881,王素,文學交往,致書Y|被致書由Y
1384,歐陽修,1953,文彥博,其他,收到Y的啓|收到Y的答啓|收到Y的答書|答Y啓|答Y書|致Y啓|致書Y|被致書由Y
1384,歐陽修,8022,趙槩,文學交往,致書Y|被致書由Y
1384,歐陽修,8116,蘇頌,文學交往,致書Y|被致書由Y
1384,歐陽修,8118,孫沔,其他,某事由Y所乞|為Y乞某事|致書Y|被致書由Y
1384,歐陽修,8136,曾公亮,文學交往,致書Y|被致書由Y
1384,歐陽修,14228,周紫芝,其他,著作被Y評論|評論Y之著作
1384,歐陽修,8127,狄青,其他,上奏論Y|被Y奏論
3439,孔文仲,1953,文彥博,其他,推薦|被Y推薦
3439,孔文仲,3849,丁隲,其他,推薦|被Y推薦
3439,孔文仲,3767,蘇軾,其他,欣賞/器重|被Y欣賞/器重
3439,孔文仲,8116,蘇頌,墓誌傳記,墓誌銘由Y所作|為Y作墓誌銘
3439,孔文仲,1762,王安石,其他,其政策被Y反對/不支持|反對/不支持Y的政策
3439,孔文仲,1488,司馬光,文學交往,收到Y的答書|答Y書
40308,釋繼連,3767,蘇軾,其他,佛寺記由Y所作|建築物得到Y的題詠、記、命名|為Y之建築物題詠、記、命名|為Y作佛寺記
40312,李中,3767,蘇軾,其他,其學為Y所宗|宗Y之學
42362,邵迎,3767,蘇軾,其他,其學術作品由Y編輯|書序由Y所作|為Y所著書作序|編輯Y之詩/文|編輯Y的學術作品|詩/文由Y編輯
11645,蘇嘉,3767,蘇軾,友人,友
1408,蒲宗孟,1488,司馬光,其他,其政策被Y反對/不支持|反對/不支持Y的政策
1408,蒲宗孟,3767,蘇軾,文學交往,致書Y|被致書由Y
1408,蒲宗孟,8085,林希,文學交往,致書Y|被致書由Y
52609,鍾棐,3767,蘇軾,其他,哀辭由Y所作|為Y作哀辭
52609,鍾棐,3762,蘇洵,其他,與Y遊
1414,鮑由,3767,蘇軾,友人,友
1414,鮑由,1762,王安石,師生,學生為Y|為Y之學生|為Y學派的成員|該學派的成員為Y
44423,柳瑾,3767,蘇軾,其他,收藏品由Y作跋|書序由Y所作|為Y之收藏作跋|為Y作祭文|為Y所著書作序|祭文由Y所作
1417,畢仲游,3767,蘇軾,師生,為Y之門人|致書Y|被致書由Y|門人為Y
1417,畢仲游,1789,王兢,墓誌傳記,墓誌銘由Y所作|為Y作墓誌銘
1417,畢仲游,1953,文彥博,其他,為Y作祭文|祭文由Y所作
1417,畢仲游,8136,曾公亮,其他,為Y作祭文|祭文由Y所作
1417,畢仲游,1488,司馬光,文學交往,致書Y|被致書由Y
1417,畢仲游,1493,蘇轍,文學交往,致書Y|被致書由Y
1417,畢仲游,8116,蘇頌,文學交往,致書Y|被致書由Y
1417,畢仲游,8043,范仲淹,其他,建築物得到Y的題詠、記、命名|為Y之建築物題詠、記、命名
48522,曾安止,3767,蘇軾,文學交往,收到Y的贈詩、文|贈詩、文
42382,何德順,3767,蘇軾,其他,建築物得到Y的題詠、記、命名|為Y之建築物題詠、記、命名|致書Y|被致書由Y
11663,呂大臨,1759,汪應辰,其他,書跋由Y所作|為Y所著書作跋|著作被Y評論|評論Y之著作
11663,呂大臨,1648,蔡肇,其他,論學
11663,呂大臨,1953,文彥博,其他,論學
11663,呂大臨,3580,劉敞,其他,論學
11663,呂大臨,3767,蘇軾,其他,論學
11663,呂大臨,8116,蘇頌,其他,論學
11663,呂大臨,19865,李公麟,其他,論學
21903,吳默,3767,蘇軾,文學交往,致書Y|被致書由Y
38296,王公輔,3767,蘇軾,其他,欣賞/器重|被Y欣賞/器重
19865,李公麟,19869,李亮工,友人,友
19865,李公麟,1759,汪應辰,其他,書、畫由Y作跋|書跋由Y所作|為Y之書、畫作跋|為Y所著書作跋
19865,李公麟,3595,劉克莊,其他,書、畫由Y作跋|書跋由Y所作|為Y之書、畫作跋|為Y所著書作跋
19865,李公麟,3624,樓鑰,其他,書、畫由Y作跋|書跋由Y所作|為Y之書、畫作跋|為Y所著書作跋
19865,李公麟,3767,蘇軾,其他,書、畫由Y作跋|書跋由Y所作|為Y之書、畫作跋|為Y所著書作跋|致書Y|被致書由Y
19865,李公麟,10084,吳澄,文學交往,書跋由Y所作|為Y所著書作跋
19865,李公麟,28306,戴表元,文學交往,書跋由Y所作|為Y所著書作跋
19865,李公麟,28617,王惲,文學交往,書跋由Y所作|為Y所著書作跋
19865,李公麟,3484,李之儀,其他,書、畫由Y作跋|為Y之書、畫作跋|為Y作畫贊(畫像記)|畫贊(畫像記)由Y所作
19865,李公麟,3676,米芾,其他,建築物得到Y的題詠、記、命名|書、畫由Y作跋|為Y之建築物題詠、記、命名|為Y之書、畫作跋
19865,李公麟,14228,周紫芝,其他,書、畫由Y作跋|為Y之書、畫作跋|為Y作畫贊(畫像記)|畫贊(畫像記)由Y所作
3484,李之儀,1453,沈遼,文學交往,書跋由Y所作|為Y所著書作跋
3484,李之儀,1651,蔡襄,文學交往,書跋由Y所作|為Y所著書作跋
3484,李之儀,1762,王安石,文學交往,書跋由Y所作|為Y所著書作跋
3484,李之儀,1951,文勛,其他,書、畫由Y作跋|書跋由Y所作|為Y之書、畫作跋|為Y所著書作跋
3484,李之儀,3676,米芾,其他,書、畫由Y作跋|書跋由Y所作|為Y之書、畫作跋|為Y所著書作跋
3484,李之儀,3767,蘇軾,其他,因與Y的交往受牽連|幕僚為Y|收到Y的答書|書跋由Y所作|為Y之幕僚|為Y作畫贊(畫像記)|為Y所著書作跋|畫贊(畫像記)由Y所作|答Y書|與他的交往導致Y受牽連
3484,李之儀,14228,周紫芝,文學交往,致書Y|被致書由Y
19869,李亮工,3767,蘇軾,其他,從Y遊|從遊者為Y|致書Y|被致書由Y
3490,李中行,3767,蘇軾,師生,為Y之門人|門人為Y
40354,釋寶覺,3767,蘇軾,其他,為Y作畫贊(畫像記)|畫贊(畫像記)由Y所作|致書Y|被致書由Y
42408,孟德,3767,蘇軾,文學交往,書跋由Y所作|為Y所著書作跋
42408,孟德,1493,蘇轍,其他,傳記作者為Y|為Y作傳
1449,沈遘,3767,蘇軾,其他,建築物得到Y的題詠、記、命名|書序由Y所作|為Y之建築物題詠、記、命名|為Y所著書作序
1449,沈遘,1762,王安石,其他,墓誌銘由Y所作|為Y作墓誌銘|為Y作祭文|祭文由Y所作
1449,沈遘,3595,劉克莊,文學交往,書跋由Y所作|為Y所著書作跋
1449,沈遘,3580,劉敞,文學交往,致書Y|被致書由Y
42409,邵琥,3767,蘇軾,其他,受到Y拜訪|拜訪
11691,王彭,3767,蘇軾,其他,哀辭由Y所作|為Y作哀辭
38315,王齊愈,3767,蘇軾,文學交往,致書Y|被致書由Y
1453,沈遼,1762,王安石,其他,不合|其政策被Y反對/不支持|反對/不支持Y的政策|欣賞/器重|被Y欣賞/器重
1453,沈遼,1453,沈遼,其他,為Y作畫贊(畫像記)|畫贊(畫像記)由Y所作
1453,沈遼,3767,蘇軾,文學交往,致書Y|被致書由Y
1488,司馬光,10173,文同,友人,友|收到Y的贈詩、文|致書Y|被致書由Y|贈詩、文
1488,司馬光,22106,聞人安道,友人,友
1488,司馬光,15941,孔宗翰,其他,推薦|與Y旅遊|被Y推薦
1488,司馬光,8085,林希,其他,反對/攻訐|遭到Y的反對/攻訐
1488,司馬光,1493,蘇轍,師生,學生為Y|書序由Y所作|為Y之學生|為Y作祭文|為Y所著書作序|祭文由Y所作
1488,司馬光,3624,樓鑰,文學交往,書序由Y所作|書跋由Y所作|為Y所著書作序|為Y所著書作跋
1488,司馬光,1953,文彥博,其他,世系碑記由Y所作|同會|建築物得到Y的題詠、記、命名|書序由Y所作|為Y之建築物題詠、記、命名|為Y作世系碑記|為Y所著書作序|致書Y|被致書由Y
1488,司馬光,20419,劉恕,其他,合撰(編)著作|書序由Y所作|某事由Y所乞|為Y乞某事|為Y所著書作序|致書Y|被致書由Y
1488,司馬光,3762,蘇洵,墓誌傳記,墓誌銘由Y所作|為Y作墓誌銘
1488,司馬光,3767,蘇軾,其他,上司為Y|下屬為Y|墓誌銘由Y所作|為Y作墓誌銘|為Y作神道碑|為Y作祭文|為Y作行狀|神道碑由Y所作|祭文由Y所作|致書Y|行狀由Y所作|被致書由Y
1488,司馬光,1759,汪應辰,文學交往,書跋由Y所作|為Y所著書作跋
1488,司馬光,3595,劉克莊,文學交往,書跋由Y所作|為Y所著書作跋
1488,司馬光,3640,陸游,文學交往,書跋由Y所作|為Y所著書作跋
1488,司馬光,4001,魏了翁,文學交往,書跋由Y所作|為Y所著書作跋
1488,司馬光,8062,許翰,文學交往,書跋由Y所作|為Y所著書作跋
1488,司馬光,8078,李綱,文學交往,書跋由Y所作|為Y所著書作跋
1488,司馬光,10084,吳澄,文學交往,書跋由Y所作|為Y所著書作跋
1488,司馬光,1762,王安石,其他,不合|收到Y的答書|答Y書|致書Y|被致書由Y
1488,司馬光,8043,范仲淹,其他,為Y作祭文|祭文由Y所作
1488,司馬光,1615,田錫,其他,為Y作碑陰|碑陰為Y所作
1488,司馬光,14228,周紫芝,其他,為Y作畫贊(畫像記)|畫贊(畫像記)由Y所作
1488,司馬光,28306,戴表元,其他,學記（書院記）由Y所作|為Y作學記（書院記）
50643,趙希元,3767,蘇軾,其他,欣賞/器重|被Y欣賞/器重
1493,蘇轍,16054,巢谷,其他,傳記作者為Y|友|為Y作傳
1493,蘇轍,42853,姜君弼,其他,欣賞/器重|被Y欣賞/器重
1493,蘇轍,26417,劉巨,師生,學生為Y|為Y之學生
1493,蘇轍,3767,蘇軾,其他,墓誌銘由Y所作|書序由Y所作|書跋由Y所作|為Y作墓誌銘|為Y作祭文|為Y所著書作序|為Y所著書作跋|祭文由Y所作|致書Y|被致書由Y
1493,蘇轍,22214,王適,文學交往,書序由Y所作|為Y所著書作序
1493,蘇轍,4001,魏了翁,文學交往,書跋由Y所作|為Y所著書作跋
1493,蘇轍,28306,戴表元,文學交往,書跋由Y所作|為Y所著書作跋
1493,蘇轍,52914,楊金蟬,其他,被Y養育|養育
1493,蘇轍,3762,蘇洵,其他,字說、名述由Y所作|為Y作字說、名述|為Y作祭文|祭文由Y所作
1493,蘇轍,26418,家勤國,其他,同學、同門
1493,蘇轍,1762,王安石,其他,其政策被Y反對/不支持|反對/不支持Y的政策
1493,蘇轍,10173,文同,其他,為Y作祭文|祭文由Y所作
1493,蘇轍,22215,王遹,其他,為Y作祭文|祭文由Y所作
1493,蘇轍,38457,文務光,其他,為Y作祭文|祭文由Y所作
1493,蘇轍,48614,黃寔,其他,為Y作祭文|祭文由Y所作
1493,蘇轍,53069,釋元淨,其他,佛寺記由Y所作|墓表由Y所作|為Y作佛寺記|為Y作墓表|為Y作祭文|祭文由Y所作
1493,蘇轍,1759,汪應辰,其他,著作被Y評論|評論Y之著作
38358,王祐,38360,率子廉,其他,受到Y拜訪|拜訪|推薦|被Y推薦
38358,王祐,3767,蘇軾,文學交往,收到Y的贈詩、文|贈詩、文
38359,王主簿,3767,蘇軾,其他,題Y之畫作|題畫詩文的作者為Y
38360,率子廉,3767,蘇軾,其他,傳記作者為Y|為Y作傳
1505,蘇舜元,1651,蔡襄,墓誌傳記,墓誌銘由Y所作|為Y作墓誌銘
1505,蘇舜元,3767,蘇軾,墓誌傳記,墓誌銘由Y所作|為Y作墓誌銘
1505,蘇舜元,28617,王惲,文學交往,書跋由Y所作|為Y所著書作跋
1505,蘇舜元,8043,范仲淹,文學交往,致書Y|被致書由Y
40419,釋懷璉,3767,蘇軾,其他,廟碑記由Y所作|建築物得到Y的題詠、記、命名|為Y之建築物題詠、記、命名|為Y作廟碑記|為Y作祭文|祭文由Y所作|致書Y|被致書由Y
40419,釋懷璉,1762,王安石,其他,佛寺記由Y所作|建築物得到Y的題詠、記、命名|為Y之建築物題詠、記、命名|為Y作佛寺記
40419,釋懷璉,1521,孫覺,文學交往,收到Y的答書|答Y書
13798,王直方,3767,蘇軾,友人,友
48614,黃寔,3767,蘇軾,文學交往,致書Y|被致書由Y
13802,程仁霸,3767,蘇軾,其他,傳記作者為Y|為Y作傳
1521,孫覺,1762,王安石,其他,友|恩主是Y|排擠|收到Y的答書|是Y的恩主|為Y作祭文|祭文由Y所作|答Y書|致書Y|被致書由Y|遭Y排擠
1521,孫覺,3767,蘇軾,其他,建築物得到Y的題詠、記、命名|為Y之建築物題詠、記、命名
1527,孫迥,3767,蘇軾,文學交往,致書Y|被致書由Y
38394,王德明,3767,蘇軾,其他,推薦|被Y推薦
3580,劉敞,3624,樓鑰,文學交往,書跋由Y所作|為Y所著書作跋
3580,劉敞,1762,王安石,文學交往,致書Y|被致書由Y
3580,劉敞,3767,蘇軾,文學交往,致書Y|被致書由Y
3580,劉敞,8116,蘇頌,文學交往,致書Y|被致書由Y
22021,王序,3767,蘇軾,文學交往,致書Y|被致書由Y
15878,閭丘孝終,3767,蘇軾,友人,友
3591,劉震孫,3595,劉克莊,其他,友|建築物得到Y的題詠、記、命名|為Y之建築物題詠、記、命名
3591,劉震孫,3767,蘇軾,其他,欣賞/器重|被Y欣賞/器重
1542,孫升,1762,王安石,其他,反對/攻訐|遭到Y的反對/攻訐
1542,孫升,3767,蘇軾,其他,反對/攻訐|遭到Y的反對/攻訐
44553,孫蒙正,3767,蘇軾,文學交往,致書Y|被致書由Y
3595,劉克莊,1651,蔡襄,文學交往,書跋由Y所作|為Y所著書作跋
3595,劉克莊,1760,王安禮,文學交往,書跋由Y所作|為Y所著書作跋
3595,劉克莊,1762,王安石,文學交往,書跋由Y所作|為Y所著書作跋
3595,劉克莊,1953,文彥博,文學交往,書跋由Y所作|為Y所著書作跋
3595,劉克莊,3640,陸游,文學交往,書跋由Y所作|為Y所著書作跋
3595,劉克莊,3676,米芾,其他,書、畫由Y作跋|書跋由Y所作|為Y之書、畫作跋|為Y所著書作跋
3595,劉克莊,3767,蘇軾,文學交往,書跋由Y所作|為Y所著書作跋
3595,劉克莊,3997,王禹偁,文學交往,書跋由Y所作|為Y所著書作跋
3595,劉克莊,8062,許翰,其他,書、畫由Y作跋|書跋由Y所作|為Y之書、畫作跋|為Y所著書作跋
3595,劉克莊,8078,李綱,其他,書、畫由Y作跋|書跋由Y所作|為Y之書、畫作跋|為Y所著書作跋
11793,孫洙,3767,蘇軾,友人,友
1555,孫永,8116,蘇頌,其他,墓誌銘由Y所作|欣賞/器重|為Y作墓誌銘|被Y欣賞/器重
1555,孫永,3767,蘇軾,文學交往,致書Y|被致書由Y
3624,樓鑰,1760,王安禮,文學交往,書序由Y所作|為Y所著書作序
3624,樓鑰,4001,魏了翁,文學交往,書序由Y所作|為Y所著書作序
3624,樓鑰,3767,蘇軾,文學交往,書跋由Y所作|為Y所著書作跋
3624,樓鑰,8043,范仲淹,其他,世系碑記由Y所作|建築物得到Y的題詠、記、命名|書跋由Y所作|為Y之建築物題詠、記、命名|為Y作世系碑記|為Y作祠記|為Y所著書作跋|祠記由Y所作
3624,樓鑰,8079,李光,其他,書、畫由Y作跋|書跋由Y所作|為Y之書、畫作跋|為Y所著書作跋
3624,樓鑰,10229,袁轂,文學交往,書跋由Y所作|為Y所著書作跋
3624,樓鑰,1762,王安石,其他,建築物得到Y的題詠、記、命名|為Y之建築物題詠、記、命名
38441,王世英,3767,蘇軾,其他,畫風師法Y|畫風為Y所師法
40496,釋法秀,3767,蘇軾,其他,佛寺記由Y所作|為Y作佛寺記|致書Y|被致書由Y
3640,陸游,3767,蘇軾,其他,書序由Y所作|書跋由Y所作|為Y作畫贊(畫像記)|為Y所著書作序|為Y所著書作跋|畫贊(畫像記)由Y所作
3640,陸游,1651,蔡襄,文學交往,書跋由Y所作|為Y所著書作跋
3640,陸游,1762,王安石,文學交往,書跋由Y所作|為Y所著書作跋
3640,陸游,3676,米芾,其他,書、畫由Y作跋|書跋由Y所作|為Y之書、畫作跋|為Y所著書作跋
3640,陸游,8043,范仲淹,其他,書、畫由Y作跋|書跋由Y所作|為Y之書、畫作跋|為Y所著書作跋
3640,陸游,8079,李光,其他,書、畫由Y作跋|書跋由Y所作|為Y之書、畫作跋|為Y所著書作跋
3640,陸游,8098,陸佃,文學交往,書跋由Y所作|為Y所著書作跋
3640,陸游,8116,蘇頌,文學交往,書跋由Y所作|為Y所著書作跋
3640,陸游,28306,戴表元,文學交往,書跋由Y所作|為Y所著書作跋
44601,孫勰,3767,蘇軾,師生,學生為Y|從Y學|教授Y|為Y之學生|致書Y|被致書由Y
38457,文務光,3767,蘇軾,文學交往,致書Y|被致書由Y
67133,李紹,3767,蘇軾,文學交往,書序由Y所作|為Y所著書作序
38469,水丘仙夫,3767,蘇軾,其他,為Y作臨別贈言(送別詩、序)|臨別得到Y所作贈言(送別詩、序)
15941,孔宗翰,3767,蘇軾,文學交往,書序由Y所作|書跋由Y所作|為Y所著書作序|為Y所著書作跋
1615,田錫,3767,蘇軾,文學交往,書序由Y所作|為Y所著書作序
1615,田錫,8043,范仲淹,墓誌傳記,墓誌銘由Y所作|為Y作墓誌銘
1615,田錫,14299,李廌,其他,建築物得到Y的題詠、記、命名|為Y之建築物題詠、記、命名
3672,毛滂,3767,蘇軾,其他,推薦|收到Y的答書|答Y書|致書Y|被Y推薦|被致書由Y
3672,毛滂,1707,曾布,文學交往,致書Y|被致書由Y
3672,毛滂,8098,陸佃,文學交往,致書Y|被致書由Y
22106,聞人安道,3767,蘇軾,友人,友
3676,米芾,1651,蔡襄,文學交往,書跋由Y所作|為Y所著書作跋|致書Y|被致書由Y
3676,米芾,3767,蘇軾,文學交往,收到Y的答書|書跋由Y所作|為Y所著書作跋|答Y書|致書Y|被致書由Y
3676,米芾,20450,劉季孫,文學交往,書跋由Y所作|為Y所著書作跋
3676,米芾,8078,李綱,其他,書、畫由Y作跋|書跋由Y所作|為Y之書、畫作跋|為Y所著書作跋
3676,米芾,28617,王惲,其他,書、畫由Y作跋|書跋由Y所作|為Y之書、畫作跋|為Y所著書作跋
3676,米芾,1648,蔡肇,文學交往,致書Y|被致書由Y
3676,米芾,18299,趙叔盎,文學交往,致書Y|被致書由Y
30304,何去非,3767,蘇軾,文學交往,致書Y|被致書由Y
1635,刁約,8116,蘇頌,文學交往,書序由Y所作|為Y所著書作序
1635,刁約,4001,魏了翁,文學交往,書跋由Y所作|為Y所著書作跋
1635,刁約,1762,王安石,其他,為Y作祭文|祭文由Y所作
1635,刁約,3767,蘇軾,其他,為Y作祭文|祭文由Y所作|致書Y|被致書由Y
42600,周文炳,3767,蘇軾,其他,為Y作硯銘|硯銘由Y所作
1645,蔡承禧,8116,蘇頌,其他,墓誌銘由Y所作|為Y作墓誌銘|為Y作祭文|祭文由Y所作
1645,蔡承禧,3767,蘇軾,其他,為Y作祭文|祭文由Y所作|致書Y|被致書由Y
1648,蔡肇,1762,王安石,師生,學生為Y|收到Y的答書|為Y之學生|答Y書
1648,蔡肇,3767,蘇軾,其他,從Y遊|從遊者為Y
1651,蔡襄,8116,蘇頌,文學交往,書跋由Y所作|為Y所著書作跋
1651,蔡襄,28617,王惲,文學交往,書跋由Y所作|為Y所著書作跋
1651,蔡襄,8043,范仲淹,其他,建築物得到Y的題詠、記、命名|為Y之建築物題詠、記、命名|為Y作祭文|祭文由Y所作
1651,蔡襄,1828,王益柔,其他,為Y作臨別贈言(送別詩、序)|臨別得到Y所作贈言(送別詩、序)
1651,蔡襄,3767,蘇軾,文學交往,致書Y|被致書由Y
1651,蔡襄,2020,楊蟠,文學交往,致書Y|被致書由Y
99963,王寧,3767,蘇軾,文學交往,收到Y的答書|答Y書
28306,戴表元,3767,蘇軾,其他,書跋由Y所作|為Y作畫贊(畫像記)|為Y所著書作跋|畫贊(畫像記)由Y所作
16026,秦覯,3767,蘇軾,文學交往,收到Y的贈詩、文|贈詩、文
40606,李翔,3767,蘇軾,其他,相識
1700,曾孝蘊,3767,蘇軾,文學交往,致書Y|被致書由Y
1707,曾布,8078,李綱,其他,傳記作者為Y|為Y作傳
1707,曾布,3767,蘇軾,文學交往,致書Y|被致書由Y
1707,曾布,8136,曾公亮,文學交往,致書Y|被致書由Y
1707,曾布,1762,王安石,其他,得罪Y|被Y得罪
52908,任採蓮(蘇軾乳母),3767,蘇軾,其他,被Y養育|養育
16047,杜沂,3767,蘇軾,文學交往,致書Y|被致書由Y
16048,杜俁,3767,蘇軾,其他,友|從Y遊|從遊者為Y
3761,蘇序,3762,蘇洵,其他,傳記作者為Y|為Y作傳
3761,蘇序,3767,蘇軾,墓誌傳記,為Y作行狀|行狀由Y所作
3762,蘇洵,44956,孫鼛,師生,為Y之門人|致書Y|被致書由Y|門人為Y
3762,蘇洵,3767,蘇軾,其他,字說、名述由Y所作|建築物得到Y的題詠、記、命名|書序由Y所作|為Y之建築物題詠、記、命名|為Y作字說、名述|為Y作硯銘|為Y所著書作序|硯銘由Y所作
3762,蘇洵,1953,文彥博,文學交往,致書Y|被致書由Y
52914,楊金蟬,3767,蘇軾,墓誌傳記,墓誌銘由Y所作|為Y作墓誌銘
3766,蘇不欺,3767,蘇軾,其他,為Y作祭文|祭文由Y所作
16054,巢谷,3767,蘇軾,友人,友|書序由Y所作|為Y所著書作序|致書Y|被致書由Y
3767,蘇軾,52951,釋戒,友人,友
3767,蘇軾,53209,釋仲殊,友人,友
3767,蘇軾,3849,丁隲,其他,推薦|被Y推薦
3767,蘇軾,20450,劉季孫,其他,推薦|收到Y的答書|答Y書|被Y推薦
3767,蘇軾,24489,單鍔,其他,推薦|被Y推薦
3767,蘇軾,427910,郭景脩,其他,推薦|被Y推薦
3767,蘇軾,1748,董敦逸,其他,反對/攻訐|遭到Y的反對/攻訐
3767,蘇軾,14299,李廌,師生,以文章、學問受知於|學生為Y|從Y遊|從遊者為Y|收到Y的答書|文風為Y所稱道|書序由Y所作|為Y之學生|為Y所著書作序|稱道Y之文章、學問|稱道Y之文風|答Y書|致書Y|被致書由Y
3767,蘇軾,40844,杜輿,師生,字說、名述由Y所作|學生為Y|書跋由Y所作|為Y之學生|為Y作字說、名述|為Y所著書作跋|致書Y|被致書由Y
3767,蘇軾,42853,姜君弼,師生,學生為Y|從Y學|教授Y|為Y之學生|致書Y|被致書由Y
3767,蘇軾,26417,劉巨,師生,學生為Y|為Y之學生
3767,蘇軾,1760,王安禮,其他,得到Y的支持|支持
3767,蘇軾,1881,王素,其他,書序由Y所作|為Y作畫贊(畫像記)|為Y作齋、堂銘|為Y所著書作序|畫贊(畫像記)由Y所作|致書Y|被致書由Y|齋、堂銘由Y所作
3767,蘇軾,4001,魏了翁,文學交往,書序由Y所作|書跋由Y所作|為Y所著書作序|為Y所著書作跋
3767,蘇軾,3956,王祜,文學交往,書序由Y所作|為Y所著書作序
3767,蘇軾,8043,范仲淹,文學交往,書序由Y所作|為Y所著書作序
3767,蘇軾,11963,許安仁,其他,從Y學|教授Y|為Y學派的成員|該學派的成員為Y
3767,蘇軾,8022,趙槩,墓誌傳記,墓誌銘由Y所作|為Y作墓誌銘|為Y作神道碑|神道碑由Y所作
3767,蘇軾,22214,王適,其他,墓誌銘由Y所作|從Y遊|從遊者為Y|為Y作墓誌銘
3767,蘇軾,1759,汪應辰,文學交往,書跋由Y所作|為Y所著書作跋
3767,蘇軾,3828,唐坰,其他,收藏品由Y作跋|書跋由Y所作|為Y之收藏作跋|為Y所著書作跋|致書Y|被致書由Y
3767,蘇軾,38645,王奧,其他,收藏品由Y作跋|書跋由Y所作|為Y之收藏作跋|為Y所著書作跋
3767,蘇軾,51103,蒲永昇,其他,建築物得到Y的題詠、記、命名|書跋由Y所作|為Y之建築物題詠、記、命名|為Y所著書作跋
3767,蘇軾,53134,釋正信,文學交往,書跋由Y所作|為Y所著書作跋|致書Y|被致書由Y
3767,蘇軾,8062,許翰,文學交往,書跋由Y所作|為Y所著書作跋
3767,蘇軾,8078,李綱,文學交往,書跋由Y所作|為Y所著書作跋
3767,蘇軾,10084,吳澄,文學交往,書跋由Y所作|為Y所著書作跋
3767,蘇軾,28617,王惲,文學交往,書跋由Y所作|為Y所著書作跋
3767,蘇軾,22215,王遹,其他,從Y遊|從遊者為Y
3767,蘇軾,44809,孫勴,其他,從Y遊|從遊者為Y|致書Y|被致書由Y
3767,蘇軾,1863,王賞,其他,文風效法Y|文風為Y所效法
3767,蘇軾,8046,馮澥,其他,文風效法Y|文風為Y所效法
3767,蘇軾,10229,袁轂,其他,幕僚為Y|為Y之幕僚|相唱和
3767,蘇軾,118625,琴操,其他,稱道Y的詩作|詩作為Y所稱道
3767,蘇軾,1951,文勛,其他,字說、名述由Y所作|書之題詞由Y所作|為Y之書題詞|為Y作字說、名述
3767,蘇軾,10173,文同,其他,字說、名述由Y所作|建築物得到Y的題詠、記、命名|為Y之建築物題詠、記、命名|為Y作字說、名述|為Y作畫贊(畫像記)|為Y作祭文|畫贊(畫像記)由Y所作|祭文由Y所作|致書Y|被致書由Y
3767,蘇軾,1821,王誨,其他,相識
3767,蘇軾,38678,石汝礪,其他,論學
3767,蘇軾,43007,羅適,其他,論學
3767,蘇軾,1751,董鉞,其他,相唱和
3767,蘇軾,2020,楊蟠,其他,相唱和
3767,蘇軾,18299,趙叔盎,其他,相唱和
3767,蘇軾,53069,釋元淨,其他,佛寺記由Y所作|匾額、器銘由Y所篆|為Y作佛寺記|為Y作畫贊(畫像記)|為Y篆匾額、器銘|畫贊(畫像記)由Y所作|相唱和
3767,蘇軾,26418,家勤國,其他,同學、同門
3767,蘇軾,8127,狄青,其他,傳記作者為Y|為Y作傳
3767,蘇軾,1762,王安石,其他,其政策被Y反對/不支持|反對/不支持Y的政策|收到Y的答書|答Y書|致書Y|被致書由Y
3767,蘇軾,10226,趙崇絢,其他,為Y作祭文|祭文由Y所作
3767,蘇軾,24488,單錫,其他,喜爱|得到Y的喜爱|為Y作祭文|祭文由Y所作
3767,蘇軾,22342,吳琯,其他,收到Y的贈詩、文|為Y作臨別贈言(送別詩、序)|臨別得到Y所作贈言(送別詩、序)|贈詩、文
3767,蘇軾,52968,釋紀,其他,為Y作臨別贈言(送別詩、序)|臨別得到Y所作贈言(送別詩、序)
3767,蘇軾,26614,王沇之,其他,哀辭由Y所作|為Y作哀辭
3767,蘇軾,40658,釋應符,其他,佛寺記由Y所作|建築物得到Y的題詠、記、命名|為Y之建築物題詠、記、命名|為Y作佛寺記
3767,蘇軾,40662,釋應言,其他,佛寺記由Y所作|建築物得到Y的題詠、記、命名|為Y之建築物題詠、記、命名|為Y作佛寺記
3767,蘇軾,52961,釋明,其他,佛寺記由Y所作|為Y作佛寺記|為Y作齋、堂銘|齋、堂銘由Y所作
3767,蘇軾,40777,李頎,其他,與Y遊
3767,蘇軾,20281,劉燾,其他,以文章、學問受知於|收到Y的答書|稱道Y之文章、學問|答Y書
3767,蘇軾,1953,文彥博,其他,建築物得到Y的題詠、記、命名|為Y之建築物題詠、記、命名|為Y作齋、堂銘|致書Y|被致書由Y|齋、堂銘由Y所作
3767,蘇軾,53002,釋了元,其他,受到Y拜訪|拜訪|收到Y的答書|為Y作畫贊(畫像記)|畫贊(畫像記)由Y所作|答Y書|致書Y|被致書由Y
3767,蘇軾,53114,釋可久,其他,受到Y拜訪|拜訪
3767,蘇軾,53104,釋仁濟,其他,書風為Y所模仿|模仿Y的書風
3767,蘇軾,3997,王禹偁,其他,為Y作畫贊(畫像記)|畫贊(畫像記)由Y所作
3767,蘇軾,14228,周紫芝,其他,為Y作畫贊(畫像記)|畫贊(畫像記)由Y所作|著作被Y評論|評論Y之著作
3767,蘇軾,1840,王古,文學交往,致書Y|被致書由Y
3767,蘇軾,1889,王讜,文學交往,致書Y|被致書由Y
3767,蘇軾,1977,吳亮,文學交往,致書Y|被致書由Y
3767,蘇軾,2000,楊景略,文學交往,致書Y|被致書由Y
3767,蘇軾,2007,楊繪,其他,建築物得到Y的題詠、記、命名|為Y之建築物題詠、記、命名|致書Y|被致書由Y
3767,蘇軾,8085,林希,文學交往,致書Y|被致書由Y
3767,蘇軾,8098,陸佃,文學交往,致書Y|被致書由Y
3767,蘇軾,8116,蘇頌,文學交往,致書Y|被致書由Y
3767,蘇軾,8126,鄧潤甫,文學交往,致書Y|被致書由Y
3767,蘇軾,8136,曾公亮,文學交往,致書Y|被致書由Y
3767,蘇軾,10101,龐安時,文學交往,收到Y的答書|答Y書|致書Y|被致書由Y
3767,蘇軾,20419,劉恕,文學交往,致書Y|被致書由Y
3767,蘇軾,20457,劉羲仲,文學交往,致書Y|被致書由Y
3767,蘇軾,26404,家定國,文學交往,致書Y|被致書由Y
3767,蘇軾,26415,家安國,文學交往,致書Y|被致書由Y
3767,蘇軾,36700,蘇千乘,文學交往,致書Y|被致書由Y
3767,蘇軾,36701,蘇千之,文學交往,致書Y|被致書由Y
3767,蘇軾,44956,孫鼛,文學交往,致書Y|被致書由Y
3767,蘇軾,47008,張天驥,其他,建築物得到Y的題詠、記、命名|為Y之建築物題詠、記、命名|致書Y|被致書由Y
3767,蘇軾,47041,張正己,文學交往,致書Y|被致書由Y
3767,蘇軾,120585,上官彝,文學交往,致書Y|被致書由Y
3767,蘇軾,1828,王益柔,文學交往,收到Y的答書|答Y書
3767,蘇軾,3806,宋子房,文學交往,收到Y的答書|答Y書
3767,蘇軾,51148,潘谷,文學交往,收到Y的贈詩、文|贈詩、文
3767,蘇軾,1789,王兢,其他,建築物得到Y的題詠、記、命名|為Y之建築物題詠、記、命名
3767,蘇軾,8079,李光,其他,建築物得到Y的題詠、記、命名|為Y之建築物題詠、記、命名
3767,蘇軾,8118,孫沔,其他,建築物得到Y的題詠、記、命名|為Y之建築物題詠、記、命名
3767,蘇軾,8145,王舉正,其他,建築物得到Y的題詠、記、命名|為Y之建築物題詠、記、命名
3767,蘇軾,46862,張碩,其他,建築物得到Y的題詠、記、命名|為Y之建築物題詠、記、命名
3767,蘇軾,34751,李流芳,其他,畫風師法Y|畫風為Y所師法
3767,蘇軾,38725,田白,其他,畫風師法Y|畫風為Y所師法
3767,蘇軾,118722,春娘,其他,婢為Y|為Y之婢
1759,汪應辰,1762,王安石,文學交往,書跋由Y所作|為Y所著書作跋
1759,汪應辰,8085,林希,文學交往,書跋由Y所作|為Y所著書作跋
1759,汪應辰,26614,王沇之,文學交往,書跋由Y所作|為Y所著書作跋
1762,王安石,3828,唐坰,其他,反對/攻訐|推薦|被Y推薦|遭到Y的反對/攻訐
1762,王安石,26614,王沇之,師生,學生為Y|從Y學|教授Y|為Y之學生
1762,王安石,38678,石汝礪,其他,其學為Y所排|排Y之學|排擠|遭Y排擠
1762,王安石,4001,魏了翁,文學交往,書序由Y所作|書跋由Y所作|為Y所著書作序|為Y所著書作跋
1762,王安石,10084,吳澄,文學交往,書序由Y所作|為Y所著書作序
1762,王安石,8098,陸佃,其他,傳經於Y|受經於Y|書跋由Y所作|為Y作祭文|為Y所著書作跋|祭文由Y所作
1762,王安石,20450,劉季孫,其他,稱道Y的詩作|詩作為Y所稱道
1762,王安石,1953,文彥博,其他,忌/惡|收到Y的答書|為Y所忌/惡|答Y書|致書Y|被致書由Y
1762,王安石,20419,劉恕,其他,拒絕在Y主政的政府中任職|拒絕在Y的主政期出仕
1762,王安石,26418,家勤國,其他,其學為Y所排|其政策被Y反對/不支持|反對/不支持Y的政策|排Y之學
1762,王安石,8043,范仲淹,其他,為Y作祭文|祭文由Y所作
1762,王安石,8136,曾公亮,其他,同僚|為Y作祭文|祭文由Y所作|致書Y|被致書由Y
1762,王安石,8118,孫沔,文學交往,收到Y的答書|答Y書|致書Y|被致書由Y
1762,王安石,2020,楊蟠,文學交往,致書Y|被致書由Y
1762,王安石,44956,孫鼛,文學交往,收到Y的答書|答Y書
1762,王安石,2007,楊繪,其他,得罪Y|被Y得罪
1762,王安石,8079,李光,其他,上奏論Y|被Y奏論
26415,家安國,8043,范仲淹,其他,世系碑記由Y所作|為Y作世系碑記
26417,劉巨,26418,家勤國,師生,學生為Y|從Y遊|從遊者為Y|為Y之學生
1881,王素,1953,文彥博,其他,挽詩、詞由Y所作|為Y作挽詩、詞
10084,吳澄,1953,文彥博,文學交往,書跋由Y所作|為Y所著書作跋
10084,吳澄,4001,魏了翁,文學交往,書跋由Y所作|為Y所著書作跋
10084,吳澄,8043,范仲淹,文學交往,書跋由Y所作|為Y所著書作跋
10084,吳澄,10084,吳澄,其他,向Y致賀|壙記由Y所作|從Y處收到賀詞 (occasion)|為Y作壙記
8043,范仲淹,8127,狄青,其他,從Y學|恩主是Y|教授Y|是Y的恩主
8043,范仲淹,8062,許翰,其他,書、畫由Y作跋|書跋由Y所作|為Y之書、畫作跋|為Y所著書作跋
8043,范仲淹,14228,周紫芝,文學交往,書跋由Y所作|為Y所著書作跋
8043,范仲淹,8078,李綱,其他,傳記作者為Y|為Y作傳
8043,范仲淹,8116,蘇頌,其他,為Y作祭文|祭文由Y所作
8043,范仲淹,28617,王惲,其他,為Y作畫贊(畫像記)|畫贊(畫像記)由Y所作
8043,范仲淹,8118,孫沔,文學交往,致書Y|被致書由Y
8046,馮澥,8078,李綱,其他,排擠|遭Y排擠
8046,馮澥,1953,文彥博,文學交往,致書Y|被致書由Y
8062,許翰,8078,李綱,其他,書跋由Y所作|為Y作祭文|為Y所著書作跋|祭文由Y所作|致書Y|被致書由Y
427910,郭景脩,8085,林希,其他,上司為Y|下屬為Y
8078,李綱,8079,李光,文學交往,致書Y|被致書由Y
8079,李光,14228,周紫芝,其他,佛寺記由Y所作|為Y作佛寺記
14228,周紫芝,14299,李廌,文學交往,書跋由Y所作|為Y所著書作跋
8085,林希,8116,蘇頌,文學交往,致書Y|被致書由Y
3997,王禹偁,8116,蘇頌,文學交往,書序由Y所作|為Y所著書作序
4001,魏了翁,1953,文彥博,文學交往,書跋由Y所作|為Y所著書作跋
4001,魏了翁,10173,文同,文學交往,書跋由Y所作|為Y所著書作跋
1953,文彥博,8116,蘇頌,文學交往,致書Y|被致書由Y
8098,陸佃,8118,孫沔,墓誌傳記,墓誌銘由Y所作|為Y作墓誌銘
8098,陸佃,8116,蘇頌,其他,為Y作祭文|祭文由Y所作
8116,蘇頌,2000,楊景略,墓誌傳記,墓誌銘由Y所作|為Y作墓誌銘
8116,蘇頌,8145,王舉正,其他,為Y作祭文|祭文由Y所作
8136,曾公亮,2007,楊繪,其他,得罪Y|被Y得罪
28617,王惲,28617,王惲,其他,世系碑記由Y所作|哀辭由Y所作|墓表由Y所作|墓誌銘由Y所作|字說、名述由Y所作|收到Y的啓|為Y之詩文作跋|為Y作世系碑記|為Y作哀辭|為Y作墓表|為Y作墓誌銘|為Y作字說、名述|為Y作畫贊(畫像記)|為Y作祭文|畫贊(畫像記)由Y所作|祭文由Y所作|致Y啓|詩文跋由Y所作
